action,book_side,count_fp,created_time,fee_cost,fill_id,is_taker,market_ticker,no_price_dollars,order_id,outcome_side,side,subaccount_number,ticker,trade_id,ts,yes_price_dollars
buy,bid,4.00,2026-07-02T13:03:04.910012Z,0.020700,e7c4476b-adff-7464-8f7a-0af6a042c54e,True,KXGOLDD-26JUL0217-T4055,0.0800,54dbc1de-25ba-4d82-8d2b-3cedeaffb31d,yes,yes,0,KXGOLDD-26JUL0217-T4055,e7c4476b-adff-7464-8f7a-0af6a042c54e,1782997384,0.9200
buy,bid,1.00,2026-07-02T13:03:04.910012Z,0.006900,69d570d4-1263-71cc-b9ce-ef71097ba286,True,KXGOLDD-26JUL0217-T4055,0.1100,54dbc1de-25ba-4d82-8d2b-3cedeaffb31d,yes,yes,0,KXGOLDD-26JUL0217-T4055,69d570d4-1263-71cc-b9ce-ef71097ba286,1782997384,0.8900
sell,ask,5.00,2026-07-02T13:02:55.195936Z,0.034300,762c90b9-ab9d-5cda-7df6-d556dce9b109,True,KXGOLDD-26JUL0217-T4065,0.1100,77e253b5-16b9-47fa-babc-b0cf0cdbc374,no,no,0,KXGOLDD-26JUL0217-T4065,762c90b9-ab9d-5cda-7df6-d556dce9b109,1782997375,0.8900
buy,bid,0.05,2026-07-02T13:02:19.312189Z,0.000600,7eb5c584-de7a-4113-c84f-af1a96cf0567,True,KXGOLDD-26JUL0217-T4085,0.2000,fc40817c-a94e-433e-9143-e4b99c700907,yes,yes,0,KXGOLDD-26JUL0217-T4085,7eb5c584-de7a-4113-c84f-af1a96cf0567,1782997339,0.8000
buy,bid,2.95,2026-07-02T13:02:19.312189Z,0.030500,6e498c77-e2bd-4be5-cdb4-a3779188f48b,True,KXGOLDD-26JUL0217-T4085,0.1800,fc40817c-a94e-433e-9143-e4b99c700907,yes,yes,0,KXGOLDD-26JUL0217-T4085,6e498c77-e2bd-4be5-cdb4-a3779188f48b,1782997339,0.8200
buy,bid,4.00,2026-07-02T13:02:12.462334Z,0.041400,34806157-f071-4695-76a4-2f589d6a4e92,True,KXGOLDD-26JUL0217-T4075,0.1800,b361e0af-19a1-4082-b1d7-dee01c5f031f,yes,yes,0,KXGOLDD-26JUL0217-T4075,34806157-f071-4695-76a4-2f589d6a4e92,1782997332,0.8200
buy,bid,4.00,2026-07-02T13:01:58.56687Z,0.025200,75233bb0-102a-7889-a415-5d019c6cfb54,True,KXGOLDD-26JUL0217-T4065,0.1000,ff2a1a67-ff51-4c63-8194-33e8cc13523e,yes,yes,0,KXGOLDD-26JUL0217-T4065,75233bb0-102a-7889-a415-5d019c6cfb54,1782997318,0.9000
buy,bid,1.00,2026-07-02T13:01:58.56687Z,0.006900,699c5943-592f-7fd2-8ed6-54a56672b8aa,True,KXGOLDD-26JUL0217-T4065,0.1100,ff2a1a67-ff51-4c63-8194-33e8cc13523e,yes,yes,0,KXGOLDD-26JUL0217-T4065,699c5943-592f-7fd2-8ed6-54a56672b8aa,1782997318,0.8900
buy,ask,5.00,2026-07-02T12:53:30.840205Z,0.063900,0a7e228c-7b12-7f01-3417-3744675c5282,True,KXGOLDD-26JUL0217-T4155,0.7600,73c86dd8-1afd-4dfd-a6f9-53cf976f6280,no,no,0,KXGOLDD-26JUL0217-T4155,0a7e228c-7b12-7f01-3417-3744675c5282,1782996810,0.2400
buy,ask,4.00,2026-07-02T12:53:22.64891Z,0.065300,aa3fdc05-193d-688d-d863-b6509f03a427,True,KXGOLDD-26JUL0217-T4145,0.6300,f76cb540-e0b7-49c5-99e1-0e2d34da45cb,no,no,0,KXGOLDD-26JUL0217-T4145,aa3fdc05-193d-688d-d863-b6509f03a427,1782996802,0.3700
buy,ask,4.00,2026-07-02T12:53:05.364532Z,0.066700,7784d198-eb5d-57ed-4eab-3a756fdbfb79,True,KXGOLDD-26JUL0217-T4135,0.6100,22a24516-f293-4442-b46a-07a90ccc55c1,no,no,0,KXGOLDD-26JUL0217-T4135,7784d198-eb5d-57ed-4eab-3a756fdbfb79,1782996785,0.3900
buy,bid,10.00,2026-07-01T20:58:59.532449Z,0.020400,3f219429-2210-6ae3-0bd0-464b9c929795,True,KXGOLDD-26JUL0117-T4029,0.0300,9f1b0870-73fd-4b02-adf0-141091b636fe,yes,yes,0,KXGOLDD-26JUL0117-T4029,3f219429-2210-6ae3-0bd0-464b9c929795,1782939539,0.9700
buy,ask,15.00,2026-07-01T20:07:32.910076Z,0.196900,c78d2bdb-4625-4912-57a4-b80522c9d69d,True,KXGOLDD-26JUL0117-T4039,0.7500,fe2b9942-a461-425b-b65e-5df5509d9318,no,no,0,KXGOLDD-26JUL0117-T4039,c78d2bdb-4625-4912-57a4-b80522c9d69d,1782936452,0.2500
sell,ask,6.00,2026-07-01T20:07:07.254894Z,0.100000,f0177e13-a890-4b5e-357b-8b5913e68f0b,True,KXGOLDD-26JUL0117-T4029,0.3900,efc026b6-8013-42c8-a8fb-bd7f7a989e3d,no,no,0,KXGOLDD-26JUL0117-T4029,f0177e13-a890-4b5e-357b-8b5913e68f0b,1782936427,0.6100
buy,bid,6.00,2026-07-01T20:04:16.113651Z,0.089900,af45316d-8dcd-61f0-f07f-7ee29ad7b659,True,KXGOLDD-26JUL0117-T4029,0.3100,22a41291-917c-4b88-92e2-d2dc0b7f1aad,yes,yes,0,KXGOLDD-26JUL0117-T4029,af45316d-8dcd-61f0-f07f-7ee29ad7b659,1782936256,0.6900
buy,ask,3.00,2026-07-01T20:03:27.788436Z,0.018900,12a873e6-e8ad-7b89-5a77-a58f46786e86,True,KXGOLDD-26JUL0117-T4049,0.9000,ebca559e-6c04-4d95-bf04-d6d98e0cdcfd,no,no,0,KXGOLDD-26JUL0117-T4049,12a873e6-e8ad-7b89-5a77-a58f46786e86,1782936207,0.1000
sell,ask,1.00,2026-07-01T19:51:53.037233Z,0.017400,e20eb859-156e-6794-2881-73bac15d00ae,True,KXGOLDD-26JUL0117-T4049,0.5400,44a842cd-752b-4a6e-a9b7-d2c379d808a0,no,no,0,KXGOLDD-26JUL0117-T4049,e20eb859-156e-6794-2881-73bac15d00ae,1782935513,0.4600
sell,ask,1.00,2026-07-01T19:51:53.037233Z,0.017400,46f634ad-b9d5-6bf5-129f-3dc7ccc3ff61,True,KXGOLDD-26JUL0117-T4049,0.5400,44a842cd-752b-4a6e-a9b7-d2c379d808a0,no,no,0,KXGOLDD-26JUL0117-T4049,46f634ad-b9d5-6bf5-129f-3dc7ccc3ff61,1782935513,0.4600
sell,ask,1.00,2026-07-01T19:51:53.037233Z,0.017400,3d1514dc-45d0-6b3b-0fc9-8736af167f3a,True,KXGOLDD-26JUL0117-T4049,0.5400,44a842cd-752b-4a6e-a9b7-d2c379d808a0,no,no,0,KXGOLDD-26JUL0117-T4049,3d1514dc-45d0-6b3b-0fc9-8736af167f3a,1782935513,0.4600
sell,ask,2.00,2026-07-01T19:24:27.462722Z,0.035000,21a28c2e-b463-545c-118d-01c25f4f075d,True,KXGOLDD-26JUL0117-T4059,0.5000,625ae2bc-2267-47ff-afd5-ebca3b06fe78,no,no,0,KXGOLDD-26JUL0117-T4059,21a28c2e-b463-545c-118d-01c25f4f075d,1782933867,0.5000
buy,ask,2.00,2026-07-01T19:20:45.919514Z,0.030000,94f484f8-fa95-514f-1a2b-486de077b8d9,True,KXGOLDD-26JUL0117-T4069,0.6900,41aca342-c65a-4781-a23f-50a98896089c,no,no,0,KXGOLDD-26JUL0117-T4069,94f484f8-fa95-514f-1a2b-486de077b8d9,1782933645,0.3100
buy,bid,2.00,2026-07-01T19:09:46.637107Z,0.010400,fada88f3-9dac-6acf-9033-1d93e22bde59,True,KXGOLDD-26JUL0117-T4089,0.9200,79c34e4b-7464-4ab4-8e47-7e6c77fd1654,yes,yes,0,KXGOLDD-26JUL0117-T4089,fada88f3-9dac-6acf-9033-1d93e22bde59,1782932986,0.0800
buy,bid,1.00,2026-07-01T19:02:53.372348Z,0.011200,46136d1a-124f-7e23-d166-810d4158ba01,True,KXGOLDD-26JUL0117-T4079,0.8000,8258a538-8cf5-4f43-994c-801773d60add,yes,yes,0,KXGOLDD-26JUL0117-T4079,46136d1a-124f-7e23-d166-810d4158ba01,1782932573,0.2000
sell,ask,1.00,2026-07-01T18:40:13.036598Z,0.016800,19490c60-3c13-6864-d1b3-7da2c2598095,True,KXGOLDD-26JUL0117-T4069,0.6000,519b641d-048c-4baf-95d1-12a253775b14,no,no,0,KXGOLDD-26JUL0117-T4069,19490c60-3c13-6864-d1b3-7da2c2598095,1782931213,0.4000
sell,bid,2.00,2026-07-01T18:37:28.348379Z,0.004100,65bfb43f-4152-4c36-cd77-7a407e0470c1,True,KXGOLDD-26JUL0117-T4109,0.9700,f7584f78-76a0-4268-98dd-50cb2dafac47,yes,yes,0,KXGOLDD-26JUL0117-T4109,65bfb43f-4152-4c36-cd77-7a407e0470c1,1782931048,0.0300
sell,bid,3.00,2026-07-01T18:37:21.648815Z,0.004200,9b574730-a9d9-4b99-6ab3-f87f7418c77d,True,KXGOLDD-26JUL0117-T4129,0.9800,26e7c80e-0833-43fd-b924-391afea2f834,yes,yes,0,KXGOLDD-26JUL0117-T4129,9b574730-a9d9-4b99-6ab3-f87f7418c77d,1782931041,0.0200
sell,bid,1.00,2026-07-01T18:37:06.170418Z,0.001400,cb118468-1394-67ea-6886-508ec5233d32,True,KXGOLDD-26JUL0117-T4099,0.9800,1c0db707-50f1-4bc1-bdb4-2cfd0d46916a,yes,yes,0,KXGOLDD-26JUL0117-T4099,cb118468-1394-67ea-6886-508ec5233d32,1782931026,0.0200
buy,ask,1.00,2026-07-01T17:53:04.004201Z,0.016000,6972b216-38bc-63ee-1c2c-8fa6a101af3c,True,KXGOLDD-26JUL0117-T4079,0.6500,2f9bda89-45af-4a88-ac86-f2a80e302f01,no,no,0,KXGOLDD-26JUL0117-T4079,6972b216-38bc-63ee-1c2c-8fa6a101af3c,1782928384,0.3500
buy,ask,2.00,2026-07-01T17:52:50.093567Z,0.021600,00edf1a0-55a7-4ba3-d3ad-e1352c416546,True,KXGOLDD-26JUL0117-T4089,0.8100,b2ed35c4-094a-43e9-92d7-c3310ae75087,no,no,0,KXGOLDD-26JUL0117-T4089,00edf1a0-55a7-4ba3-d3ad-e1352c416546,1782928370,0.1900
buy,ask,1.00,2026-07-01T15:53:12.063172Z,0.006900,ed5af245-7a1a-6dcf-396f-119bdae704c0,True,KXGOLDD-26JUL0117-T4129,0.8900,9da94eff-ceba-48c2-a805-bedab7b5b436,no,no,0,KXGOLDD-26JUL0117-T4129,ed5af245-7a1a-6dcf-396f-119bdae704c0,1782921192,0.1100
buy,ask,2.00,2026-07-01T15:53:12.063172Z,0.010400,025496d1-66a1-6aa2-1cc4-048fd351fd27,True,KXGOLDD-26JUL0117-T4129,0.9200,9da94eff-ceba-48c2-a805-bedab7b5b436,no,no,0,KXGOLDD-26JUL0117-T4129,025496d1-66a1-6aa2-1cc4-048fd351fd27,1782921192,0.0800
buy,ask,2.00,2026-07-01T15:52:58.031878Z,0.023300,ca051b71-c1cd-46d3-57af-5484b4a1d2b3,True,KXGOLDD-26JUL0117-T4109,0.7900,12e2f21b-dd78-40bf-be72-a52ef36dfb61,no,no,0,KXGOLDD-26JUL0117-T4109,ca051b71-c1cd-46d3-57af-5484b4a1d2b3,1782921178,0.2100
buy,ask,1.00,2026-07-01T15:52:49.855991Z,0.015000,ad348ba9-f374-46bc-5092-eaf740bffc9d,True,KXGOLDD-26JUL0117-T4099,0.6900,c78d0b5c-5f6d-41e3-b58f-ba07aa895e57,no,no,0,KXGOLDD-26JUL0117-T4099,ad348ba9-f374-46bc-5092-eaf740bffc9d,1782921169,0.3100
buy,bid,3.00,2026-07-01T15:52:32.060001Z,0.020600,c785a373-ca07-5648-b37d-cf306e8abb24,True,KXGOLDD-26JUL0117-T4049,0.1100,c56a37e6-be1b-47cb-86ed-b9350ef8f1b4,yes,yes,0,KXGOLDD-26JUL0117-T4049,c785a373-ca07-5648-b37d-cf306e8abb24,1782921152,0.8900
buy,bid,1.00,2026-07-01T15:52:25.30031Z,0.014200,23bd24fb-f826-5e0b-01a1-9e6197622257,True,KXGOLDD-26JUL0117-T4069,0.2800,ef00de89-5f6f-44b9-a1e9-735090c4d793,yes,yes,0,KXGOLDD-26JUL0117-T4069,23bd24fb-f826-5e0b-01a1-9e6197622257,1782921145,0.7200
buy,bid,2.00,2026-07-01T15:52:18.150032Z,0.019800,219494d0-b126-4497-2795-02fb2dc06138,True,KXGOLDD-26JUL0117-T4059,0.1700,7db7e9e6-44f2-4355-a2b0-1bec8fa66c2f,yes,yes,0,KXGOLDD-26JUL0117-T4059,219494d0-b126-4497-2795-02fb2dc06138,1782921138,0.8300
sell,ask,1.00,2026-06-30T17:49:49.991258Z,0.014200,ff4e8950-0408-7ef3-17ea-fa038789f54f,True,KXBRENTD-26JUN3017-T73.50,0.7200,f41d2ca2-849e-4e0b-a914-37caeda6509e,no,no,0,KXBRENTD-26JUN3017-T73.50,ff4e8950-0408-7ef3-17ea-fa038789f54f,1782841789,0.2800
sell,bid,1.00,2026-06-30T16:14:45.089101Z,0.001400,8f7905f2-6442-5a5f-6e8e-a20c512a851c,True,KXWTI-26JUN3014-T71.99,0.9800,040abeae-d600-45a1-b11c-6b9c88a1e364,yes,yes,0,KXWTI-26JUN3014-T71.99,8f7905f2-6442-5a5f-6e8e-a20c512a851c,1782836085,0.0200
sell,ask,1.00,2026-06-30T16:14:39.286208Z,0.017200,e8d02b2f-d6d4-76ef-69ae-e56e255f03b9,True,KXWTI-26JUN3014-T69.99,0.4300,775da941-1ca6-4c2f-ba30-c2747439ed66,no,no,0,KXWTI-26JUN3014-T69.99,e8d02b2f-d6d4-76ef-69ae-e56e255f03b9,1782836079,0.5700
buy,ask,2.00,2026-06-30T15:52:26.148839Z,0.015900,cd5c4288-3ddb-7013-c828-23b12740b6d9,True,KXBRENTD-26JUN3017-T74.50,0.8700,eb2afab7-cf88-4f27-92ca-e068c03873cb,no,no,0,KXBRENTD-26JUN3017-T74.50,cd5c4288-3ddb-7013-c828-23b12740b6d9,1782834746,0.1300
sell,bid,2.00,2026-06-30T15:46:05.493539Z,0.005400,b90f4455-d522-7161-c323-ae175938d515,True,KXBRENTD-26JUN3017-T75.50,0.9600,ea93267a-d7b5-4ed5-9302-739d3980f1a7,yes,yes,0,KXBRENTD-26JUN3017-T75.50,b90f4455-d522-7161-c323-ae175938d515,1782834365,0.0400
sell,bid,1.00,2026-06-30T15:45:52.190335Z,0.002700,045daf3e-4d3e-425b-0076-0efdf470d823,True,KXBRENTD-26JUN3017-T75,0.9600,ec14bea1-0869-4020-aff8-fcc20284a70b,yes,yes,0,KXBRENTD-26JUN3017-T75,045daf3e-4d3e-425b-0076-0efdf470d823,1782834352,0.0400
buy,ask,1.00,2026-06-30T15:45:33.356639Z,0.015300,033170cd-3cc6-613d-c07b-8be836711a8c,True,KXBRENTD-26JUN3017-T74,0.6800,f7787991-4673-4902-9e51-b111b8a3d537,no,no,0,KXBRENTD-26JUN3017-T74,033170cd-3cc6-613d-c07b-8be836711a8c,1782834333,0.3200
buy,ask,1.00,2026-06-30T12:01:34.566727Z,0.013200,b447ac8c-41c2-4faf-c16c-cce3c0f2df2f,True,KXBRENTD-26JUN3017-T75,0.7500,01816244-198e-421e-9bd5-f17e2d4e50bc,no,no,0,KXBRENTD-26JUN3017-T75,b447ac8c-41c2-4faf-c16c-cce3c0f2df2f,1782820894,0.2500
buy,bid,1.00,2026-06-30T12:01:28.202284Z,0.009900,d76e4a54-3cf5-6154-84ca-935c0a593c22,True,KXBRENTD-26JUN3017-T73.50,0.1700,52a87b60-989c-491d-85be-f97f921bb6ba,yes,yes,0,KXBRENTD-26JUN3017-T73.50,d76e4a54-3cf5-6154-84ca-935c0a593c22,1782820888,0.8300
buy,ask,1.00,2026-06-30T11:54:37.088465Z,0.009500,e2c1ca59-0364-4f89-5818-bb49d5ccac3b,True,KXWTI-26JUN3014-T71.99,0.8400,f2a09fc3-ffa8-4289-b2d1-cc14396d28ca,no,no,0,KXWTI-26JUN3014-T71.99,e2c1ca59-0364-4f89-5818-bb49d5ccac3b,1782820477,0.1600
buy,bid,1.00,2026-06-30T11:54:27.794202Z,0.010400,94d4cd5e-3e15-4942-9cf8-d95100cb35ab,True,KXWTI-26JUN3014-T69.99,0.1800,7fcd849d-b3f0-4300-81ef-47c96fdb8ef3,yes,yes,0,KXWTI-26JUN3014-T69.99,94d4cd5e-3e15-4942-9cf8-d95100cb35ab,1782820467,0.8200
buy,ask,2.00,2026-06-30T11:53:41.870948Z,0.016900,780611ac-0017-579d-6c74-47b5ddf0cb09,True,KXBRENTD-26JUN3017-T75.50,0.8600,31aa27a3-eafc-4606-bcef-3d53c71e257c,no,no,0,KXBRENTD-26JUN3017-T75.50,780611ac-0017-579d-6c74-47b5ddf0cb09,1782820421,0.1400
buy,bid,2.00,2026-06-30T11:53:23.690492Z,0.012600,ff9c3a01-fa10-63d9-b483-a91b40bbd4eb,True,KXBRENTD-26JUN3017-T73,0.1000,242d32ba-270c-4a8a-8fc9-09147846e809,yes,yes,0,KXBRENTD-26JUN3017-T73,ff9c3a01-fa10-63d9-b483-a91b40bbd4eb,1782820403,0.9000
sell,bid,10.00,2026-06-25T19:15:42.993575Z,0.175000,4b5a5c99-aebd-6622-6fcf-6e45a17a558f,True,KXBRENTD-26JUN2517-T76,0.5000,acc31388-f4bf-48cc-b1de-6489e3b41ea6,yes,yes,0,KXBRENTD-26JUN2517-T76,4b5a5c99-aebd-6622-6fcf-6e45a17a558f,1782414942,0.5000
sell,bid,8.00,2026-06-25T19:15:35.813317Z,0.079100,eb4a12ad-c9a2-5477-483c-5db1a89e709b,True,KXBRENTD-26JUN2517-T75.50,0.1700,efbf5288-1e65-4782-b5e0-f65d39c90e50,yes,yes,0,KXBRENTD-26JUN2517-T75.50,eb4a12ad-c9a2-5477-483c-5db1a89e709b,1782414935,0.8300
sell,bid,10.00,2026-06-25T16:19:41.295976Z,0.175000,fa49740f-17d1-639c-7853-051d1fbf94f3,True,KXBRENTD-26JUN2517-T75,0.5000,eff3c4cb-2969-4a4a-b4cc-de5c1d712d58,yes,yes,0,KXBRENTD-26JUN2517-T75,fa49740f-17d1-639c-7853-051d1fbf94f3,1782404381,0.5000
buy,ask,10.00,2026-06-25T15:39:18.406372Z,0.094100,cd8c2bad-9e37-601f-3bee-b8f58ab735dd,True,KXBRENTD-26JUN2517-T76,0.8400,fe88cfab-0b71-4ab1-af27-e2285fd2a81e,no,no,0,KXBRENTD-26JUN2517-T76,cd8c2bad-9e37-601f-3bee-b8f58ab735dd,1782401958,0.1600
buy,ask,10.00,2026-06-25T15:32:20.200634Z,0.165000,0fb1dddd-1595-6e73-44f3-c56fbb816c05,True,KXBRENTD-26JUN2517-T75,0.6200,974a8033-97e0-4bb3-b4e6-7ef2be08dda1,no,no,0,KXBRENTD-26JUN2517-T75,0fb1dddd-1595-6e73-44f3-c56fbb816c05,1782401540,0.3800
buy,ask,8.00,2026-06-25T15:32:04.593185Z,0.105000,d258ce2e-aa70-75ce-eaa6-1452a0ba7920,True,KXBRENTD-26JUN2517-T75.50,0.7500,6015f2e8-b7e1-4c98-956a-a48155d6543e,no,no,0,KXBRENTD-26JUN2517-T75.50,d258ce2e-aa70-75ce-eaa6-1452a0ba7920,1782401524,0.2500
buy,bid,6.00,2026-06-25T12:07:59.754723Z,0.034400,c1a61082-31c8-7b6a-fb26-daa0592bf545,True,KXBRENTD-26JUN2517-T75.50,0.9100,aa56a45a-53fa-4d57-916a-3db30d6530fa,yes,yes,0,KXBRENTD-26JUN2517-T75.50,c1a61082-31c8-7b6a-fb26-daa0592bf545,1782389279,0.0900
buy,bid,4.00,2026-06-25T12:07:59.590264Z,0.046500,f9def259-e3c7-71eb-9dd9-8dc9ce3d89f4,True,KXBRENTD-26JUN2517-T74.50,0.7900,deab65ca-5cd4-4e78-8d31-8c3d26738f0b,yes,yes,0,KXBRENTD-26JUN2517-T74.50,f9def259-e3c7-71eb-9dd9-8dc9ce3d89f4,1782389279,0.2100
buy,bid,2.00,2026-06-25T12:07:59.406222Z,0.030000,c8c78221-7d3f-5784-e014-d95789ce755a,True,KXBRENTD-26JUN2517-T74,0.6900,1a7f148e-dd8e-446e-94b1-8d57c37d27eb,yes,yes,0,KXBRENTD-26JUN2517-T74,c8c78221-7d3f-5784-e014-d95789ce755a,1782389279,0.3100
buy,bid,1.00,2026-06-25T12:07:59.406222Z,0.014500,bba1f581-fb45-59db-c6b8-8b5ab4e619e8,True,KXBRENTD-26JUN2517-T74,0.7100,1a7f148e-dd8e-446e-94b1-8d57c37d27eb,yes,yes,0,KXBRENTD-26JUN2517-T74,bba1f581-fb45-59db-c6b8-8b5ab4e619e8,1782389279,0.2900
buy,bid,1.00,2026-06-25T12:07:59.406222Z,0.014500,12f2699a-88d8-594c-f546-f1eee7996f5e,True,KXBRENTD-26JUN2517-T74,0.7100,1a7f148e-dd8e-446e-94b1-8d57c37d27eb,yes,yes,0,KXBRENTD-26JUN2517-T74,12f2699a-88d8-594c-f546-f1eee7996f5e,1782389279,0.2900
buy,ask,4.00,2026-06-25T12:07:56.646215Z,0.043100,6ddcfaeb-f8e8-49e0-362c-477d0cd103b8,True,KXBRENTD-26JUN2517-T74.50,0.8100,564d81ac-8f7c-41b8-ab0f-8e47962b3c08,no,no,0,KXBRENTD-26JUN2517-T74.50,6ddcfaeb-f8e8-49e0-362c-477d0cd103b8,1782389276,0.1900
buy,ask,4.00,2026-06-25T12:07:43.979494Z,0.055200,5be7e2d3-38e1-4530-6c02-5a73689f16a6,True,KXBRENTD-26JUN2517-T74,0.7300,66a77e6e-0f73-4094-ba83-3435b63926d9,no,no,0,KXBRENTD-26JUN2517-T74,5be7e2d3-38e1-4530-6c02-5a73689f16a6,1782389263,0.2700
buy,bid,1.00,2026-06-25T09:00:03.868457Z,0.011700,edcd4943-6389-7308-4cf2-360c4f566cc3,True,KXBRENTD-26JUN2517-T75,0.7900,07b81866-49cd-4fbf-b637-a2ecd68a62db,yes,yes,0,KXBRENTD-26JUN2517-T75,edcd4943-6389-7308-4cf2-360c4f566cc3,1782378003,0.2100
buy,bid,6.00,2026-06-25T09:00:03.868457Z,0.105000,d053c914-b619-7124-6117-c086a7514536,True,KXBRENTD-26JUN2517-T75,0.5100,07b81866-49cd-4fbf-b637-a2ecd68a62db,yes,yes,0,KXBRENTD-26JUN2517-T75,d053c914-b619-7124-6117-c086a7514536,1782378003,0.4900
buy,bid,5.00,2026-06-25T09:00:03.645302Z,0.085800,f0310ec6-c8a6-65c6-01b3-730615c1142e,True,KXBRENTD-26JUN2517-T74.50,0.4300,9c143def-747a-4951-ac18-57b4e2abe4a1,yes,yes,0,KXBRENTD-26JUN2517-T74.50,f0310ec6-c8a6-65c6-01b3-730615c1142e,1782378003,0.5700
buy,bid,1.00,2026-06-25T09:00:03.645302Z,0.014500,039b35bb-fe0d-6773-1311-de355c4efd16,True,KXBRENTD-26JUN2517-T74.50,0.7100,9c143def-747a-4951-ac18-57b4e2abe4a1,yes,yes,0,KXBRENTD-26JUN2517-T74.50,039b35bb-fe0d-6773-1311-de355c4efd16,1782378003,0.2900
buy,bid,6.00,2026-06-25T03:00:41.449779Z,0.088200,babcd6e8-00c3-6565-89fa-0c64ea0b4b4d,True,KXBRENTD-26JUN2517-T74,0.7000,728bb71a-78c0-4b39-852b-b4af68ed2406,yes,yes,0,KXBRENTD-26JUN2517-T74,babcd6e8-00c3-6565-89fa-0c64ea0b4b4d,1782356441,0.3000
buy,ask,6.00,2026-06-24T23:45:24.922966Z,0.044400,b63a3b3c-6a74-49d2-a434-9fab20c118f2,True,KXBRENTD-26JUN2517-T75.50,0.8800,ca71a5c0-36a5-4290-8466-1203a159ffcd,no,no,0,KXBRENTD-26JUN2517-T75.50,b63a3b3c-6a74-49d2-a434-9fab20c118f2,1782344724,0.1200
buy,ask,7.00,2026-06-24T23:45:09.724242Z,0.069200,b6f00ef1-563d-7ddf-cb2f-255e20658764,True,KXBRENTD-26JUN2517-T75,0.8300,a38e49cb-067f-4f52-9f57-ba876af53772,no,no,0,KXBRENTD-26JUN2517-T75,b6f00ef1-563d-7ddf-cb2f-255e20658764,1782344709,0.1700
buy,ask,6.00,2026-06-24T23:44:58.985414Z,0.078800,323b98bf-f02d-7321-11d4-8286d4611d51,True,KXBRENTD-26JUN2517-T74.50,0.7500,bccf86c8-dffd-4ea1-a085-a88321caca24,no,no,0,KXBRENTD-26JUN2517-T74.50,323b98bf-f02d-7321-11d4-8286d4611d51,1782344698,0.2500
buy,ask,6.00,2026-06-24T23:44:50.542933Z,0.092900,2b286c38-fd51-5fdd-0144-a7ac0e9326ac,True,KXBRENTD-26JUN2517-T74,0.6700,1acce6f3-680b-44d9-a283-dec21475c2f0,no,no,0,KXBRENTD-26JUN2517-T74,2b286c38-fd51-5fdd-0144-a7ac0e9326ac,1782344690,0.3300
buy,ask,4.33,2026-06-24T19:19:49.657054Z,0.032100,e03ea21a-ceda-6ebe-41e8-527f3c2802e1,True,KXBRENTD-26JUN2417-T74,0.8800,137ffac1-5bbc-4b78-b9b9-0388a7eb2a5c,no,no,0,KXBRENTD-26JUN2417-T74,e03ea21a-ceda-6ebe-41e8-527f3c2802e1,1782328789,0.1200
buy,ask,1.67,2026-06-24T19:19:49.657054Z,0.010600,897db3db-9718-6652-5ef6-8a2320daf659,True,KXBRENTD-26JUN2417-T74,0.9000,137ffac1-5bbc-4b78-b9b9-0388a7eb2a5c,no,no,0,KXBRENTD-26JUN2417-T74,897db3db-9718-6652-5ef6-8a2320daf659,1782328789,0.1000
sell,ask,5.00,2026-06-24T18:04:38.006869Z,0.028700,4733aad2-9f5a-6ecf-69cd-96366f2daac1,True,KXBRENTD-26JUN2417-T73,0.0900,0b627ceb-5571-4857-b52a-337b1f2c7f64,no,no,0,KXBRENTD-26JUN2417-T73,4733aad2-9f5a-6ecf-69cd-96366f2daac1,1782324278,0.9100
sell,ask,3.00,2026-06-24T17:56:05.427353Z,0.038400,7f3765e4-0c3a-5a1d-d6ef-8b140727199e,True,KXBRENTD-26JUN2417-T73.50,0.2400,cca9ef1e-c3b7-466d-9e26-a45dcd134980,no,no,0,KXBRENTD-26JUN2417-T73.50,7f3765e4-0c3a-5a1d-d6ef-8b140727199e,1782323765,0.7600
buy,bid,3.83,2026-06-24T12:19:28.024277Z,0.047500,ac231a8a-1bad-6129-8a74-da7146472e93,True,KXBRENTD-26JUN2417-T73.50,0.2300,f342c168-6a41-4839-8053-84563152aaec,yes,yes,0,KXBRENTD-26JUN2417-T73.50,ac231a8a-1bad-6129-8a74-da7146472e93,1782303568,0.7700
buy,bid,5.68,2026-06-24T12:19:19.305668Z,0.045000,3d5d90f1-0dd0-4f2f-463c-f93393c00e7b,True,KXBRENTD-26JUN2417-T73,0.1300,61e67fa8-dd31-416f-bcea-d76410efd7b6,yes,yes,0,KXBRENTD-26JUN2417-T73,3d5d90f1-0dd0-4f2f-463c-f93393c00e7b,1782303559,0.8700
buy,ask,2.97,2026-06-24T12:19:01.612718Z,0.040000,8c7f135b-8630-69ab-07d7-398828d1c7c8,True,KXBRENTD-26JUN2417-T75.50,0.7400,6a2bc7e9-b69b-4ade-adb4-95405154e6ed,no,no,0,KXBRENTD-26JUN2417-T75.50,8c7f135b-8630-69ab-07d7-398828d1c7c8,1782303541,0.2600
buy,ask,1.00,2026-06-24T12:19:01.612718Z,0.013500,2c40404d-bb0f-642c-142d-8bdaab2c1bc5,True,KXBRENTD-26JUN2417-T75.50,0.7400,6a2bc7e9-b69b-4ade-adb4-95405154e6ed,no,no,0,KXBRENTD-26JUN2417-T75.50,2c40404d-bb0f-642c-142d-8bdaab2c1bc5,1782303541,0.2600
buy,ask,6.30,2026-06-24T12:18:31.455235Z,0.075700,0951a337-2572-4f1c-4889-df47c3aa8e12,True,KXBRENTD-26JUN2417-T76,0.7800,6b2c74a5-0ea8-419e-b815-9ac483541fc3,no,no,0,KXBRENTD-26JUN2417-T76,0951a337-2572-4f1c-4889-df47c3aa8e12,1782303511,0.2200
buy,ask,4.60,2026-06-23T20:37:32.504675Z,0.038800,14b41b80-a1a0-7066-5b87-198d28b83fb6,True,KXBRENTD-26JUN2317-T77,0.8600,e1d7e15d-441c-4df7-bdfa-f7020f4c5b2f,no,no,0,KXBRENTD-26JUN2317-T77,14b41b80-a1a0-7066-5b87-198d28b83fb6,1782247052,0.1400
buy,bid,10.38,2026-06-23T20:34:02.468657Z,0.028000,f22ae4b4-c463-6844-8aab-607881de88cb,True,KXBRENTD-26JUN2317-T76.50,0.0400,2fa7e0f6-6434-4a5d-8c2c-a26cb6b1dada,yes,yes,0,KXBRENTD-26JUN2317-T76.50,f22ae4b4-c463-6844-8aab-607881de88cb,1782246842,0.9600
sell,bid,1.00,2026-06-18T20:54:35.607846Z,0.012400,ced85021-4a3c-6353-0fbc-30c98592ffbf,True,KXBRENTD-26JUN1817-T79.50,0.7700,df16816e-c8a1-49e1-a394-c1e4adb2a917,yes,yes,0,KXBRENTD-26JUN1817-T79.50,ced85021-4a3c-6353-0fbc-30c98592ffbf,1781816075,0.2300
buy,ask,1.97,2026-06-18T20:29:35.751071Z,0.029500,48bfd330-a4ff-6cb5-c8e1-7540ef989a77,True,KXBRENTD-26JUN1817-T79.50,0.6900,d5ab52c6-fa64-4bfa-9646-5d77c138331a,no,no,0,KXBRENTD-26JUN1817-T79.50,48bfd330-a4ff-6cb5-c8e1-7540ef989a77,1781814575,0.3100
sell,bid,7.00,2026-06-18T20:07:36.214894Z,0.000000,ac78d6aa-df9d-6df1-9bae-8a2fbaa6c55b,False,KXBRENTD-26JUN1817-T80,0.7700,7df4b8c3-7000-48cb-9f45-905d4a7ea15f,yes,yes,0,KXBRENTD-26JUN1817-T80,ac78d6aa-df9d-6df1-9bae-8a2fbaa6c55b,1781813256,0.2300
sell,bid,5.00,2026-06-18T20:07:19.346673Z,0.060100,156adfce-5e09-53a7-d5f2-2e0a2d6558b2,True,KXBRENTD-26JUN1817-T80,0.7800,e3663818-9209-462f-9183-528f16776126,yes,yes,0,KXBRENTD-26JUN1817-T80,156adfce-5e09-53a7-d5f2-2e0a2d6558b2,1781813239,0.2200
buy,ask,4.00,2026-06-18T20:06:41.333376Z,0.044800,9d2904ef-6bda-6871-aaff-86eef1674060,True,KXBRENTD-26JUN1817-T80,0.8000,b704dada-fe58-4910-8fe5-d8e77c1c4729,no,no,0,KXBRENTD-26JUN1817-T80,9d2904ef-6bda-6871-aaff-86eef1674060,1781813201,0.2000
buy,ask,4.00,2026-06-18T20:06:06.693567Z,0.046500,7e2dcaed-9577-7ed8-cbd7-a61fe91d6c64,True,KXBRENTD-26JUN1817-T80,0.7900,0efe8c65-7d2a-4dad-9f8f-ea4098f6d07b,no,no,0,KXBRENTD-26JUN1817-T80,7e2dcaed-9577-7ed8-cbd7-a61fe91d6c64,1781813166,0.2100
buy,ask,4.00,2026-06-18T19:53:52.644894Z,0.037700,432e99b1-35c7-7213-daa4-723d930b0347,True,KXBRENTD-26JUN1817-T80,0.8400,0bd4962a-7ab9-4dda-99e4-e3b594834f92,no,no,0,KXBRENTD-26JUN1817-T80,432e99b1-35c7-7213-daa4-723d930b0347,1781812432,0.1600
buy,bid,4.00,2026-06-18T19:42:10.419795Z,0.029600,27361e76-ddd7-66cd-1467-de40152e5b57,True,KXBRENTD-26JUN1817-T79,0.1200,e9015dcf-8ef5-4a7e-aa53-a0785c99e1d2,yes,yes,0,KXBRENTD-26JUN1817-T79,27361e76-ddd7-66cd-1467-de40152e5b57,1781811730,0.8800
buy,ask,1.00,2026-06-17T15:21:02.049667Z,0.016700,22383252-d215-40ba-413f-ca7e773fc413,True,KXBRENTD-26JUN1717-T80.50,0.6100,848237ca-2768-421d-b95e-8122dc633b11,no,no,0,KXBRENTD-26JUN1717-T80.50,22383252-d215-40ba-413f-ca7e773fc413,1781709662,0.3900
buy,ask,2.00,2026-06-17T15:20:52.184298Z,0.027000,78504435-64f8-60e4-31c7-fd7facbd234d,True,KXBRENTD-26JUN1717-T81,0.7400,d18b719c-ae0a-4aae-ae4c-606c526e7297,no,no,0,KXBRENTD-26JUN1717-T81,78504435-64f8-60e4-31c7-fd7facbd234d,1781709652,0.2600
buy,bid,3.00,2026-06-17T15:20:03.525265Z,0.020600,697eb209-7111-7e2b-1adb-6b0c4f1839ca,True,KXBRENTD-26JUN1717-T78.50,0.1100,103f0d4c-554a-4df2-a554-922a38314d2a,yes,yes,0,KXBRENTD-26JUN1717-T78.50,697eb209-7111-7e2b-1adb-6b0c4f1839ca,1781709603,0.8900
buy,bid,2.00,2026-06-17T15:19:50.864379Z,0.023300,02bfc1b2-7fba-48f8-552b-1195aa2a3185,True,KXBRENTD-26JUN1717-T79,0.2100,cc3731b2-015f-411e-b42f-a674f79f32a0,yes,yes,0,KXBRENTD-26JUN1717-T79,02bfc1b2-7fba-48f8-552b-1195aa2a3185,1781709590,0.7900
sell,ask,1.00,2026-06-17T14:50:07.980181Z,0.005200,b40779ea-6f1d-6eed-a893-d2280e2304e6,True,KXBRENTD-26JUN1717-T79,0.0800,7d118b65-b2e7-4ac5-8dbc-bb9c917758be,no,no,0,KXBRENTD-26JUN1717-T79,b40779ea-6f1d-6eed-a893-d2280e2304e6,1781707807,0.9200
sell,ask,1.00,2026-06-17T14:50:07.761885Z,0.004000,e59ad740-2342-5e34-8430-94105197e00d,True,KXBRENTD-26JUN1717-T78.50,0.0600,e802c4c7-c30d-44d2-8480-60a902bff7cc,no,no,0,KXBRENTD-26JUN1717-T78.50,e59ad740-2342-5e34-8430-94105197e00d,1781707807,0.9400
sell,ask,1.00,2026-06-17T14:50:02.804344Z,0.005200,6d803e54-a4ed-47c9-43b3-c08d9a79d782,True,KXBRENTD-26JUN1717-T79,0.0800,8b705a8a-001b-408c-b774-bf35f461ec67,no,no,0,KXBRENTD-26JUN1717-T79,6d803e54-a4ed-47c9-43b3-c08d9a79d782,1781707802,0.9200
sell,ask,1.00,2026-06-17T14:50:02.616177Z,0.004000,c36351a2-6b2e-59bc-a3bc-fe54c605c549,True,KXBRENTD-26JUN1717-T78.50,0.0600,e1bca57f-5116-4530-8d63-7a38275b7e9d,no,no,0,KXBRENTD-26JUN1717-T78.50,c36351a2-6b2e-59bc-a3bc-fe54c605c549,1781707802,0.9400
sell,ask,2.00,2026-06-17T14:49:58.370402Z,0.011500,0cc09c62-60ca-7f47-97b1-ed9251a31f28,True,KXBRENTD-26JUN1717-T79,0.0900,d205ccf8-1181-4f63-84f2-94c46a06cab5,no,no,0,KXBRENTD-26JUN1717-T79,0cc09c62-60ca-7f47-97b1-ed9251a31f28,1781707798,0.9100
sell,ask,1.00,2026-06-17T14:49:58.15514Z,0.004000,0c9473f1-c706-7b14-9528-7cc6da1f55b5,True,KXBRENTD-26JUN1717-T78.50,0.0600,d2416deb-ba1c-4d9a-80c6-5a9ca05ddaa2,no,no,0,KXBRENTD-26JUN1717-T78.50,0c9473f1-c706-7b14-9528-7cc6da1f55b5,1781707798,0.9400
sell,ask,4.00,2026-06-17T14:49:57.954957Z,0.010800,7f9eb806-b17c-65ec-3573-185bd08f2951,True,KXBRENTD-26JUN1717-T78,0.0400,eb45b4bd-9bbb-4b38-a257-c326f4988eb4,no,no,0,KXBRENTD-26JUN1717-T78,7f9eb806-b17c-65ec-3573-185bd08f2951,1781707797,0.9600
sell,bid,2.00,2026-06-17T14:49:57.731843Z,0.034400,86c1ad04-e075-6a50-11ae-a33b4a3e528c,True,KXBRENTD-26JUN1717-T81,0.4300,20b5da60-4210-4975-a64f-2a4522cce958,yes,yes,0,KXBRENTD-26JUN1717-T81,86c1ad04-e075-6a50-11ae-a33b4a3e528c,1781707797,0.5700
sell,bid,2.00,2026-06-17T14:49:57.535836Z,0.030500,c8163d22-ca1e-611e-fc56-e529f4e96806,True,KXBRENTD-26JUN1717-T80.50,0.3200,e42a6b7c-3396-4b91-96a0-61ab3c14abbe,yes,yes,0,KXBRENTD-26JUN1717-T80.50,c8163d22-ca1e-611e-fc56-e529f4e96806,1781707797,0.6800
buy,bid,2.00,2026-06-17T14:40:16.384251Z,0.019800,94dad37a-b473-4a2f-a43d-8a252690dd44,True,KXBRENTD-26JUN1717-T79,0.1700,6c200dac-c86d-41bc-845c-46f7daadbdb8,yes,yes,0,KXBRENTD-26JUN1717-T79,94dad37a-b473-4a2f-a43d-8a252690dd44,1781707216,0.8300
buy,bid,2.00,2026-06-17T14:06:03.807011Z,0.026300,f9e3a8d2-6b5b-7948-ebc9-764434f364af,True,KXBRENTD-26JUN1717-T79,0.2500,bb8f2e39-a6fb-4f64-9c64-50bbed61ae24,yes,yes,0,KXBRENTD-26JUN1717-T79,f9e3a8d2-6b5b-7948-ebc9-764434f364af,1781705163,0.7500
buy,bid,2.00,2026-06-17T12:18:25.223929Z,0.015900,6cecc584-f9e4-4668-6483-70ab7843ba16,True,KXBRENTD-26JUN1717-T78,0.1300,62fbcad4-075f-4025-be09-b6e790739489,yes,yes,0,KXBRENTD-26JUN1717-T78,6cecc584-f9e4-4668-6483-70ab7843ba16,1781698705,0.8700
buy,bid,2.00,2026-06-17T12:18:07.030854Z,0.023300,ef34de61-24f0-415e-b4d6-7b90f54b5909,True,KXBRENTD-26JUN1717-T78.50,0.2100,4cb9f4a4-b935-42b1-800d-472293be54ae,yes,yes,0,KXBRENTD-26JUN1717-T78.50,ef34de61-24f0-415e-b4d6-7b90f54b5909,1781698687,0.7900
buy,ask,2.00,2026-06-17T12:17:47.960479Z,0.021600,50ba58cf-ecdf-4840-e852-0343fdfa9047,True,KXBRENTD-26JUN1717-T81,0.8100,b54b3fcb-e027-40df-910c-56db6661acd1,no,no,0,KXBRENTD-26JUN1717-T81,50ba58cf-ecdf-4840-e852-0343fdfa9047,1781698667,0.1900
sell,bid,1.00,2026-06-17T12:17:17.302574Z,0.017100,c6944ae9-60d0-539d-e43c-24f011d2e624,True,KXBRENTD-26JUN1717-T80,0.5800,ae101e52-0f6f-456b-9820-10caeddaf681,yes,yes,0,KXBRENTD-26JUN1717-T80,c6944ae9-60d0-539d-e43c-24f011d2e624,1781698637,0.4200
buy,bid,2.00,2026-06-17T11:41:15.175732Z,0.019800,977c1d04-9cc6-4beb-639f-e28b79c18d04,True,KXBRENTD-26JUN1717-T78,0.1700,7890a25a-f0ee-430d-bf9c-8cd833557a38,yes,yes,0,KXBRENTD-26JUN1717-T78,977c1d04-9cc6-4beb-639f-e28b79c18d04,1781696475,0.8300
buy,ask,2.00,2026-06-17T11:41:01.070047Z,0.024800,75521c59-d304-7d33-4733-f6c25e318eae,True,KXBRENTD-26JUN1717-T80.50,0.7700,7adb8123-21b5-4c48-bd3f-8ded97ec50b6,no,no,0,KXBRENTD-26JUN1717-T80.50,75521c59-d304-7d33-4733-f6c25e318eae,1781696461,0.2300
buy,ask,1.00,2026-06-17T01:10:45.798169Z,0.016400,510a520b-b5e1-41f8-3b36-08e55b62e3d8,True,KXBRENTD-26JUN1717-T80,0.6300,6a856257-b7fe-4233-a80a-8a2ff9afe826,no,no,0,KXBRENTD-26JUN1717-T80,510a520b-b5e1-41f8-3b36-08e55b62e3d8,1781658645,0.3700
buy,bid,1.00,2026-06-16T22:56:26.875478Z,0.014700,c266ee4e-3467-6776-746f-12845dac3e3a,True,KXBRENTD-26JUN1717-T78.50,0.3000,1cd5c53f-ec76-4ba2-b052-7e3c8d0d4fa9,yes,yes,0,KXBRENTD-26JUN1717-T78.50,c266ee4e-3467-6776-746f-12845dac3e3a,1781650586,0.7000
sell,bid,5.00,2026-06-16T19:22:33.784135Z,0.078600,dfded749-8cf5-6d45-85ad-b4bba9d5f11e,True,KXBRENTD-26JUN1617-T79.50,0.3400,2b183633-ba1c-48c3-83a9-a2ac02caa38c,yes,yes,0,KXBRENTD-26JUN1617-T79.50,dfded749-8cf5-6d45-85ad-b4bba9d5f11e,1781637753,0.6600
buy,bid,5.00,2026-06-16T18:56:29.038156Z,0.076200,3637c32c-6887-7bcb-1274-720ed25b609b,True,KXBRENTD-26JUN1617-T79,0.3200,ecaa0ca6-dfaf-4cab-aac2-92f7f7570c29,yes,yes,0,KXBRENTD-26JUN1617-T79,3637c32c-6887-7bcb-1274-720ed25b609b,1781636189,0.6800
buy,ask,5.00,2026-06-16T17:51:46.120357Z,0.000000,485e65fd-61e9-485f-d385-e6ec5550e5cb,False,KXBRENTD-26JUN1617-T79.50,0.8500,87f25204-d474-4901-98c7-7ed2271dbe17,no,no,0,KXBRENTD-26JUN1617-T79.50,485e65fd-61e9-485f-d385-e6ec5550e5cb,1781632306,0.1500
sell,bid,20.00,2026-06-15T20:35:07.843141Z,0.091200,31dd5284-df6e-68ae-7f62-6880401c243b,True,KXBRENTD-26JUN1517-T84,0.9300,8107d5d8-f712-4a50-bb89-bb354f438857,yes,yes,0,KXBRENTD-26JUN1517-T84,31dd5284-df6e-68ae-7f62-6880401c243b,1781555707,0.0700
sell,bid,8.00,2026-06-15T19:09:28.764597Z,0.138600,df991765-2da3-5d8b-7c15-e5e1b4c11af7,True,KXBRENTD-26JUN1517-T83.50,0.5500,861c2558-fd26-4467-b42e-85822941acce,yes,yes,0,KXBRENTD-26JUN1517-T83.50,df991765-2da3-5d8b-7c15-e5e1b4c11af7,1781550568,0.4500
sell,bid,4.00,2026-06-15T19:09:28.764597Z,0.069300,3b3d07b8-fa5c-5f3b-7705-5f06f74e7426,True,KXBRENTD-26JUN1517-T83.50,0.5500,861c2558-fd26-4467-b42e-85822941acce,yes,yes,0,KXBRENTD-26JUN1517-T83.50,3b3d07b8-fa5c-5f3b-7705-5f06f74e7426,1781550568,0.4500
sell,bid,8.00,2026-06-15T18:56:53.729555Z,0.137300,abb95249-f009-5a44-f7e3-9aa321fe8531,True,KXBRENTD-26JUN1517-T83.50,0.5700,16fd63c3-1016-44c8-90d9-52d6676a602d,yes,yes,0,KXBRENTD-26JUN1517-T83.50,abb95249-f009-5a44-f7e3-9aa321fe8531,1781549813,0.4300
buy,ask,10.00,2026-06-15T17:09:52.308331Z,0.057400,5bca107c-857f-59a6-a3cc-174593c5cd1c,True,KXBRENTD-26JUN1517-T84.50,0.9100,0fcc3866-b1c6-46d0-8c77-478033d51bb7,no,no,0,KXBRENTD-26JUN1517-T84.50,5bca107c-857f-59a6-a3cc-174593c5cd1c,1781543392,0.0900
buy,ask,5.00,2026-06-15T15:27:41.854497Z,0.067400,f07b1b0d-c436-4641-93d3-889cc22da5ee,True,KXBRENTD-26JUN1517-T83.50,0.7400,d4aadc4a-00bf-4303-8c0d-0f8452612b54,no,no,0,KXBRENTD-26JUN1517-T83.50,f07b1b0d-c436-4641-93d3-889cc22da5ee,1781537261,0.2600
buy,ask,5.00,2026-06-15T15:27:06.580123Z,0.067400,41cb623d-0702-71b9-292d-05d6002ec5be,True,KXBRENTD-26JUN1517-T83.50,0.7400,38c6c206-3072-4efd-a2b2-acd6e2e1f340,no,no,0,KXBRENTD-26JUN1517-T83.50,41cb623d-0702-71b9-292d-05d6002ec5be,1781537226,0.2600
buy,ask,1.00,2026-06-15T15:03:25.413634Z,0.000000,0f19397c-5982-6408-f8ee-fab03eb17f92,False,KXBRENTD-26JUN1517-T85,0.9000,36c87d6e-58cb-4a26-bf0e-26161b36dd26,no,no,0,KXBRENTD-26JUN1517-T85,0f19397c-5982-6408-f8ee-fab03eb17f92,1781535805,0.1000
buy,ask,10.00,2026-06-15T14:46:34.113974Z,0.103400,ba208459-3cbd-60c9-2800-a522c3e298ef,True,KXBRENTD-26JUN1517-T83.50,0.8200,766ab3ea-6afc-4ba5-a8fa-a78b5cd058cb,no,no,0,KXBRENTD-26JUN1517-T83.50,ba208459-3cbd-60c9-2800-a522c3e298ef,1781534794,0.1800
buy,ask,9.00,2026-06-15T13:33:41.060993Z,0.056700,8d6d361c-a010-6fad-4c60-26d32706ff33,True,KXBRENTD-26JUN1517-T85,0.9000,36c87d6e-58cb-4a26-bf0e-26161b36dd26,no,no,0,KXBRENTD-26JUN1517-T85,8d6d361c-a010-6fad-4c60-26d32706ff33,1781530421,0.1000
sell,bid,1.00,2026-06-15T12:53:52.483284Z,0.008500,ec57cf46-0928-6597-1502-db9822c6a8fb,True,KXBRENTD-26JUN1517-T85,0.8600,e2f6d60b-83bb-4803-a187-edfc53e9e4e0,yes,yes,0,KXBRENTD-26JUN1517-T85,ec57cf46-0928-6597-1502-db9822c6a8fb,1781528032,0.1400
sell,bid,1.00,2026-06-15T12:53:48.288747Z,0.008500,394a82ad-9bdc-616b-9862-88bdfeaa581f,True,KXBRENTD-26JUN1517-T85,0.8600,57b18571-6706-493c-82df-f93524f2d8d9,yes,yes,0,KXBRENTD-26JUN1517-T85,394a82ad-9bdc-616b-9862-88bdfeaa581f,1781528028,0.1400
sell,bid,1.00,2026-06-15T12:53:43.153579Z,0.008500,5a2f4306-0c9c-724f-5948-a755f1cd0b87,True,KXBRENTD-26JUN1517-T85,0.8600,8f68f51b-82d6-4df5-b295-72cf272b0c3f,yes,yes,0,KXBRENTD-26JUN1517-T85,5a2f4306-0c9c-724f-5948-a755f1cd0b87,1781528023,0.1400
sell,bid,2.00,2026-06-15T12:53:39.069477Z,0.016900,cc76c298-f284-5467-196f-ff884806b43f,True,KXBRENTD-26JUN1517-T85,0.8600,aafe957c-3d50-447f-a29c-a4f84959e3d1,yes,yes,0,KXBRENTD-26JUN1517-T85,cc76c298-f284-5467-196f-ff884806b43f,1781528019,0.1400
sell,bid,1.00,2026-06-15T12:51:56.177849Z,0.005800,0837f3af-102b-645f-a7cb-9b38f9767f34,True,KXBRENTD-26JUN1517-T85.50,0.9100,f3f48a61-aeba-48c1-8b8e-e43d5d75d05c,yes,yes,0,KXBRENTD-26JUN1517-T85.50,0837f3af-102b-645f-a7cb-9b38f9767f34,1781527916,0.0900
sell,bid,1.00,2026-06-15T12:51:51.559885Z,0.005800,4e519353-fa2f-55c7-c8af-1a6122d3cb24,True,KXBRENTD-26JUN1517-T85.50,0.9100,626d125e-943b-44a7-9057-c46b2b9cbd58,yes,yes,0,KXBRENTD-26JUN1517-T85.50,4e519353-fa2f-55c7-c8af-1a6122d3cb24,1781527911,0.0900
sell,bid,1.00,2026-06-15T12:51:47.264088Z,0.005800,5dd5f435-15bf-63c3-9455-42d2fedf07a4,True,KXBRENTD-26JUN1517-T85.50,0.9100,268c0b87-2fdf-4926-8769-5247dc9f8e78,yes,yes,0,KXBRENTD-26JUN1517-T85.50,5dd5f435-15bf-63c3-9455-42d2fedf07a4,1781527907,0.0900
sell,bid,2.00,2026-06-15T12:51:41.402836Z,0.011500,f645883d-72cb-6f7f-0a82-e92f082c08e0,True,KXBRENTD-26JUN1517-T85.50,0.9100,0c681485-3602-4a09-a0dc-b8b8a1234da9,yes,yes,0,KXBRENTD-26JUN1517-T85.50,f645883d-72cb-6f7f-0a82-e92f082c08e0,1781527901,0.0900
sell,bid,3.00,2026-06-15T12:51:37.178065Z,0.017200,68d39d4d-7707-6f2b-d98b-bfbbe720178c,True,KXBRENTD-26JUN1517-T85.50,0.9100,6bcd91d9-3771-4a1c-941e-ed1d9ae04a72,yes,yes,0,KXBRENTD-26JUN1517-T85.50,68d39d4d-7707-6f2b-d98b-bfbbe720178c,1781527897,0.0900
sell,bid,3.00,2026-06-15T12:51:36.995773Z,0.022200,d983232e-c219-5a62-d44e-b1b3d52193cd,True,KXBRENTD-26JUN1517-T85,0.8800,717fcda8-7325-44ba-9236-80affcd5307b,yes,yes,0,KXBRENTD-26JUN1517-T85,d983232e-c219-5a62-d44e-b1b3d52193cd,1781527896,0.1200
sell,bid,4.00,2026-06-15T12:51:32.468625Z,0.023000,a3281c73-6297-5faf-35e1-2132f75d7798,True,KXBRENTD-26JUN1517-T85.50,0.9100,59337196-b215-463d-af04-4abfdeff1277,yes,yes,0,KXBRENTD-26JUN1517-T85.50,a3281c73-6297-5faf-35e1-2132f75d7798,1781527892,0.0900
sell,bid,4.00,2026-06-15T12:51:32.276087Z,0.029600,f72c7ab6-9c61-74b2-4f49-271a945604b9,True,KXBRENTD-26JUN1517-T85,0.8800,7ad41bce-64bb-4f0e-b4f7-6505ac88d5a6,yes,yes,0,KXBRENTD-26JUN1517-T85,f72c7ab6-9c61-74b2-4f49-271a945604b9,1781527892,0.1200
sell,bid,7.00,2026-06-15T12:51:28.218214Z,0.040200,1e4f7928-b4a3-4563-c986-7c88c98267bc,True,KXBRENTD-26JUN1517-T85.50,0.9100,f66aa8c0-4798-408e-901d-9dd15148d67e,yes,yes,0,KXBRENTD-26JUN1517-T85.50,1e4f7928-b4a3-4563-c986-7c88c98267bc,1781527888,0.0900
sell,bid,4.00,2026-06-15T12:51:27.97797Z,0.025200,f6f38f3c-89a2-7b43-9486-27eb521c3a5d,True,KXBRENTD-26JUN1517-T85,0.9000,b7dc85e6-d50a-4c13-80ed-803be1a74aa3,yes,yes,0,KXBRENTD-26JUN1517-T85,f6f38f3c-89a2-7b43-9486-27eb521c3a5d,1781527887,0.1000
sell,bid,2.00,2026-06-15T12:51:27.97797Z,0.012600,320d585f-3796-7cc0-a92d-92ef101e4eab,True,KXBRENTD-26JUN1517-T85,0.9000,b7dc85e6-d50a-4c13-80ed-803be1a74aa3,yes,yes,0,KXBRENTD-26JUN1517-T85,320d585f-3796-7cc0-a92d-92ef101e4eab,1781527887,0.1000
buy,ask,0.78,2026-06-15T11:20:33.713584Z,0.011100,7695499c-a5c6-77c1-89ab-ac6586577df2,True,KXBRENTD-26JUN1517-T84,0.7200,3069b37c-1b25-4e38-89d5-0dfdb110d5ce,no,no,0,KXBRENTD-26JUN1517-T84,7695499c-a5c6-77c1-89ab-ac6586577df2,1781522433,0.2800
buy,ask,19.22,2026-06-15T11:20:33.713584Z,0.258900,2b6d2847-2ff0-7c20-ab07-036b16349686,True,KXBRENTD-26JUN1517-T84,0.7400,3069b37c-1b25-4e38-89d5-0dfdb110d5ce,no,no,0,KXBRENTD-26JUN1517-T84,2b6d2847-2ff0-7c20-ab07-036b16349686,1781522433,0.2600
sell,bid,14.86,2026-06-15T07:58:52.576145Z,0.200200,e246e476-75ef-6422-e7fa-f9914727c021,True,KXBRENTD-26JUN1517-T84.50,0.7400,0715e033-7e11-481b-9586-c861b8be189f,yes,yes,0,KXBRENTD-26JUN1517-T84.50,e246e476-75ef-6422-e7fa-f9914727c021,1781510332,0.2600
sell,bid,2.14,2026-06-15T07:58:52.576145Z,0.029600,b6333c34-468c-688d-f5bf-dc03da2e352e,True,KXBRENTD-26JUN1517-T84.50,0.7300,0715e033-7e11-481b-9586-c861b8be189f,yes,yes,0,KXBRENTD-26JUN1517-T84.50,b6333c34-468c-688d-f5bf-dc03da2e352e,1781510332,0.2700
buy,ask,5.00,2026-06-15T05:43:47.615595Z,0.051700,c96ad212-6a0c-5417-dded-20d660671611,True,KXBRENTD-26JUN1517-T85.50,0.8200,711814aa-6727-456e-9fcb-1d1b6e1adbca,no,no,0,KXBRENTD-26JUN1517-T85.50,c96ad212-6a0c-5417-dded-20d660671611,1781502227,0.1800
sell,bid,11.00,2026-06-15T05:43:25.130369Z,0.187600,037d94c1-9b79-60bd-66c5-b867246206aa,True,KXBRENTD-26JUN1517-T84,0.5800,226ef6e4-a9a0-4b5f-b433-aa9d1e552a93,yes,yes,0,KXBRENTD-26JUN1517-T84,037d94c1-9b79-60bd-66c5-b867246206aa,1781502205,0.4200
sell,bid,1.00,2026-06-15T05:14:18.153482Z,0.008500,a50c3a54-d119-4ad6-25fe-03ce13c2c0c2,True,KXBRENTD-26JUN1517-T86,0.8600,b6bb33e2-428c-4138-abbf-096ac0cdc1ae,yes,yes,0,KXBRENTD-26JUN1517-T86,a50c3a54-d119-4ad6-25fe-03ce13c2c0c2,1781500458,0.1400
sell,bid,1.00,2026-06-15T05:14:12.659905Z,0.008500,ab638de7-c1d5-7b46-0c0c-ac4727e8ef06,True,KXBRENTD-26JUN1517-T86,0.8600,f520de0e-86bf-4d5c-a1c3-a2888dc74a5f,yes,yes,0,KXBRENTD-26JUN1517-T86,ab638de7-c1d5-7b46-0c0c-ac4727e8ef06,1781500452,0.1400
sell,bid,2.00,2026-06-15T05:14:07.392244Z,0.016900,7a86c2f3-8085-5c26-5656-e4f8c8a058d2,True,KXBRENTD-26JUN1517-T86,0.8600,c1598dcb-96eb-4484-b755-30a7761567aa,yes,yes,0,KXBRENTD-26JUN1517-T86,7a86c2f3-8085-5c26-5656-e4f8c8a058d2,1781500447,0.1400
sell,bid,2.00,2026-06-15T05:14:02.338545Z,0.016900,0b646d34-7139-668a-3b53-bf95dbb8c39a,True,KXBRENTD-26JUN1517-T86,0.8600,9d21263a-6a84-4a2f-ac14-667c32d34178,yes,yes,0,KXBRENTD-26JUN1517-T86,0b646d34-7139-668a-3b53-bf95dbb8c39a,1781500442,0.1400
sell,bid,4.00,2026-06-15T05:13:56.847123Z,0.033800,8b8fe846-ea4d-53ee-4c89-e1f74c64db52,True,KXBRENTD-26JUN1517-T86,0.8600,fd1bc766-cc59-4776-b1e2-f1e49724474a,yes,yes,0,KXBRENTD-26JUN1517-T86,8b8fe846-ea4d-53ee-4c89-e1f74c64db52,1781500436,0.1400
sell,bid,5.00,2026-06-15T05:13:51.938515Z,0.042200,de7dc6e5-dbe1-47ae-0361-000e8c74d356,True,KXBRENTD-26JUN1517-T86,0.8600,a8674cce-0032-4266-a218-c99ae720454b,yes,yes,0,KXBRENTD-26JUN1517-T86,de7dc6e5-dbe1-47ae-0361-000e8c74d356,1781500431,0.1400
buy,ask,10.00,2026-06-15T04:35:26.482756Z,0.063000,75aa74a9-a65e-7303-c246-bcc4ffab1578,True,KXBRENTD-26JUN1517-T86,0.9000,3fa69b62-577c-4dee-937f-d1bbe813c202,no,no,0,KXBRENTD-26JUN1517-T86,75aa74a9-a65e-7303-c246-bcc4ffab1578,1781498126,0.1000
buy,ask,10.00,2026-06-15T04:35:13.190261Z,0.089300,60f62abf-fff2-6e26-a087-0df1b8c16f6b,True,KXBRENTD-26JUN1517-T85.50,0.8500,9317a490-afcc-48a4-8209-083b3589e5a1,no,no,0,KXBRENTD-26JUN1517-T85.50,60f62abf-fff2-6e26-a087-0df1b8c16f6b,1781498113,0.1500
buy,ask,15.00,2026-06-15T04:34:57.531703Z,0.161600,821de276-1403-5257-fb46-1026ecf71acf,True,KXBRENTD-26JUN1517-T85,0.8100,5f399aff-226a-45ca-9db7-ea1b252c21d2,no,no,0,KXBRENTD-26JUN1517-T85,821de276-1403-5257-fb46-1026ecf71acf,1781498097,0.1900
buy,ask,6.00,2026-06-15T04:34:41.042159Z,0.080900,e3b141f7-8594-5909-dd7e-7497f6c1295d,True,KXBRENTD-26JUN1517-T84.50,0.7400,2714ee51-f953-44b1-9888-d1f9c80c9f64,no,no,0,KXBRENTD-26JUN1517-T84.50,e3b141f7-8594-5909-dd7e-7497f6c1295d,1781498081,0.2600
buy,ask,9.00,2026-06-15T04:34:41.042159Z,0.121300,ab4884a5-9f46-5d60-c666-3cf521cdf1af,True,KXBRENTD-26JUN1517-T84.50,0.7400,2714ee51-f953-44b1-9888-d1f9c80c9f64,no,no,0,KXBRENTD-26JUN1517-T84.50,ab4884a5-9f46-5d60-c666-3cf521cdf1af,1781498081,0.2600
buy,ask,10.00,2026-06-15T04:34:26.823578Z,0.159300,9abfe25e-de6b-77aa-adb6-b4055a53c691,True,KXBRENTD-26JUN1517-T84,0.6500,c4fa3e21-d9e0-4e3a-8096-442d4809654a,no,no,0,KXBRENTD-26JUN1517-T84,9abfe25e-de6b-77aa-adb6-b4055a53c691,1781498066,0.3500
buy,ask,1.00,2026-06-15T01:45:35.262844Z,0.017200,90ab157a-4788-590e-0c71-d92da41622b9,True,KXBRENTD-26JUN1517-T84,0.5700,9db3c271-367c-46ac-ace3-86f7067fe96a,no,no,0,KXBRENTD-26JUN1517-T84,90ab157a-4788-590e-0c71-d92da41622b9,1781487935,0.4300
buy,ask,2.00,2026-06-15T01:45:20.477117Z,0.031900,b3e2b3e9-7c62-44c0-7aad-017a71069629,True,KXBRENTD-26JUN1517-T84.50,0.6500,78b2d81b-ce42-4108-b275-d84434a56353,no,no,0,KXBRENTD-26JUN1517-T84.50,b3e2b3e9-7c62-44c0-7aad-017a71069629,1781487920,0.3500
buy,ask,3.00,2026-06-15T01:45:06.749522Z,0.042400,9b8d2b15-3df9-563c-c984-f5b6424b811f,True,KXBRENTD-26JUN1517-T85,0.7200,b1245083-a022-444b-935e-bf7feeaf1e63,no,no,0,KXBRENTD-26JUN1517-T85,9b8d2b15-3df9-563c-c984-f5b6424b811f,1781487906,0.2800
buy,ask,4.00,2026-06-15T01:44:51.94728Z,0.048100,5d612edf-2af2-5cb6-5129-70c3b3f0bf3f,True,KXBRENTD-26JUN1517-T85.50,0.7800,dc726588-9a8c-4400-be62-9777b74591b4,no,no,0,KXBRENTD-26JUN1517-T85.50,5d612edf-2af2-5cb6-5129-70c3b3f0bf3f,1781487891,0.2200
buy,ask,5.00,2026-06-15T01:44:44.191917Z,0.049400,584b5a71-6dfe-600f-3f46-adf40664060d,True,KXBRENTD-26JUN1517-T86,0.8300,029b5b7d-9c35-4b59-a6d9-b82b9cabca27,no,no,0,KXBRENTD-26JUN1517-T86,584b5a71-6dfe-600f-3f46-adf40664060d,1781487884,0.1700
sell,bid,5.00,2026-06-15T00:48:12.145077Z,0.056000,80d72956-516b-4d9b-e388-8632a2663cee,True,KXBRENTD-26JUN1517-T86,0.8000,65b94b2f-dcdf-4184-9250-288987f5d9a0,yes,yes,0,KXBRENTD-26JUN1517-T86,80d72956-516b-4d9b-e388-8632a2663cee,1781484492,0.2000
sell,bid,4.00,2026-06-15T00:48:11.963827Z,0.055200,c10b712c-fa29-7bdb-5436-8c44500387e1,True,KXBRENTD-26JUN1517-T85.50,0.7300,a1030889-5883-4dff-bec3-eb5861b0308f,yes,yes,0,KXBRENTD-26JUN1517-T85.50,c10b712c-fa29-7bdb-5436-8c44500387e1,1781484491,0.2700
sell,bid,3.00,2026-06-15T00:48:11.78859Z,0.046500,451ecec8-5731-58c4-f2ac-da46571095ea,True,KXBRENTD-26JUN1517-T85,0.6700,8258bb27-aacb-46b8-952f-ced871e6ae8d,yes,yes,0,KXBRENTD-26JUN1517-T85,451ecec8-5731-58c4-f2ac-da46571095ea,1781484491,0.3300
sell,bid,2.00,2026-06-15T00:48:11.617204Z,0.033900,8c3523fd-05e1-50fa-9856-6c669084a0eb,True,KXBRENTD-26JUN1517-T84.50,0.5900,d517473f-6a32-4501-8d27-5fb134239749,yes,yes,0,KXBRENTD-26JUN1517-T84.50,8c3523fd-05e1-50fa-9856-6c669084a0eb,1781484491,0.4100
sell,bid,1.00,2026-06-15T00:48:11.429104Z,0.017500,bba0a374-72b3-7d80-2847-8153cdb7cc57,True,KXBRENTD-26JUN1517-T84,0.5200,da428e4b-d2cb-4c82-a199-815197c8ffb8,yes,yes,0,KXBRENTD-26JUN1517-T84,bba0a374-72b3-7d80-2847-8153cdb7cc57,1781484491,0.4800
buy,ask,1.00,2026-06-14T23:52:38.457451Z,0.017300,78d1389b-ffce-6ca5-5c58-afac8c9282ee,True,KXBRENTD-26JUN1517-T84,0.5600,8b6a48bf-7482-4985-b3c3-5963578b573b,no,no,0,KXBRENTD-26JUN1517-T84,78d1389b-ffce-6ca5-5c58-afac8c9282ee,1781481158,0.4400
buy,ask,2.00,2026-06-14T23:52:31.226483Z,0.031900,8e56b137-ef3a-6cf0-48ac-4ac33ebfa010,True,KXBRENTD-26JUN1517-T84.50,0.6500,8a48f115-9460-4b46-b4ff-d0a3647bf9f8,no,no,0,KXBRENTD-26JUN1517-T84.50,8e56b137-ef3a-6cf0-48ac-4ac33ebfa010,1781481151,0.3500
buy,ask,3.00,2026-06-14T23:52:13.028902Z,0.042400,28b77509-d081-6b15-6dca-57f5108a8dfe,True,KXBRENTD-26JUN1517-T85,0.7200,6e678a3e-c474-4b86-b604-996a4c15559a,no,no,0,KXBRENTD-26JUN1517-T85,28b77509-d081-6b15-6dca-57f5108a8dfe,1781481133,0.2800
buy,ask,3.99,2026-06-14T23:51:57.554741Z,0.048000,f394b095-dac5-51fa-9343-cd6f7cd439d0,True,KXBRENTD-26JUN1517-T85.50,0.7800,0340f172-e962-44da-89c3-044a2f2f758d,no,no,0,KXBRENTD-26JUN1517-T85.50,f394b095-dac5-51fa-9343-cd6f7cd439d0,1781481117,0.2200
buy,ask,0.01,2026-06-14T23:51:57.554741Z,0.000200,e192eac4-10f7-5291-9d17-a8fcdbb01be8,True,KXBRENTD-26JUN1517-T85.50,0.7800,0340f172-e962-44da-89c3-044a2f2f758d,no,no,0,KXBRENTD-26JUN1517-T85.50,e192eac4-10f7-5291-9d17-a8fcdbb01be8,1781481117,0.2200
buy,ask,5.00,2026-06-14T23:51:36.609587Z,0.058100,3ecf4220-d8ae-72a2-d606-7fb650e5eb7e,True,KXBRENTD-26JUN1517-T86,0.7900,fdf625ad-67ef-4dc1-9dd8-8ef0c998f477,no,no,0,KXBRENTD-26JUN1517-T86,3ecf4220-d8ae-72a2-d606-7fb650e5eb7e,1781481096,0.2100
sell,ask,1.00,2026-06-11T20:37:47.867472Z,0.006300,6f30c756-8fdc-54b8-0019-9af5bf61ebfe,True,KXBRENTD-26JUN1117-T88.50,0.1000,566cd8c0-8394-46f1-acce-3d4487b3b634,no,no,0,KXBRENTD-26JUN1117-T88.50,6f30c756-8fdc-54b8-0019-9af5bf61ebfe,1781210267,0.9000
sell,ask,1.00,2026-06-11T20:37:43.787409Z,0.006300,c1ec0ece-c244-6004-0820-2f9285ab7d82,True,KXBRENTD-26JUN1117-T88.50,0.1000,3ddbeaa6-90f2-4bde-aec0-501d490113ab,no,no,0,KXBRENTD-26JUN1117-T88.50,c1ec0ece-c244-6004-0820-2f9285ab7d82,1781210263,0.9000
sell,bid,5.00,2026-06-11T20:37:38.823352Z,0.084000,b29b034f-5059-54fd-7d2f-0aa32a285a48,True,KXBRENTD-26JUN1117-T89,0.4000,24d43a52-d239-459b-b216-881bd2a73232,yes,yes,0,KXBRENTD-26JUN1117-T89,b29b034f-5059-54fd-7d2f-0aa32a285a48,1781210258,0.6000
sell,ask,1.00,2026-06-11T20:37:38.446199Z,0.006300,91935ffd-c13c-56bc-1612-815f7ae3885a,True,KXBRENTD-26JUN1117-T88.50,0.1000,29c43eea-502c-4670-a94c-fbae36d32edd,no,no,0,KXBRENTD-26JUN1117-T88.50,91935ffd-c13c-56bc-1612-815f7ae3885a,1781210258,0.9000
sell,ask,2.00,2026-06-11T20:37:33.68605Z,0.012600,f583138f-b7b0-59d8-444a-a0869e565032,True,KXBRENTD-26JUN1117-T88.50,0.1000,70c02df6-cd8f-45a9-bdda-f3d84ffe58c7,no,no,0,KXBRENTD-26JUN1117-T88.50,f583138f-b7b0-59d8-444a-a0869e565032,1781210253,0.9000
sell,bid,5.00,2026-06-11T20:36:16.726303Z,0.006900,90390e5b-5442-6a17-375c-866c0e9a1f2d,True,KXBRENTD-26JUN1117-T91.50,0.9800,811b8db4-23b2-484a-a1af-623632c1b77a,yes,yes,0,KXBRENTD-26JUN1117-T91.50,90390e5b-5442-6a17-375c-866c0e9a1f2d,1781210176,0.0200
sell,bid,5.00,2026-06-11T20:36:16.443326Z,0.006900,e0ed9dbb-2ce9-5a6f-0bf2-59915711fb67,True,KXBRENTD-26JUN1117-T91,0.9800,02674fec-8d43-4746-ad71-f4a5a754cc57,yes,yes,0,KXBRENTD-26JUN1117-T91,e0ed9dbb-2ce9-5a6f-0bf2-59915711fb67,1781210176,0.0200
buy,bid,5.00,2026-06-11T20:11:43.553084Z,0.056000,d0caa80d-521f-7fb1-6261-afb762f4c1b8,True,KXBRENTD-26JUN1117-T88.50,0.2000,ab75e180-c3b7-4da9-b4d0-62108914acc3,yes,yes,0,KXBRENTD-26JUN1117-T88.50,d0caa80d-521f-7fb1-6261-afb762f4c1b8,1781208703,0.8000
buy,ask,5.00,2026-06-11T20:08:22.059698Z,0.084000,b981b569-d619-461e-7dba-d00b635d053f,True,KXBRENTD-26JUN1117-T89,0.6000,dcbb68cc-777f-4243-b006-27d3145e3ad0,no,no,0,KXBRENTD-26JUN1117-T89,b981b569-d619-461e-7dba-d00b635d053f,1781208502,0.4000
buy,ask,5.00,2026-06-11T19:05:26.742563Z,0.060100,70c92694-19ef-4b6c-100f-022c1010998b,True,KXBRENTD-26JUN1117-T91,0.7800,4f391c42-36d8-43f4-a475-bcab22b072e2,no,no,0,KXBRENTD-26JUN1117-T91,70c92694-19ef-4b6c-100f-022c1010998b,1781204726,0.2200
buy,ask,5.00,2026-06-11T19:04:49.109001Z,0.031500,ed6225b4-e6d5-6d24-8c7f-9133473596c6,True,KXBRENTD-26JUN1117-T91.50,0.9000,fb01f50e-6219-4bb3-8bb6-38c482790d1c,no,no,0,KXBRENTD-26JUN1117-T91.50,ed6225b4-e6d5-6d24-8c7f-9133473596c6,1781204689,0.1000
sell,bid,1.00,2026-06-11T17:29:17.820747Z,0.007400,5cbf57d6-0e68-6c95-c3e8-25302c9b2440,True,KXBRENTD-26JUN1117-T94,0.8800,7525a084-c2cd-4993-93b9-3bcf7be7f102,yes,yes,0,KXBRENTD-26JUN1117-T94,5cbf57d6-0e68-6c95-c3e8-25302c9b2440,1781198957,0.1200
sell,bid,1.00,2026-06-11T17:29:13.02912Z,0.007400,faaa8a03-5f08-5021-0320-6ee2b585c910,True,KXBRENTD-26JUN1117-T94,0.8800,1ca0d7f1-9695-46be-a38b-293bdda04a56,yes,yes,0,KXBRENTD-26JUN1117-T94,faaa8a03-5f08-5021-0320-6ee2b585c910,1781198953,0.1200
sell,ask,3.00,2026-06-11T17:28:58.557841Z,0.040500,e9511553-9fb5-4dbf-eed7-7cbff9ac6a4c,True,KXBRENTD-26JUN1117-T92.50,0.7400,05fb15b6-f08a-4359-96fa-259a597aa385,no,no,0,KXBRENTD-26JUN1117-T92.50,e9511553-9fb5-4dbf-eed7-7cbff9ac6a4c,1781198938,0.2600
sell,ask,1.00,2026-06-11T17:28:58.557841Z,0.013500,8e4d4d5c-14ac-4200-c206-ac4f1ec546af,True,KXBRENTD-26JUN1117-T92.50,0.7400,05fb15b6-f08a-4359-96fa-259a597aa385,no,no,0,KXBRENTD-26JUN1117-T92.50,8e4d4d5c-14ac-4200-c206-ac4f1ec546af,1781198938,0.2600
sell,ask,1.00,2026-06-11T17:28:58.557841Z,0.013500,66b7661f-7e60-4107-f399-ef9d00508c65,True,KXBRENTD-26JUN1117-T92.50,0.7400,05fb15b6-f08a-4359-96fa-259a597aa385,no,no,0,KXBRENTD-26JUN1117-T92.50,66b7661f-7e60-4107-f399-ef9d00508c65,1781198938,0.2600
sell,ask,1.00,2026-06-11T17:28:58.557841Z,0.013500,61120a66-075e-47fa-db09-9e2296472b7d,True,KXBRENTD-26JUN1117-T92.50,0.7400,05fb15b6-f08a-4359-96fa-259a597aa385,no,no,0,KXBRENTD-26JUN1117-T92.50,61120a66-075e-47fa-db09-9e2296472b7d,1781198938,0.2600
sell,ask,2.00,2026-06-11T17:17:09.404551Z,0.033900,ccded759-fc0d-4f15-2cc1-2557bb24f28a,True,KXBRENTD-26JUN1117-T93,0.4100,dae4f7bf-2ff3-43f9-a914-2f21b0818b06,no,no,0,KXBRENTD-26JUN1117-T93,ccded759-fc0d-4f15-2cc1-2557bb24f28a,1781198229,0.5900
buy,ask,2.00,2026-06-11T16:52:00.154035Z,0.031900,d9c4491d-d039-6a4e-bae6-0e1f89fd18d6,True,KXBRENTD-26JUN1117-T94,0.6500,3fe36589-784f-4a50-80f8-20b47abafe99,no,no,0,KXBRENTD-26JUN1117-T94,d9c4491d-d039-6a4e-bae6-0e1f89fd18d6,1781196720,0.3500
buy,bid,2.00,2026-06-11T15:39:32.557691Z,0.032300,ed97b860-e8b8-6ca1-96f3-67468b53dc84,True,KXBRENTD-26JUN1117-T93,0.3600,eac17a0b-8c64-4b4c-8a1b-76f8abea87e2,yes,yes,0,KXBRENTD-26JUN1117-T93,ed97b860-e8b8-6ca1-96f3-67468b53dc84,1781192372,0.6400
buy,bid,2.00,2026-06-11T15:38:30.61431Z,0.027000,14939e20-9c58-59ae-847e-8f8d520564ec,True,KXBRENTD-26JUN1117-T92.50,0.2600,77b3f20a-4448-4647-855d-df5ca8764ebf,yes,yes,0,KXBRENTD-26JUN1117-T92.50,14939e20-9c58-59ae-847e-8f8d520564ec,1781192310,0.7400
buy,bid,4.00,2026-06-11T14:21:19.940856Z,0.068300,16a91d79-1831-5c8f-17d4-ec3318654aa0,True,KXBRENTD-26JUN1117-T92.50,0.4200,a5ed754e-14ba-4529-aeee-ca9915aeb15e,yes,yes,0,KXBRENTD-26JUN1117-T92.50,16a91d79-1831-5c8f-17d4-ec3318654aa0,1781187679,0.5800
sell,bid,2.00,2026-06-11T13:28:23.781874Z,0.034500,9602c65c-f6e6-6d6c-8098-45ea6b43701d,True,KXBRENTD-26JUN1117-T93.50,0.5600,b1481406-f4fb-4b43-805d-1bf9565a9858,yes,yes,0,KXBRENTD-26JUN1117-T93.50,9602c65c-f6e6-6d6c-8098-45ea6b43701d,1781184503,0.4400
sell,ask,2.00,2026-06-11T13:28:23.553943Z,0.035000,5dbcba25-79ef-770f-7980-41299ffdb010,True,KXBRENTD-26JUN1117-T93,0.4800,1c2dd540-9b1f-4d0c-b3fd-643e631bd2a2,no,no,0,KXBRENTD-26JUN1117-T93,5dbcba25-79ef-770f-7980-41299ffdb010,1781184503,0.5200
buy,ask,2.00,2026-06-11T13:28:18.68392Z,0.033600,9453b608-2af4-579b-7c5a-c1ae16a809e3,True,KXBRENTD-26JUN1117-T93.50,0.6000,507a5e24-259c-4532-b66f-8881edef2c76,no,no,0,KXBRENTD-26JUN1117-T93.50,9453b608-2af4-579b-7c5a-c1ae16a809e3,1781184498,0.4000
sell,bid,2.00,2026-06-11T13:16:21.116685Z,0.035000,ca8641b1-cd39-673f-1395-2d87c40cca84,True,KXBRENTD-26JUN1117-T93.50,0.4900,3f27cc47-91a0-49d9-a50a-c7823416d0d7,yes,yes,0,KXBRENTD-26JUN1117-T93.50,ca8641b1-cd39-673f-1395-2d87c40cca84,1781183781,0.5100
buy,ask,2.00,2026-06-11T13:00:58.300818Z,0.034800,3677853f-0e8c-6baf-09ff-8b0dab08daa1,True,KXBRENTD-26JUN1117-T93.50,0.5400,163f6ee8-08eb-481c-ace4-7ae9b159c82d,no,no,0,KXBRENTD-26JUN1117-T93.50,3677853f-0e8c-6baf-09ff-8b0dab08daa1,1781182858,0.4600
buy,bid,2.00,2026-06-11T13:00:48.716759Z,0.034500,44c0c786-8517-6736-9422-d5b76117b247,True,KXBRENTD-26JUN1117-T93,0.4400,e042df83-00f3-4bd6-8e9a-0ec4b639bad4,yes,yes,0,KXBRENTD-26JUN1117-T93,44c0c786-8517-6736-9422-d5b76117b247,1781182848,0.5600
sell,ask,2.00,2026-06-11T12:56:59.749802Z,0.029400,7b8b60fd-a86e-53dc-4133-ddd52cd75764,True,KXBRENTD-26JUN1117-T92,0.3000,a261b025-fe4a-44c2-b097-52c5ed04704c,no,no,0,KXBRENTD-26JUN1117-T92,7b8b60fd-a86e-53dc-4133-ddd52cd75764,1781182619,0.7000
sell,ask,1.00,2026-06-11T12:51:38.30585Z,0.015000,5dc8ab3c-b090-6129-d13f-5154e2f8bef3,True,KXBRENTD-26JUN1117-T94.50,0.6900,dc21aad9-664c-4aad-955f-28cf888cb56f,no,no,0,KXBRENTD-26JUN1117-T94.50,5dc8ab3c-b090-6129-d13f-5154e2f8bef3,1781182298,0.3100
sell,bid,1.00,2026-06-11T12:28:20.989388Z,0.013500,5c4442cc-13df-617e-cd38-dc0c0a610b41,True,KXBRENTD-26JUN1117-T92.50,0.2600,c9a2f66e-013a-491e-94e4-01bf39f19946,yes,yes,0,KXBRENTD-26JUN1117-T92.50,5c4442cc-13df-617e-cd38-dc0c0a610b41,1781180900,0.7400
sell,bid,1.00,2026-06-11T12:28:20.989388Z,0.013500,26dab288-a22f-69ba-ebef-cf00353342fa,True,KXBRENTD-26JUN1117-T92.50,0.2600,c9a2f66e-013a-491e-94e4-01bf39f19946,yes,yes,0,KXBRENTD-26JUN1117-T92.50,26dab288-a22f-69ba-ebef-cf00353342fa,1781180900,0.7400
buy,ask,2.00,2026-06-11T12:16:21.751335Z,0.034500,e32b825f-f432-48c3-be95-41e722d16b5c,True,KXBRENTD-26JUN1117-T92.50,0.5600,73b8d5bc-ef14-42f4-8f3b-6a38d0b82ffe,no,no,0,KXBRENTD-26JUN1117-T92.50,e32b825f-f432-48c3-be95-41e722d16b5c,1781180181,0.4400
buy,bid,2.00,2026-06-11T12:06:37.624415Z,0.034400,88b726ff-bdc4-6904-7ce9-7185b278a7d2,True,KXBRENTD-26JUN1117-T92,0.4300,c97bca9f-bd71-48d5-bf04-75175a56cf3f,yes,yes,0,KXBRENTD-26JUN1117-T92,88b726ff-bdc4-6904-7ce9-7185b278a7d2,1781179597,0.5700
buy,bid,1.00,2026-06-11T03:20:32.399833Z,0.017500,951d06b4-1663-630c-9088-7b66badf17e2,True,KXBRENTD-26JUN1117-T94.50,0.4700,07921e13-4b82-48c3-8963-139a68de2000,yes,yes,0,KXBRENTD-26JUN1117-T94.50,951d06b4-1663-630c-9088-7b66badf17e2,1781148032,0.5300
buy,ask,10.00,2026-06-10T19:48:12.547463Z,0.051600,1fd281a4-a7ad-692b-2a2e-edfa37dbd0b6,True,KXBRENTD-26JUN1017-T94.50,0.9200,f279d7be-d3f2-48c7-acf7-f20c21750804,no,no,0,KXBRENTD-26JUN1017-T94.50,1fd281a4-a7ad-692b-2a2e-edfa37dbd0b6,1781120892,0.0800
buy,ask,10.00,2026-06-10T19:10:52.583358Z,0.084300,adcd6e69-3cb1-54eb-824b-03d5fca1a2cd,True,KXBRENTD-26JUN1017-T94.50,0.8600,f401fce5-3e58-4743-86f8-554083d6794b,no,no,0,KXBRENTD-26JUN1017-T94.50,adcd6e69-3cb1-54eb-824b-03d5fca1a2cd,1781118652,0.1400
sell,ask,5.00,2026-06-10T18:57:43.221047Z,0.067400,556bc882-6dfd-6f3a-85b1-529fef40e98d,True,KXBRENTD-26JUN1017-T94,0.7400,a97670fc-0e96-48cb-87dd-74efb08de3c3,no,no,0,KXBRENTD-26JUN1017-T94,556bc882-6dfd-6f3a-85b1-529fef40e98d,1781117863,0.2600
sell,ask,1.56,2026-06-10T18:57:33.109863Z,0.000000,26ba4544-4ffe-54b3-fbce-24701bc017f6,False,KXBRENTD-26JUN1017-T93.50,0.5000,c2af9729-b8b7-43d9-bbbc-2f6226cf81fa,no,no,0,KXBRENTD-26JUN1017-T93.50,26ba4544-4ffe-54b3-fbce-24701bc017f6,1781117853,0.5000
sell,ask,1.00,2026-06-10T18:57:31.51959Z,0.017500,b7828c00-a8e9-44f3-6e0f-b236c6efc816,True,KXBRENTD-26JUN1017-T93.50,0.5000,c2af9729-b8b7-43d9-bbbc-2f6226cf81fa,no,no,0,KXBRENTD-26JUN1017-T93.50,b7828c00-a8e9-44f3-6e0f-b236c6efc816,1781117851,0.5000
sell,ask,2.44,2026-06-10T18:57:31.51959Z,0.042700,159f6114-a1a2-4981-4763-00abfe4040a2,True,KXBRENTD-26JUN1017-T93.50,0.5000,c2af9729-b8b7-43d9-bbbc-2f6226cf81fa,no,no,0,KXBRENTD-26JUN1017-T93.50,159f6114-a1a2-4981-4763-00abfe4040a2,1781117851,0.5000
buy,bid,5.00,2026-06-10T17:51:36.751431Z,0.053900,9c2e0daf-46a3-77a0-6839-e5d06f86deb2,True,KXBRENTD-26JUN1017-T93.50,0.1900,a8238a89-653c-4c8e-bc1e-c7b7d2e5188d,yes,yes,0,KXBRENTD-26JUN1017-T93.50,9c2e0daf-46a3-77a0-6839-e5d06f86deb2,1781113896,0.8100
buy,bid,5.00,2026-06-10T17:51:18.739163Z,0.077400,3f9ad208-ee9d-6ff2-8e37-8c35be0c57a2,True,KXBRENTD-26JUN1017-T94,0.3300,dd9bd06a-5bfa-4830-8f20-03178ef3c8b6,yes,yes,0,KXBRENTD-26JUN1017-T94,3f9ad208-ee9d-6ff2-8e37-8c35be0c57a2,1781113878,0.6700
sell,bid,6.83,2026-06-10T17:43:25.570058Z,0.105800,56e10758-eb36-4416-4840-f434e4d8275c,True,KXBRENTD-26JUN1017-T94,0.3300,849722cf-8f0f-4153-b2a3-ee9df7318f2e,yes,yes,0,KXBRENTD-26JUN1017-T94,56e10758-eb36-4416-4840-f434e4d8275c,1781113405,0.6700
sell,bid,3.17,2026-06-10T17:43:25.570058Z,0.049100,31418363-6437-4c19-7234-b30dc0f634bd,True,KXBRENTD-26JUN1017-T94,0.3300,849722cf-8f0f-4153-b2a3-ee9df7318f2e,yes,yes,0,KXBRENTD-26JUN1017-T94,31418363-6437-4c19-7234-b30dc0f634bd,1781113405,0.6700
sell,bid,3.12,2026-06-10T16:57:26.911688Z,0.050400,3d006c16-d2cb-79d2-5e60-31199369d436,True,KXBRENTD-26JUN1017-T93.50,0.3600,6daf84e4-5184-4fe4-bbff-96717d12fdf5,yes,yes,0,KXBRENTD-26JUN1017-T93.50,3d006c16-d2cb-79d2-5e60-31199369d436,1781110646,0.6400
sell,bid,4.88,2026-06-10T16:57:26.911688Z,0.078800,1f3780a3-4640-79a8-612b-39cf03d4bb9c,True,KXBRENTD-26JUN1017-T93.50,0.3600,6daf84e4-5184-4fe4-bbff-96717d12fdf5,yes,yes,0,KXBRENTD-26JUN1017-T93.50,1f3780a3-4640-79a8-612b-39cf03d4bb9c,1781110646,0.6400
buy,ask,5.00,2026-06-10T16:56:21.779161Z,0.063900,ba3796e6-4434-77be-4d58-5d371d1125a4,True,KXBRENTD-26JUN1017-T95,0.7600,9756df44-d293-4e5f-b771-05bd47a18796,no,no,0,KXBRENTD-26JUN1017-T95,ba3796e6-4434-77be-4d58-5d371d1125a4,1781110581,0.2400
sell,bid,4.00,2026-06-10T16:55:27.076076Z,0.048100,adfcdb99-8dcc-45d0-1a57-d9b205c59655,True,KXBRENTD-26JUN1017-T93,0.2200,d34d3b20-7532-4390-a19b-016fbcc44320,yes,yes,0,KXBRENTD-26JUN1017-T93,adfcdb99-8dcc-45d0-1a57-d9b205c59655,1781110527,0.7800
buy,ask,0.72,2026-06-10T16:54:56.517429Z,0.011700,fb09cc94-45b6-62af-5deb-4974a0a8ff28,True,KXBRENTD-26JUN1017-T94.50,0.6400,11e3199e-5ac4-49db-b516-42d8d3524f79,no,no,0,KXBRENTD-26JUN1017-T94.50,fb09cc94-45b6-62af-5deb-4974a0a8ff28,1781110496,0.3600
buy,ask,4.28,2026-06-10T16:54:56.517429Z,0.069100,72ae01f6-9cb9-6f61-6690-850d9deda7a4,True,KXBRENTD-26JUN1017-T94.50,0.6400,11e3199e-5ac4-49db-b516-42d8d3524f79,no,no,0,KXBRENTD-26JUN1017-T94.50,72ae01f6-9cb9-6f61-6690-850d9deda7a4,1781110496,0.3600
buy,bid,10.00,2026-06-10T16:09:39.986552Z,0.089300,6c44d657-6437-6cd4-15ba-a37a46655771,True,KXBRENTD-26JUN1017-T92.50,0.1500,82e7caff-b0bc-4992-ae0d-00724b34d418,yes,yes,0,KXBRENTD-26JUN1017-T92.50,6c44d657-6437-6cd4-15ba-a37a46655771,1781107779,0.8500
buy,bid,3.04,2026-06-10T15:54:48.955047Z,0.030100,a91c72f4-a9e9-4a39-2b0f-af9b02b16699,True,KXBRENTD-26JUN1017-T92.50,0.1700,799a3bbf-7f8c-421f-a713-26f36ff084f7,yes,yes,0,KXBRENTD-26JUN1017-T92.50,a91c72f4-a9e9-4a39-2b0f-af9b02b16699,1781106888,0.8300
buy,bid,0.52,2026-06-10T15:54:48.955047Z,0.005400,5bc01951-4617-4fa4-1dce-ad79f930d0be,True,KXBRENTD-26JUN1017-T92.50,0.1800,799a3bbf-7f8c-421f-a713-26f36ff084f7,yes,yes,0,KXBRENTD-26JUN1017-T92.50,5bc01951-4617-4fa4-1dce-ad79f930d0be,1781106888,0.8200
buy,bid,0.44,2026-06-10T15:54:48.955047Z,0.003800,4a7b8c4f-ca79-4d92-1c09-1162131ab526,True,KXBRENTD-26JUN1017-T92.50,0.1400,799a3bbf-7f8c-421f-a713-26f36ff084f7,yes,yes,0,KXBRENTD-26JUN1017-T92.50,4a7b8c4f-ca79-4d92-1c09-1162131ab526,1781106888,0.8600
buy,bid,1.00,2026-06-10T15:54:48.955047Z,0.009500,037928db-f7cd-49e9-2d78-e7b797dee789,True,KXBRENTD-26JUN1017-T92.50,0.1600,799a3bbf-7f8c-421f-a713-26f36ff084f7,yes,yes,0,KXBRENTD-26JUN1017-T92.50,037928db-f7cd-49e9-2d78-e7b797dee789,1781106888,0.8400
buy,bid,3.00,2026-06-10T14:19:50.314143Z,0.033600,49aeaef8-ed8e-604e-f820-e0973fb0ba77,True,KXBRENTD-26JUN1017-T91.50,0.2000,a3020081-dda2-4b1e-9ea1-cd16c1174897,yes,yes,0,KXBRENTD-26JUN1017-T91.50,49aeaef8-ed8e-604e-f820-e0973fb0ba77,1781101190,0.8000
buy,bid,5.00,2026-06-10T14:19:25.256662Z,0.044700,e3d5e6a7-a0f9-4260-30cb-e9285ff8c027,True,KXBRENTD-26JUN1017-T91,0.1500,03beec39-78bf-40d9-ae0a-8e8acb73a87f,yes,yes,0,KXBRENTD-26JUN1017-T91,e3d5e6a7-a0f9-4260-30cb-e9285ff8c027,1781101165,0.8500
buy,ask,4.00,2026-06-10T13:16:04.519463Z,0.058800,aeb6d51c-6b37-4f09-e163-ee1dcb72551e,True,KXBRENTD-26JUN1017-T93.50,0.7000,7ac2d16b-bc71-4167-9570-361d24af8c40,no,no,0,KXBRENTD-26JUN1017-T93.50,aeb6d51c-6b37-4f09-e163-ee1dcb72551e,1781097364,0.3000
buy,ask,10.00,2026-06-10T13:14:30.256463Z,0.124000,3c5cc9ba-b828-7dd9-ffd5-d43d3f7e2e88,True,KXBRENTD-26JUN1017-T94,0.7700,16924357-8602-4ce0-9ea9-cc4f278ebbc5,no,no,0,KXBRENTD-26JUN1017-T94,3c5cc9ba-b828-7dd9-ffd5-d43d3f7e2e88,1781097270,0.2300
buy,ask,4.00,2026-06-10T11:44:04.098639Z,0.067800,d06ca423-1a50-60e2-3e17-482927c9ce82,True,KXBRENTD-26JUN1017-T93.50,0.5900,4605d333-16ea-4828-a346-3c931f4e5248,no,no,0,KXBRENTD-26JUN1017-T93.50,d06ca423-1a50-60e2-3e17-482927c9ce82,1781091844,0.4100
buy,ask,4.00,2026-06-10T11:33:37.47268Z,0.069600,690f0478-2758-532e-093b-2cb0cef0bcc4,True,KXBRENTD-26JUN1017-T93,0.5400,98fb6f37-f2eb-44b5-a89d-84453833c3aa,no,no,0,KXBRENTD-26JUN1017-T93,690f0478-2758-532e-093b-2cb0cef0bcc4,1781091217,0.4600
buy,bid,6.00,2026-06-09T18:47:38.120598Z,0.082800,f2a6edd6-d11e-592a-85c8-3bb7a9de64df,True,KXBRENTD-26JUN0917-T91.00,0.2700,41d16240-9a1e-45be-8cf0-283612a3054a,yes,yes,0,KXBRENTD-26JUN0917-T91.00,f2a6edd6-d11e-592a-85c8-3bb7a9de64df,1781030858,0.7300
sell,ask,6.00,2026-06-09T18:46:35.020631Z,0.105000,16329612-5ca8-7ee1-9a81-e05479a76f11,True,KXBRENTD-26JUN0917-T91.50,0.4900,1ff52331-b5e4-4f7c-8e06-e5eecfae683c,no,no,0,KXBRENTD-26JUN0917-T91.50,16329612-5ca8-7ee1-9a81-e05479a76f11,1781030795,0.5100
buy,bid,6.00,2026-06-09T18:16:27.503985Z,0.098000,e4bc5d59-2e02-7cc2-409e-51cba6953ad7,True,KXBRENTD-26JUN0917-T91.50,0.3700,cd31f94a-9d59-4d89-bb62-b48050264c11,yes,yes,0,KXBRENTD-26JUN0917-T91.50,e4bc5d59-2e02-7cc2-409e-51cba6953ad7,1781028987,0.6300
sell,bid,6.00,2026-06-09T18:15:35.939052Z,0.103000,8ffc7def-0994-4840-5086-6aa11ede9683,True,KXBRENTD-26JUN0917-T92.00,0.5700,e29c8a4d-6231-415e-b4a8-d165185dc338,yes,yes,0,KXBRENTD-26JUN0917-T92.00,8ffc7def-0994-4840-5086-6aa11ede9683,1781028935,0.4300
buy,bid,4.00,2026-06-09T17:55:45.161969Z,0.037700,61300180-1c63-75f5-a053-4688d4e6053c,True,KXBRENTD-26JUN0917-T90.50,0.1600,c90df6c9-4d30-4f6b-8e0a-dacac2eefb0a,yes,yes,0,KXBRENTD-26JUN0917-T90.50,61300180-1c63-75f5-a053-4688d4e6053c,1781027745,0.8400
buy,bid,4.00,2026-06-09T17:41:49.809426Z,0.037700,b1530eb7-cc78-45eb-770c-d01468eb90e4,True,KXBRENTD-26JUN0917-T90.50,0.1600,7b335734-f629-41e8-bab0-d09a17ee2474,yes,yes,0,KXBRENTD-26JUN0917-T90.50,b1530eb7-cc78-45eb-770c-d01468eb90e4,1781026909,0.8400
sell,bid,5.00,2026-06-09T17:39:48.253479Z,0.086300,51a46d65-b499-6c05-3a49-af0d3a0618dd,True,KXBRENTD-26JUN0917-T91.50,0.5600,e979ecd1-c051-4867-aa06-9226b6f05399,yes,yes,0,KXBRENTD-26JUN0917-T91.50,51a46d65-b499-6c05-3a49-af0d3a0618dd,1781026788,0.4400
buy,ask,5.00,2026-06-09T17:32:43.05622Z,0.049400,9fcb61b3-5eb7-4d95-00f5-918f240d92aa,True,KXBRENTD-26JUN0917-T92.50,0.8300,532f5f22-015f-43c1-ac75-4549b0e9c632,no,no,0,KXBRENTD-26JUN0917-T92.50,9fcb61b3-5eb7-4d95-00f5-918f240d92aa,1781026363,0.1700
sell,bid,5.00,2026-06-09T17:19:14.598277Z,0.081600,b81ed35b-07cd-59af-d51e-43029b88a16d,True,KXBRENTD-26JUN0917-T91.00,0.3700,06a4e14c-ec6b-477a-97b6-851789f985c4,yes,yes,0,KXBRENTD-26JUN0917-T91.00,b81ed35b-07cd-59af-d51e-43029b88a16d,1781025554,0.6300
buy,ask,5.00,2026-06-09T16:52:54.072783Z,0.047100,7d9c3a9b-daf5-4acb-e856-6b9e50508aa0,True,KXBRENTD-26JUN0917-T93,0.8400,6e754a6a-b6a6-41f4-9c5e-8bf08c48afe7,no,no,0,KXBRENTD-26JUN0917-T93,7d9c3a9b-daf5-4acb-e856-6b9e50508aa0,1781023974,0.1600
buy,ask,4.66,2026-06-09T16:52:38.216017Z,0.065800,757483fb-0c66-4b21-ba8e-4ecafa4cd392,True,KXBRENTD-26JUN0917-T92.50,0.7200,4fab878a-401b-4351-8ea5-0b6d324dce71,no,no,0,KXBRENTD-26JUN0917-T92.50,757483fb-0c66-4b21-ba8e-4ecafa4cd392,1781023958,0.2800
buy,ask,0.34,2026-06-09T16:52:38.216017Z,0.005000,524d5b22-977f-422d-95bc-deec02b74699,True,KXBRENTD-26JUN0917-T92.50,0.7000,4fab878a-401b-4351-8ea5-0b6d324dce71,no,no,0,KXBRENTD-26JUN0917-T92.50,524d5b22-977f-422d-95bc-deec02b74699,1781023958,0.3000
buy,ask,5.00,2026-06-09T16:39:26.693015Z,0.077400,b218e723-c2e6-55a9-7f7c-28fb85c171d7,True,KXBRENTD-26JUN0917-T92.00,0.3300,01dfca85-20c0-46e3-bb90-9f659061001b,no,no,0,KXBRENTD-26JUN0917-T92.00,b218e723-c2e6-55a9-7f7c-28fb85c171d7,1781023166,0.6700
buy,ask,5.00,2026-06-09T16:16:16.526419Z,0.060100,e352d268-a329-59ce-a46e-20c63ae71f22,True,KXBRENTD-26JUN0917-T91.00,0.7800,6deb641d-edb2-47eb-8aa4-4f6bc3698d51,no,no,0,KXBRENTD-26JUN0917-T91.00,e352d268-a329-59ce-a46e-20c63ae71f22,1781021776,0.2200
buy,ask,5.00,2026-06-09T16:14:49.142553Z,0.034300,d2fc4d87-cb95-7c55-27c4-368f730f41c1,True,KXBRENTD-26JUN0917-T91.50,0.8900,6e57ce46-9de6-4d2c-a3cf-644d6dc5fc67,no,no,0,KXBRENTD-26JUN0917-T91.50,d2fc4d87-cb95-7c55-27c4-368f730f41c1,1781021689,0.1100
sell,ask,10.00,2026-06-09T16:00:36.137693Z,0.157100,b41fb556-110f-626f-79a9-7ef428366de5,True,KXBRENTD-26JUN0917-T89.50,0.3400,4d7748f1-9cd2-499d-b39d-dc84dbf506e5,no,no,0,KXBRENTD-26JUN0917-T89.50,b41fb556-110f-626f-79a9-7ef428366de5,1781020836,0.6600
sell,ask,6.00,2026-06-09T16:00:15.192684Z,0.103500,0bc629a9-6d28-4942-481f-421c3aa61963,True,KXBRENTD-26JUN0917-T90.00,0.4400,0a4d69e6-0714-432d-b2ed-96292c42df7f,no,no,0,KXBRENTD-26JUN0917-T90.00,0bc629a9-6d28-4942-481f-421c3aa61963,1781020815,0.5600
sell,ask,9.00,2026-06-09T15:59:44.239984Z,0.154500,4174e0d2-a601-784a-b8e7-c8005d371922,True,KXBRENTD-26JUN0917-T90.00,0.4300,b7af3d9c-60f3-4dd7-8e9e-404d9d18abb8,no,no,0,KXBRENTD-26JUN0917-T90.00,4174e0d2-a601-784a-b8e7-c8005d371922,1781020784,0.5700
sell,ask,4.00,2026-06-09T15:45:28.971302Z,0.064600,81e01c47-65b6-4720-e0a9-09200fbd7649,True,KXBRENTD-26JUN0917-T90.50,0.3600,c908d372-3ff1-4146-9a57-11492d3b02d2,no,no,0,KXBRENTD-26JUN0917-T90.50,81e01c47-65b6-4720-e0a9-09200fbd7649,1781019928,0.6400
sell,ask,3.00,2026-06-09T15:30:32.011737Z,0.052500,0b5da1ca-631a-70b5-851f-073efbdded22,True,KXBRENTD-26JUN0917-T91.00,0.5100,98471f9f-de3c-4e6b-883c-8bb3bd3d71e4,no,no,0,KXBRENTD-26JUN0917-T91.00,0b5da1ca-631a-70b5-851f-073efbdded22,1781019032,0.4900
sell,ask,2.00,2026-06-09T15:30:22.887549Z,0.032700,25b98f06-0b43-4105-ce70-0deaddccd4d5,True,KXBRENTD-26JUN0917-T91.50,0.6300,36f6fb6e-e427-4047-9952-a2d0147654be,no,no,0,KXBRENTD-26JUN0917-T91.50,25b98f06-0b43-4105-ce70-0deaddccd4d5,1781019022,0.3700
buy,bid,5.00,2026-06-09T15:04:52.586029Z,0.065700,2967de7a-bf7b-7975-f05e-93cd31cbab88,True,KXBRENTD-26JUN0917-T90.00,0.2500,18ba1625-eb31-4c0b-9c57-6bf42db73372,yes,yes,0,KXBRENTD-26JUN0917-T90.00,2967de7a-bf7b-7975-f05e-93cd31cbab88,1781017492,0.7500
buy,bid,10.00,2026-06-09T15:04:24.255472Z,0.074000,b839755b-53b2-568b-70b1-250ffca160d9,True,KXBRENTD-26JUN0917-T89.50,0.1200,1adf7393-9d24-44c0-bc23-2e83163ece74,yes,yes,0,KXBRENTD-26JUN0917-T89.50,b839755b-53b2-568b-70b1-250ffca160d9,1781017464,0.8800
buy,bid,5.00,2026-06-09T14:42:08.266342Z,0.058100,f4282982-67eb-5863-5a5c-7e2d95bd0f18,True,KXBRENTD-26JUN0917-T90.00,0.2100,80bebd69-aa9c-46a8-b5fc-c9427569e391,yes,yes,0,KXBRENTD-26JUN0917-T90.00,f4282982-67eb-5863-5a5c-7e2d95bd0f18,1781016128,0.7900
buy,ask,2.00,2026-06-09T14:13:28.067276Z,0.023300,ed014d7f-e843-72be-3b17-85a3e08b89ef,True,KXBRENTD-26JUN0917-T92.50,0.7900,7211e5eb-db03-4e07-a06d-da50d01c0294,no,no,0,KXBRENTD-26JUN0917-T92.50,ed014d7f-e843-72be-3b17-85a3e08b89ef,1781014408,0.2100
buy,ask,3.00,2026-06-09T14:12:57.284198Z,0.022200,b231a481-874c-6994-510b-6e33b10e5b11,True,KXBRENTD-26JUN0917-T93,0.8800,2e1aafc8-6227-4b62-bea5-eb2109a1c11d,no,no,0,KXBRENTD-26JUN0917-T93,b231a481-874c-6994-510b-6e33b10e5b11,1781014377,0.1200
buy,ask,3.00,2026-06-09T14:02:05.62937Z,0.040500,abac0be5-1a79-6300-b116-b721bc6f5860,True,KXBRENTD-26JUN0917-T92.00,0.7400,72fe8f95-fa04-4a70-8ee0-0648257e8dca,no,no,0,KXBRENTD-26JUN0917-T92.00,abac0be5-1a79-6300-b116-b721bc6f5860,1781013725,0.2600
buy,ask,1.00,2026-06-09T14:02:05.62937Z,0.013500,47043457-6b63-6dc1-ae7c-dfe20795e497,True,KXBRENTD-26JUN0917-T92.00,0.7400,72fe8f95-fa04-4a70-8ee0-0648257e8dca,no,no,0,KXBRENTD-26JUN0917-T92.00,47043457-6b63-6dc1-ae7c-dfe20795e497,1781013725,0.2600
buy,ask,3.00,2026-06-09T13:49:29.042647Z,0.043300,081fe121-ce17-560e-70ee-f5a270923bb2,True,KXBRENTD-26JUN0917-T92.00,0.7100,6e3d69f4-34cf-4440-ba47-361e03fcd475,no,no,0,KXBRENTD-26JUN0917-T92.00,081fe121-ce17-560e-70ee-f5a270923bb2,1781012969,0.2900
buy,ask,2.00,2026-06-09T10:14:45.984866Z,0.029400,67e30e25-da3c-7d2a-a5dc-fe1e5d702216,True,KXBRENTD-26JUN0917-T93.50,0.7000,6fb3fcd9-cfd2-4dfb-8fb9-723d4a8224cf,no,no,0,KXBRENTD-26JUN0917-T93.50,67e30e25-da3c-7d2a-a5dc-fe1e5d702216,1781000085,0.3000
buy,ask,3.00,2026-06-09T10:14:34.987616Z,0.037200,188a7a43-330b-7136-daf2-336eed481e32,True,KXBRENTD-26JUN0917-T94,0.7700,5b18fcb4-5430-4f72-9455-6d18ceee7070,no,no,0,KXBRENTD-26JUN0917-T94,188a7a43-330b-7136-daf2-336eed481e32,1781000074,0.2300
buy,ask,4.00,2026-06-09T10:14:24.431314Z,0.037700,987a345a-8a20-6035-7e70-89a983169dfa,True,KXBRENTD-26JUN0917-T94.50,0.8400,0de4c93c-11ee-4a0a-ba4a-f17ca6fccc4c,no,no,0,KXBRENTD-26JUN0917-T94.50,987a345a-8a20-6035-7e70-89a983169dfa,1781000064,0.1600
buy,ask,5.00,2026-06-09T10:14:12.434369Z,0.037000,e9e7caf0-9028-59b4-2223-aba8b843520b,True,KXBRENTD-26JUN0917-T95,0.8800,7692d3e4-fe59-44f7-a920-2d44cac9cc45,no,no,0,KXBRENTD-26JUN0917-T95,e9e7caf0-9028-59b4-2223-aba8b843520b,1781000052,0.1200
buy,bid,2.00,2026-06-09T10:13:19.079764Z,0.028300,daba104c-084a-4e0a-5eb5-22444da924e4,True,KXBRENTD-26JUN0917-T91.50,0.2800,51bd22c4-d73b-4316-b236-5a30f1ea08ce,yes,yes,0,KXBRENTD-26JUN0917-T91.50,daba104c-084a-4e0a-5eb5-22444da924e4,1780999999,0.7200
buy,bid,3.00,2026-06-09T10:13:03.079639Z,0.034900,40e2fe5a-c075-4824-3905-551cd2e391dd,True,KXBRENTD-26JUN0917-T91.00,0.2100,fa1635d8-0fd1-40c9-a688-bc18aedc0760,yes,yes,0,KXBRENTD-26JUN0917-T91.00,40e2fe5a-c075-4824-3905-551cd2e391dd,1780999983,0.7900
buy,bid,4.00,2026-06-09T10:12:39.01977Z,0.041400,26a295f7-6c66-691b-4203-0a33464452c5,True,KXBRENTD-26JUN0917-T90.50,0.1800,213f16a3-87c4-499e-b398-7e8b22eb8dc0,yes,yes,0,KXBRENTD-26JUN0917-T90.50,26a295f7-6c66-691b-4203-0a33464452c5,1780999959,0.8200
buy,bid,5.00,2026-06-09T10:12:13.625728Z,0.037000,e1254eb1-f7c3-7f15-cb45-af9496fa0509,True,KXBRENTD-26JUN0917-T90.00,0.1200,70ea2e5f-500e-4e47-9769-6af78f0172a0,yes,yes,0,KXBRENTD-26JUN0917-T90.00,e1254eb1-f7c3-7f15-cb45-af9496fa0509,1780999933,0.8800
buy,ask,8.34,2026-06-08T17:28:34.313742Z,0.082400,8468f3d2-e608-689e-82a5-d8b44ea11187,True,KXBRENTD-26JUN0817-T95.50,0.8300,781f0756-b5bf-497d-8bb3-9c99be9bf948,no,no,0,KXBRENTD-26JUN0817-T95.50,8468f3d2-e608-689e-82a5-d8b44ea11187,1780939714,0.1700
buy,ask,1.66,2026-06-08T17:28:34.313742Z,0.017200,1ab46895-4567-66b3-b8c4-c88811450521,True,KXBRENTD-26JUN0817-T95.50,0.8200,781f0756-b5bf-497d-8bb3-9c99be9bf948,no,no,0,KXBRENTD-26JUN0817-T95.50,1ab46895-4567-66b3-b8c4-c88811450521,1780939714,0.1800
buy,bid,10.00,2026-06-08T17:28:16.477731Z,0.112000,04c2e7a4-a5b1-4252-7528-1e9da211a89d,True,KXBRENTD-26JUN0817-T93.50,0.2000,a73db008-0f93-400f-b605-fecaeddca16b,yes,yes,0,KXBRENTD-26JUN0817-T93.50,04c2e7a4-a5b1-4252-7528-1e9da211a89d,1780939696,0.8000
buy,ask,3.00,2026-06-08T12:47:48.793277Z,0.038400,bba54ce1-d537-6fbe-c041-923e2fb91c89,True,KXBRENTD-26JUN0817-T96,0.7600,732eaae9-031c-48d9-9145-848cf3fbeeb7,no,no,0,KXBRENTD-26JUN0817-T96,bba54ce1-d537-6fbe-c041-923e2fb91c89,1780922868,0.2400
buy,ask,5.00,2026-06-08T12:47:41.046415Z,0.039600,39adf7ca-d1ce-7642-7b15-ca37b5c9dcde,True,KXBRENTD-26JUN0817-T97,0.8700,e2adc9aa-a733-4f1d-bf01-d603a588b713,no,no,0,KXBRENTD-26JUN0817-T97,39adf7ca-d1ce-7642-7b15-ca37b5c9dcde,1780922861,0.1300
buy,ask,4.00,2026-06-08T12:47:32.972648Z,0.041400,2380afc6-287f-42b3-31ce-b853ce8258a4,True,KXBRENTD-26JUN0817-T96.50,0.8200,d84ad184-90bb-4388-a72d-50b3d46e066b,no,no,0,KXBRENTD-26JUN0817-T96.50,2380afc6-287f-42b3-31ce-b853ce8258a4,1780922852,0.1800
buy,bid,5.00,2026-06-08T12:46:53.480752Z,0.037000,8d125d4b-0382-5adc-f2fc-ffe155f3d9ac,True,KXBRENTD-26JUN0817-T92,0.1200,8989a96b-d7d3-469d-9ad3-c8530ba6165c,yes,yes,0,KXBRENTD-26JUN0817-T92,8d125d4b-0382-5adc-f2fc-ffe155f3d9ac,1780922813,0.8800
buy,bid,4.00,2026-06-08T12:46:36.87439Z,0.043100,1e9a2f2b-c7a8-73d5-f134-63a7eaa7557a,True,KXBRENTD-26JUN0817-T92.50,0.1900,a7e221bf-498a-4ed2-9f65-922f7a3e666b,yes,yes,0,KXBRENTD-26JUN0817-T92.50,1e9a2f2b-c7a8-73d5-f134-63a7eaa7557a,1780922796,0.8100
buy,bid,3.00,2026-06-08T12:46:25.543065Z,0.037200,8189364d-840e-6503-c43b-4bc576b6b335,True,KXBRENTD-26JUN0817-T93,0.2300,cfd08d52-5201-482d-9594-e5b28a79734b,yes,yes,0,KXBRENTD-26JUN0817-T93,8189364d-840e-6503-c43b-4bc576b6b335,1780922785,0.7700
sell,ask,5.00,2026-06-04T17:51:32.867903Z,0.083300,826618ba-5763-6be8-c4ee-89d517072435,True,KXBRENTD-26JUN0417-T94.50,0.3900,89836424-8410-4b72-9c30-73b3a0252b75,no,no,0,KXBRENTD-26JUN0417-T94.50,826618ba-5763-6be8-c4ee-89d517072435,1780595492,0.6100
sell,ask,2.00,2026-06-04T15:40:52.675666Z,0.033600,b3c6569d-04ce-4406-eaf2-db22935f3223,True,KXBRENTD-26JUN0417-T95.50,0.6000,1219c829-c0c6-425c-9bc4-13161d50e8f0,no,no,0,KXBRENTD-26JUN0417-T95.50,b3c6569d-04ce-4406-eaf2-db22935f3223,1780587652,0.4000
sell,ask,3.00,2026-06-04T15:40:46.278263Z,0.051500,bea2a9ba-aba7-5ed9-a285-917b95773ecd,True,KXBRENTD-26JUN0417-T95,0.4300,436c4cd3-f7ad-46a1-85cb-298df5cf4f49,no,no,0,KXBRENTD-26JUN0417-T95,bea2a9ba-aba7-5ed9-a285-917b95773ecd,1780587646,0.5700
buy,bid,2.00,2026-06-04T12:25:21.376947Z,0.029400,e3d93e76-f922-53f1-5989-4f0aa3676b9e,True,KXBRENTD-26JUN0417-T94,0.3000,b0ac9163-20a4-4447-baa7-088dda138a95,yes,yes,0,KXBRENTD-26JUN0417-T94,e3d93e76-f922-53f1-5989-4f0aa3676b9e,1780575921,0.7000
buy,bid,3.00,2026-06-04T12:15:43.443053Z,0.046500,1f70fbd4-f014-5222-93a5-6cb97dd0c65a,True,KXBRENTD-26JUN0417-T93.50,0.3300,9e999905-8ce9-4629-867d-b307f4f09c0a,yes,yes,0,KXBRENTD-26JUN0417-T93.50,1f70fbd4-f014-5222-93a5-6cb97dd0c65a,1780575343,0.6700
buy,ask,4.00,2026-06-04T11:54:09.964177Z,0.039600,b48def71-344b-7d7a-099f-dd56a839978f,True,KXBRENTD-26JUN0417-T96.50,0.8300,50fd9faa-39db-4cee-a555-c8ffa2cb36b0,no,no,0,KXBRENTD-26JUN0417-T96.50,b48def71-344b-7d7a-099f-dd56a839978f,1780574049,0.1700
buy,ask,7.00,2026-06-04T11:53:53.05432Z,0.091900,3f3db82b-ac0c-448b-7d7a-865a4f62adbc,True,KXBRENTD-26JUN0417-T96,0.7500,c401ce70-967a-43ae-be8d-211278fa0d0c,no,no,0,KXBRENTD-26JUN0417-T96,3f3db82b-ac0c-448b-7d7a-865a4f62adbc,1780574033,0.2500
buy,ask,2.00,2026-06-04T11:38:18.902639Z,0.023300,39904234-9a19-53fe-7433-df7bc5f84569,True,KXBRENTD-26JUN0417-T97,0.7900,b09fe03f-f010-473d-bf36-d8cfda4a0a32,no,no,0,KXBRENTD-26JUN0417-T97,39904234-9a19-53fe-7433-df7bc5f84569,1780573098,0.2100
buy,ask,2.00,2026-06-04T11:32:15.256498Z,0.033900,350fa5d6-27b3-6864-8eb1-1035dd4bd618,True,KXBRENTD-26JUN0417-T96,0.5900,287b07a8-e445-497f-8295-cdd3cb42d14d,no,no,0,KXBRENTD-26JUN0417-T96,350fa5d6-27b3-6864-8eb1-1035dd4bd618,1780572735,0.4100
buy,ask,5.00,2026-06-04T10:55:25.356017Z,0.034300,8e24e5df-b265-6d65-5542-98da582879df,True,KXBRENTD-26JUN0417-T98.50,0.8900,f808c5dd-0950-4b8f-b928-4998a481800d,no,no,0,KXBRENTD-26JUN0417-T98.50,8e24e5df-b265-6d65-5542-98da582879df,1780570525,0.1100
buy,ask,3.00,2026-06-04T10:55:14.602783Z,0.032400,dc9ada8c-4933-6fe2-e93e-c448af18f3d3,True,KXBRENTD-26JUN0417-T98,0.8100,9a183f1a-7563-49ad-9a0d-fdfe2a98d2c2,no,no,0,KXBRENTD-26JUN0417-T98,dc9ada8c-4933-6fe2-e93e-c448af18f3d3,1780570514,0.1900
buy,ask,2.00,2026-06-04T10:54:44.604232Z,0.028900,0fe5138f-a0c5-7355-fd21-325e6a3ad11f,True,KXBRENTD-26JUN0417-T97.50,0.7100,746e2c4b-80fe-4fe2-9c3e-3392c2fc0d53,no,no,0,KXBRENTD-26JUN0417-T97.50,0fe5138f-a0c5-7355-fd21-325e6a3ad11f,1780570484,0.2900
buy,bid,5.00,2026-06-04T10:54:21.137038Z,0.042200,b5479ce1-0bdf-548c-973d-9fb01c29e732,True,KXBRENTD-26JUN0417-T94.50,0.1400,2d437c93-5a3f-4722-8f78-80fdb1e0c1ed,yes,yes,0,KXBRENTD-26JUN0417-T94.50,b5479ce1-0bdf-548c-973d-9fb01c29e732,1780570461,0.8600
buy,bid,3.00,2026-06-04T10:54:10.843512Z,0.032400,3ada1fa4-cc84-76b3-eae2-5a1660977b4c,True,KXBRENTD-26JUN0417-T95,0.1900,8a19fdd1-3b42-4f00-9c65-a617b17b887d,yes,yes,0,KXBRENTD-26JUN0417-T95,3ada1fa4-cc84-76b3-eae2-5a1660977b4c,1780570450,0.8100
buy,bid,2.00,2026-06-04T10:53:43.80347Z,0.027600,5e652635-7acf-6e13-15c8-95b91ffdd56d,True,KXBRENTD-26JUN0417-T95.50,0.2700,0d9739c7-fd2c-48dc-a953-0a4d250056f6,yes,yes,0,KXBRENTD-26JUN0417-T95.50,5e652635-7acf-6e13-15c8-95b91ffdd56d,1780570423,0.7300
sell,bid,4.00,2026-06-03T17:42:19.197535Z,0.067200,b189c233-00b4-407c-6fd0-40f51aa2e275,True,KXBRENTD-26JUN0317-T98.50,0.6000,9e7ef656-9958-42f0-b573-bce1161c3510,yes,yes,0,KXBRENTD-26JUN0317-T98.50,b189c233-00b4-407c-6fd0-40f51aa2e275,1780508539,0.4000
buy,ask,6.00,2026-06-03T13:16:32.787165Z,0.074400,1e82837e-4455-7269-aa1a-dfaf66b7aa57,True,KXBRENTD-26JUN0317-T99.00,0.7700,2b2bd72a-c883-4c0e-8f22-3377d2052f5f,no,no,0,KXBRENTD-26JUN0317-T99.00,1e82837e-4455-7269-aa1a-dfaf66b7aa57,1780492592,0.2300
buy,ask,4.00,2026-06-03T11:43:14.328815Z,0.067800,952aed94-3ea0-79d3-59b6-059ac0878717,True,KXBRENTD-26JUN0317-T98.50,0.5900,75f60155-f129-4d25-b7c8-7e05d130517b,no,no,0,KXBRENTD-26JUN0317-T98.50,952aed94-3ea0-79d3-59b6-059ac0878717,1780486994,0.4100
sell,ask,4.00,2026-06-03T11:15:02.638832Z,0.064600,dd780e94-9675-63db-8a78-89a1f7d68ef3,True,KXBRENTD-26JUN0317-T97.50,0.3600,44eee79c-0574-49d3-84dd-00f3af4100a5,no,no,0,KXBRENTD-26JUN0317-T97.50,dd780e94-9675-63db-8a78-89a1f7d68ef3,1780485302,0.6400
buy,bid,5.00,2026-06-03T10:51:18.505494Z,0.049400,03d2b23d-a826-44c3-a2ee-0d2acc5b57c1,True,KXBRENTD-26JUN0317-T96.50,0.1700,68c56f64-93a0-412c-8c90-d60809373a90,yes,yes,0,KXBRENTD-26JUN0317-T96.50,03d2b23d-a826-44c3-a2ee-0d2acc5b57c1,1780483878,0.8300
buy,bid,4.00,2026-06-03T10:50:36.925956Z,0.057700,51258dd6-ef77-7c7e-d113-acc95e067fd1,True,KXBRENTD-26JUN0317-T97.50,0.2900,bbb7fedf-45a4-4e3f-9e39-22bb6265ea34,yes,yes,0,KXBRENTD-26JUN0317-T97.50,51258dd6-ef77-7c7e-d113-acc95e067fd1,1780483836,0.7100
buy,bid,5.00,2026-06-03T10:49:54.350669Z,0.058100,413e415f-3de6-4031-1f88-6a5f4300995a,True,KXBRENTD-26JUN0317-T97,0.2100,e8503351-639c-417f-a219-5f58e25cb9ae,yes,yes,0,KXBRENTD-26JUN0317-T97,413e415f-3de6-4031-1f88-6a5f4300995a,1780483794,0.7900
sell,bid,3.00,2026-06-03T10:46:58.956373Z,0.052500,0f131eb3-f61e-7556-3c7e-84a09c9f874a,True,KXBRENTD-26JUN0317-T99.00,0.5200,4d93270e-7b6b-4ef9-a98f-5bcf8251b7be,yes,yes,0,KXBRENTD-26JUN0317-T99.00,0f131eb3-f61e-7556-3c7e-84a09c9f874a,1780483618,0.4800
sell,bid,4.00,2026-06-03T10:46:51.418689Z,0.066000,759831ec-772a-6f96-effb-9e5fec5e1989,True,KXBRENTD-26JUN0317-T99.50,0.6200,d41800c4-c556-4906-91af-731222b00e2e,yes,yes,0,KXBRENTD-26JUN0317-T99.50,759831ec-772a-6f96-effb-9e5fec5e1989,1780483611,0.3800
sell,bid,5.00,2026-06-03T10:46:29.218972Z,0.062000,d5d81bc4-e1b8-7841-736c-c29c95530a10,True,KXBRENTD-26JUN0317-T100.50,0.7700,6cd7c004-e5aa-4e06-b726-0194d45433d8,yes,yes,0,KXBRENTD-26JUN0317-T100.50,d5d81bc4-e1b8-7841-736c-c29c95530a10,1780483589,0.2300
buy,ask,5.00,2026-06-03T01:55:27.470328Z,0.039600,f43f9af0-6673-4841-cbf1-780395daee37,True,KXBRENTD-26JUN0317-T100.50,0.8700,b32a2102-801d-42cd-9a89-cf11ab4f29e2,no,no,0,KXBRENTD-26JUN0317-T100.50,f43f9af0-6673-4841-cbf1-780395daee37,1780451727,0.1300
buy,ask,4.00,2026-06-03T01:55:16.17452Z,0.039600,4e32cdf8-0fce-4c9e-4fb6-0b8e8c110fb1,True,KXBRENTD-26JUN0317-T99.50,0.8300,1c3d9da6-9345-403b-be72-6a15f32f2d14,no,no,0,KXBRENTD-26JUN0317-T99.50,4e32cdf8-0fce-4c9e-4fb6-0b8e8c110fb1,1780451716,0.1700
buy,ask,3.00,2026-06-03T01:54:48.042405Z,0.036100,b2099a26-8d39-4d12-5f65-d3cfdf5a3475,True,KXBRENTD-26JUN0317-T99.00,0.7800,901999a8-34cc-4293-bca6-77638fcb739d,no,no,0,KXBRENTD-26JUN0317-T99.00,b2099a26-8d39-4d12-5f65-d3cfdf5a3475,1780451688,0.2200
buy,bid,3.00,2026-06-03T01:54:19.022033Z,0.034900,4d5a41b1-bc4e-4034-9d28-c9b19c3133f5,True,KXBRENTD-26JUN0317-T95,0.2100,f18c7d88-4fc3-4326-8e67-55e64b7ab690,yes,yes,0,KXBRENTD-26JUN0317-T95,4d5a41b1-bc4e-4034-9d28-c9b19c3133f5,1780451659,0.7900
buy,bid,4.00,2026-06-03T01:54:06.852402Z,0.037700,dde0bddf-8dc2-5da2-3019-5242580f8a1b,True,KXBRENTD-26JUN0317-T94.50,0.1600,06d47340-3626-47b3-a635-1e0cb2ed4b90,yes,yes,0,KXBRENTD-26JUN0317-T94.50,dde0bddf-8dc2-5da2-3019-5242580f8a1b,1780451646,0.8400
buy,bid,5.00,2026-06-03T01:53:52.647747Z,0.037000,cd78c994-8e87-774f-08ae-83e1b47dffd5,True,KXBRENTD-26JUN0317-T94,0.1200,55aadbfe-8fdf-4c6d-a2c7-0f1c1110ef8e,yes,yes,0,KXBRENTD-26JUN0317-T94,cd78c994-8e87-774f-08ae-83e1b47dffd5,1780451632,0.8800
sell,ask,5.00,2026-06-02T19:04:26.429605Z,0.006900,be69014d-0ff9-734e-e506-891517acc11f,True,KXBRENTD-26JUN0217-T94,0.0200,4c30599f-e4d8-4d9b-916d-7513bb49f9c0,no,no,0,KXBRENTD-26JUN0217-T94,be69014d-0ff9-734e-e506-891517acc11f,1780427066,0.9800
sell,ask,1.11,2026-06-02T19:04:20.000494Z,0.000800,da7a5647-5936-40f6-be40-efb1a2707c6c,True,KXBRENTD-26JUN0217-T93.50,0.0100,48c520d9-570f-4267-88ef-ece380a6a9c0,no,no,0,KXBRENTD-26JUN0217-T93.50,da7a5647-5936-40f6-be40-efb1a2707c6c,1780427060,0.9900
sell,ask,3.89,2026-06-02T19:04:20.000494Z,0.005400,aa1adc25-674b-4e13-9b82-ef421f2efe38,True,KXBRENTD-26JUN0217-T93.50,0.0200,48c520d9-570f-4267-88ef-ece380a6a9c0,no,no,0,KXBRENTD-26JUN0217-T93.50,aa1adc25-674b-4e13-9b82-ef421f2efe38,1780427060,0.9800
sell,bid,3.00,2026-06-02T19:03:59.955131Z,0.028300,0cf208e3-7c3e-794e-37bf-c38a0764fa8e,True,KXBRENTD-26JUN0217-T97,0.8400,d7373a3e-c351-4e73-a5aa-13143438cfa4,yes,yes,0,KXBRENTD-26JUN0217-T97,0cf208e3-7c3e-794e-37bf-c38a0764fa8e,1780427039,0.1600
buy,ask,3.00,2026-06-02T14:23:32.571931Z,0.023800,bcb13c83-2f09-41da-ebbf-6b1caed1ca10,True,KXBRENTD-26JUN0217-T97,0.8700,56b69354-9064-4335-9c7e-a06af420c5e7,no,no,0,KXBRENTD-26JUN0217-T97,bcb13c83-2f09-41da-ebbf-6b1caed1ca10,1780410212,0.1300
buy,bid,5.00,2026-06-02T14:23:00.879554Z,0.063900,12f7b250-133d-47f9-5025-6419db673bf4,True,KXBRENTD-26JUN0217-T94,0.2400,c52be96a-dbaf-43bd-bebe-31b89b0b6d5e,yes,yes,0,KXBRENTD-26JUN0217-T94,12f7b250-133d-47f9-5025-6419db673bf4,1780410180,0.7600
buy,bid,5.00,2026-06-02T14:22:45.265416Z,0.051700,d1809611-283b-79e3-246c-a9963651a6b9,True,KXBRENTD-26JUN0217-T93.50,0.1800,dcd8df03-72f3-4f39-a0cd-e37e70f06a3a,yes,yes,0,KXBRENTD-26JUN0217-T93.50,d1809611-283b-79e3-246c-a9963651a6b9,1780410165,0.8200
buy,ask,2.00,2026-06-01T17:59:47.039616Z,0.017900,fee06d13-32f9-5fb3-2387-7d8b8c794952,True,KXBRENTD-26JUN0117-T96,0.8500,e91babbd-a1c5-452e-ac17-bde6f52bae25,no,no,0,KXBRENTD-26JUN0117-T96,fee06d13-32f9-5fb3-2387-7d8b8c794952,1780336787,0.1500
buy,ask,8.00,2026-06-01T17:59:47.039616Z,0.067500,fc6ab915-0f8d-5e7d-3be1-aead41824ac5,True,KXBRENTD-26JUN0117-T96,0.8600,e91babbd-a1c5-452e-ac17-bde6f52bae25,no,no,0,KXBRENTD-26JUN0117-T96,fc6ab915-0f8d-5e7d-3be1-aead41824ac5,1780336787,0.1400
buy,ask,5.00,2026-06-01T17:59:05.493196Z,0.067400,ca8299c6-f551-5d76-2cfe-9384feb02b92,True,KXBRENTD-26JUN0117-T95.50,0.7400,a633f121-f0f2-4689-a318-61f56b8aa690,no,no,0,KXBRENTD-26JUN0117-T95.50,ca8299c6-f551-5d76-2cfe-9384feb02b92,1780336745,0.2600
sell,ask,1.00,2026-06-01T17:58:15.663336Z,0.017500,c43ec60d-9fc6-6d6b-32a0-d73666424760,True,KXBRENTD-26JUN0117-T94.50,0.4800,a53e05cc-ce1f-4a69-a1c9-4e2cbfe1d374,no,no,0,KXBRENTD-26JUN0117-T94.50,c43ec60d-9fc6-6d6b-32a0-d73666424760,1780336695,0.5200
sell,ask,9.00,2026-06-01T17:58:15.663336Z,0.157300,1a135571-87fc-6956-1363-a5035c3e6422,True,KXBRENTD-26JUN0117-T94.50,0.4800,a53e05cc-ce1f-4a69-a1c9-4e2cbfe1d374,no,no,0,KXBRENTD-26JUN0117-T94.50,1a135571-87fc-6956-1363-a5035c3e6422,1780336695,0.5200
buy,ask,1.05,2026-06-01T17:22:04.402364Z,0.013100,95bf9e42-dc4f-6445-b736-5646bacd5be8,True,KXBRENTD-26JUN0117-T97,0.7700,6cd052f3-f434-4a9f-8537-992d6500effc,no,no,0,KXBRENTD-26JUN0117-T97,95bf9e42-dc4f-6445-b736-5646bacd5be8,1780334524,0.2300
buy,ask,8.95,2026-06-01T17:22:04.402364Z,0.107600,69b5262b-b193-6408-a09e-55de5568964b,True,KXBRENTD-26JUN0117-T97,0.7800,6cd052f3-f434-4a9f-8537-992d6500effc,no,no,0,KXBRENTD-26JUN0117-T97,69b5262b-b193-6408-a09e-55de5568964b,1780334524,0.2200
sell,ask,4.00,2026-06-01T17:21:40.721824Z,0.070000,34d9a0ba-e03b-6ffc-93ad-8d1863f8d390,True,KXBRENTD-26JUN0117-T96,0.4900,d20ae00b-649c-4be9-89bd-afc2ba67dc52,no,no,0,KXBRENTD-26JUN0117-T96,34d9a0ba-e03b-6ffc-93ad-8d1863f8d390,1780334500,0.5100
sell,ask,1.00,2026-06-01T17:21:40.721824Z,0.017500,1c433a4e-acb7-6aa1-b325-b56068c77713,True,KXBRENTD-26JUN0117-T96,0.4800,d20ae00b-649c-4be9-89bd-afc2ba67dc52,no,no,0,KXBRENTD-26JUN0117-T96,1c433a4e-acb7-6aa1-b325-b56068c77713,1780334500,0.5200
sell,ask,5.00,2026-06-01T17:21:34.315179Z,0.080700,ddb85377-1a59-45f9-735f-33319181bab2,True,KXBRENTD-26JUN0117-T96.50,0.6400,a7033ffc-f6e8-43ee-b18a-da243119c8b6,no,no,0,KXBRENTD-26JUN0117-T96.50,ddb85377-1a59-45f9-735f-33319181bab2,1780334494,0.3600
buy,bid,5.00,2026-06-01T14:57:28.469159Z,0.069000,e3830d18-fe3f-5bdd-52dd-ca637bc3c0e7,True,KXBRENTD-26JUN0117-T96.50,0.2700,806877f2-d82e-47bd-ba48-287be3aa62dc,yes,yes,0,KXBRENTD-26JUN0117-T96.50,e3830d18-fe3f-5bdd-52dd-ca637bc3c0e7,1780325848,0.7300
buy,bid,5.00,2026-06-01T14:33:14.715823Z,0.051700,63cde590-933d-4f1c-534d-e71412153b7c,True,KXBRENTD-26JUN0117-T96,0.1800,57f6e132-56e0-4144-b972-d9d6763af943,yes,yes,0,KXBRENTD-26JUN0117-T96,63cde590-933d-4f1c-534d-e71412153b7c,1780324394,0.8200
buy,ask,5.00,2026-06-01T14:31:54.185821Z,0.087200,0fd0f98d-f7b4-6570-2daa-34d0b690f8b6,True,KXBRENTD-26JUN0117-T97.50,0.5300,f8972acc-9577-481f-aaeb-0f2dcab5e5a7,no,no,0,KXBRENTD-26JUN0117-T97.50,0fd0f98d-f7b4-6570-2daa-34d0b690f8b6,1780324314,0.4700
sell,bid,5.00,2026-06-01T14:19:45.891618Z,0.049400,dab4b5c2-e5ad-633f-c74e-5dcfc71337c4,True,KXBRENTD-26JUN0117-T95.50,0.1700,993e330d-430b-488e-9050-c80eaa8ee501,yes,yes,0,KXBRENTD-26JUN0117-T95.50,dab4b5c2-e5ad-633f-c74e-5dcfc71337c4,1780323585,0.8300
sell,bid,5.00,2026-06-01T14:19:39.876137Z,0.042200,3aee86e5-206e-5d49-6865-0ed86b299787,True,KXBRENTD-26JUN0117-T95,0.1400,2026b256-0d5a-459e-b8f2-f8c55c33f06e,yes,yes,0,KXBRENTD-26JUN0117-T95,3aee86e5-206e-5d49-6865-0ed86b299787,1780323579,0.8600
sell,ask,1.00,2026-06-01T14:04:32.136422Z,0.004600,9c013d1c-4830-5217-617a-ae4f405ba25d,True,KXGOLDD-26JUN0117-T4501,0.9300,d2cc623a-294f-476e-b80e-aa8dc27839bb,no,no,0,KXGOLDD-26JUN0117-T4501,9c013d1c-4830-5217-617a-ae4f405ba25d,1780322672,0.0700
sell,ask,1.00,2026-06-01T14:04:32.136422Z,0.006900,4aae21de-ed93-55ec-419d-3cd759c751a4,True,KXGOLDD-26JUN0117-T4501,0.8900,d2cc623a-294f-476e-b80e-aa8dc27839bb,no,no,0,KXGOLDD-26JUN0117-T4501,4aae21de-ed93-55ec-419d-3cd759c751a4,1780322672,0.1100
sell,ask,2.00,2026-06-01T14:04:23.877768Z,0.023300,c317a6e9-29d4-698f-e5ba-2ece444df4a5,True,KXGOLDD-26JUN0117-T4491,0.7900,e8ebf2c7-7310-4aa2-902b-e092061886fd,no,no,0,KXGOLDD-26JUN0117-T4491,c317a6e9-29d4-698f-e5ba-2ece444df4a5,1780322663,0.2100
sell,bid,5.00,2026-06-01T13:51:03.722248Z,0.049400,0c343d15-3930-5adf-bffe-501e4f622ba9,True,KXWTI-26JUN0114-T91.99,0.1700,df3a67ec-1a34-4618-82ab-300d36071bb1,yes,yes,0,KXWTI-26JUN0114-T91.99,0c343d15-3930-5adf-bffe-501e4f622ba9,1780321863,0.8300
sell,bid,5.00,2026-06-01T13:50:57.811212Z,0.031500,5e8db5f9-1cf8-444b-14f2-fea2bed83b89,True,KXWTI-26JUN0114-T90.99,0.1000,2db1c08c-635c-41dd-a8ee-72afd6b93e9f,yes,yes,0,KXWTI-26JUN0114-T90.99,5e8db5f9-1cf8-444b-14f2-fea2bed83b89,1780321857,0.9000
sell,ask,5.00,2026-06-01T13:50:47.086268Z,0.006900,0a32b396-873e-6d03-dd24-06f7306a304c,True,KXWTI-26JUN0114-T87.99,0.0200,96ad538d-9e93-4a83-943d-cd4ba1ba4b17,no,no,0,KXWTI-26JUN0114-T87.99,0a32b396-873e-6d03-dd24-06f7306a304c,1780321847,0.9800
sell,ask,5.00,2026-06-01T13:50:41.35538Z,0.003500,36ca645e-ea8a-7925-a71c-a7e6d490964b,True,KXWTI-26JUN0114-T86.99,0.0100,c79ef08b-e3b0-4d72-8b60-76ec034dd272,no,no,0,KXWTI-26JUN0114-T86.99,36ca645e-ea8a-7925-a71c-a7e6d490964b,1780321841,0.9900
buy,bid,10.00,2026-06-01T13:47:10.027369Z,0.116200,aba578e7-4e11-441a-2d2a-18e8ee4516ab,True,KXBRENTD-26JUN0117-T94.50,0.2100,62c85748-dbb7-416e-adba-c804544bf6ed,yes,yes,0,KXBRENTD-26JUN0117-T94.50,aba578e7-4e11-441a-2d2a-18e8ee4516ab,1780321630,0.7900
sell,ask,5.00,2026-06-01T13:46:51.261346Z,0.016700,e9d5557b-e3b6-649d-5772-80241b296b3e,True,KXBRENTD-26JUN0117-T91,0.0500,36660856-0201-48f2-b92d-230cd7b2bffe,no,no,0,KXBRENTD-26JUN0117-T91,e9d5557b-e3b6-649d-5772-80241b296b3e,1780321611,0.9500
sell,ask,5.00,2026-06-01T13:46:37.179043Z,0.010200,c28092a7-efa9-7992-57ec-156b268789d3,True,KXBRENTD-26JUN0117-T90.50,0.0300,6d97f9f6-ae33-4ef7-be04-50e6c871cd94,no,no,0,KXBRENTD-26JUN0117-T90.50,c28092a7-efa9-7992-57ec-156b268789d3,1780321597,0.9700
buy,ask,1.31,2026-06-01T12:28:15.635719Z,0.009700,629525f1-61bb-7265-0e88-181d08fb92f8,True,KXGOLDD-26JUN0117-T4551,0.8800,a2a47e1b-f173-4dbe-a8f6-bcffeb3eabe5,no,no,0,KXGOLDD-26JUN0117-T4551,629525f1-61bb-7265-0e88-181d08fb92f8,1780316895,0.1200
buy,ask,0.69,2026-06-01T12:28:15.635719Z,0.005200,34760679-f085-7faa-1c58-0e8f8b742487,True,KXGOLDD-26JUN0117-T4551,0.8800,a2a47e1b-f173-4dbe-a8f6-bcffeb3eabe5,no,no,0,KXGOLDD-26JUN0117-T4551,34760679-f085-7faa-1c58-0e8f8b742487,1780316895,0.1200
buy,ask,2.00,2026-06-01T12:25:06.210692Z,0.031000,70a49c87-0e6f-6a19-9b2f-5d691e81baac,True,KXGOLDD-26JUN0117-T4521,0.6700,afccefe0-b7eb-49ee-87fb-846faad277f1,no,no,0,KXGOLDD-26JUN0117-T4521,70a49c87-0e6f-6a19-9b2f-5d691e81baac,1780316706,0.3300
buy,ask,2.00,2026-06-01T12:23:59.62508Z,0.034900,fb560488-7acd-6c57-a191-e0cac62eca18,True,KXGOLDD-26JUN0117-T4511,0.5300,34bbb116-cd82-48ef-893d-be1b4285b320,no,no,0,KXGOLDD-26JUN0117-T4511,fb560488-7acd-6c57-a191-e0cac62eca18,1780316639,0.4700
buy,ask,2.00,2026-05-31T22:38:34.156789Z,0.013800,d00dfc72-9f74-6110-393b-6964316e1694,True,KXGOLDD-26JUN0117-T4591,0.8900,1dbc0bc7-05e1-4ad0-a6e0-5e079c537d65,no,no,0,KXGOLDD-26JUN0117-T4591,d00dfc72-9f74-6110-393b-6964316e1694,1780267114,0.1100
buy,ask,2.00,2026-05-31T22:38:25.230237Z,0.024100,fc3366eb-7296-76bd-5651-081aac428b59,True,KXGOLDD-26JUN0117-T4581,0.7800,9a4b4f44-1366-4cff-be5f-dce86f6130f4,no,no,0,KXGOLDD-26JUN0117-T4581,fc3366eb-7296-76bd-5651-081aac428b59,1780267105,0.2200
buy,bid,2.00,2026-05-31T22:37:34.477173Z,0.019800,ccf25efd-be8d-6be4-6a61-ee01b0fea6bf,True,KXGOLDD-26JUN0117-T4491,0.1700,a4cb1956-e32a-4b61-b8f3-b4f5ff764855,yes,yes,0,KXGOLDD-26JUN0117-T4491,ccf25efd-be8d-6be4-6a61-ee01b0fea6bf,1780267054,0.8300
buy,bid,1.00,2026-05-31T22:37:27.631064Z,0.012100,d4f98bb2-e811-75b9-955d-c50a3115ee9f,True,KXGOLDD-26JUN0117-T4501,0.2200,a101098f-3aa6-4e9c-82e4-039df4510e8e,yes,yes,0,KXGOLDD-26JUN0117-T4501,d4f98bb2-e811-75b9-955d-c50a3115ee9f,1780267047,0.7800
buy,bid,1.00,2026-05-31T22:37:27.631064Z,0.012100,9aeaee3d-d033-7408-9b7d-1581eb7e858c,True,KXGOLDD-26JUN0117-T4501,0.2200,a101098f-3aa6-4e9c-82e4-039df4510e8e,yes,yes,0,KXGOLDD-26JUN0117-T4501,9aeaee3d-d033-7408-9b7d-1581eb7e858c,1780267047,0.7800
buy,ask,5.00,2026-05-31T22:12:41.992961Z,0.067400,89fdc348-7fce-674d-e937-ccb195a22d46,True,KXBRENTD-26JUN0117-T95,0.7400,1823aa63-ab4d-4af9-99b6-d9e7256d751a,no,no,0,KXBRENTD-26JUN0117-T95,89fdc348-7fce-674d-e937-ccb195a22d46,1780265561,0.2600
buy,ask,5.00,2026-05-31T22:12:09.277763Z,0.051700,85ba98a0-c600-5011-521f-4590a5b5b63e,True,KXBRENTD-26JUN0117-T95.50,0.8200,5eaee6c4-a6df-4727-bec0-49510249900a,no,no,0,KXBRENTD-26JUN0117-T95.50,85ba98a0-c600-5011-521f-4590a5b5b63e,1780265529,0.1800
buy,bid,5.00,2026-05-31T22:11:46.455073Z,0.060100,5c948608-db7c-63ff-e083-400d46671747,True,KXBRENTD-26JUN0117-T91,0.2200,7a737ad0-c8a1-4bf2-920f-f2b3e7ccf198,yes,yes,0,KXBRENTD-26JUN0117-T91,5c948608-db7c-63ff-e083-400d46671747,1780265506,0.7800
buy,bid,5.00,2026-05-31T22:11:39.339714Z,0.056000,c842ec24-c4d2-59d1-c4a8-d64be6b8d4d8,True,KXBRENTD-26JUN0117-T90.50,0.2000,76e18b4a-02b1-4543-9912-746a075eb677,yes,yes,0,KXBRENTD-26JUN0117-T90.50,c842ec24-c4d2-59d1-c4a8-d64be6b8d4d8,1780265499,0.8000
buy,ask,5.00,2026-05-31T22:10:39.759051Z,0.074900,18c7a34a-21b5-6336-d291-486feab5e41d,True,KXWTI-26JUN0114-T90.99,0.6900,a9c32c2f-24a3-493f-94b2-da080c265c94,no,no,0,KXWTI-26JUN0114-T90.99,18c7a34a-21b5-6336-d291-486feab5e41d,1780265439,0.3100
buy,ask,5.00,2026-05-31T22:10:32.955413Z,0.060100,022cfbfa-fd16-780a-9807-6cd709713c2d,True,KXWTI-26JUN0114-T91.99,0.7800,49c5d7d1-f7e1-4e15-809d-82f7445c27ea,no,no,0,KXWTI-26JUN0114-T91.99,022cfbfa-fd16-780a-9807-6cd709713c2d,1780265432,0.2200
buy,bid,5.00,2026-05-31T22:09:43.890286Z,0.053900,95ab72ca-79ad-619d-674c-67c5382676fd,True,KXWTI-26JUN0114-T86.99,0.1900,18d3ec74-fa85-4b67-b015-33c3852213ce,yes,yes,0,KXWTI-26JUN0114-T86.99,95ab72ca-79ad-619d-674c-67c5382676fd,1780265383,0.8100
buy,bid,5.00,2026-05-31T22:09:35.166474Z,0.062000,e6eb69bd-9693-5f72-4531-74b9a0695914,True,KXWTI-26JUN0114-T87.99,0.2300,8707863f-e96a-44b1-bca7-fb142d7ff3cc,yes,yes,0,KXWTI-26JUN0114-T87.99,e6eb69bd-9693-5f72-4531-74b9a0695914,1780265375,0.7700
sell,ask,5.00,2026-05-29T16:32:32.053474Z,0.085800,bc70df4c-e66b-61af-6cf2-b91e69e6b633,True,KXBRENTW-26MAY2917-T90.99,0.5700,2e7c0757-459a-48de-b6bd-ea726e831772,no,no,0,KXBRENTW-26MAY2917-T90.99,bc70df4c-e66b-61af-6cf2-b91e69e6b633,1780072352,0.4300
sell,ask,5.00,2026-05-29T00:09:50.815978Z,0.084700,46861041-b654-6bea-171f-835029134c73,True,KXBRENTW-26MAY2917-T92.99,0.5900,29ad9074-56d7-4b28-a8f3-9d795d1aff9e,no,no,0,KXBRENTW-26MAY2917-T92.99,46861041-b654-6bea-171f-835029134c73,1780013390,0.4100
buy,ask,5.00,2026-05-28T14:45:13.400331Z,0.034300,694ad5a3-8ef3-4212-2aab-1b8dca2c3bb5,True,KXBRENTW-26MAY2917-T96.99,0.8900,bb540fa9-18ad-406c-a3cc-f5c964934ae6,no,no,0,KXBRENTW-26MAY2917-T96.99,694ad5a3-8ef3-4212-2aab-1b8dca2c3bb5,1779979513,0.1100
buy,ask,5.00,2026-05-28T00:58:52.719532Z,0.090000,09453ae1-b83e-53e0-a481-867ec8e23cdc,True,KXBRENTW-26MAY2917-T94.99,0.6200,6dc1e990-bc58-461a-8423-0f4e3ceee31b,no,no,0,KXBRENTW-26MAY2917-T94.99,09453ae1-b83e-53e0-a481-867ec8e23cdc,1779929932,0.3800
buy,bid,1.00,2026-05-27T13:36:43.673818Z,0.020000,c000912b-340e-59b4-6c47-114891c8709d,True,KXBRENTD-26MAY2717-T92,0.2600,17b80629-0cce-470a-b16f-93740d363bcc,yes,yes,0,KXBRENTD-26MAY2717-T92,c000912b-340e-59b4-6c47-114891c8709d,1779889003,0.7400
buy,bid,1.00,2026-05-27T13:36:43.673818Z,0.010000,545b7b49-15e7-50d2-62a6-34f50d80a14a,True,KXBRENTD-26MAY2717-T92,0.2600,17b80629-0cce-470a-b16f-93740d363bcc,yes,yes,0,KXBRENTD-26MAY2717-T92,545b7b49-15e7-50d2-62a6-34f50d80a14a,1779889003,0.7400
buy,bid,8.00,2026-05-27T13:36:43.673818Z,0.110000,3de57790-827d-5f6f-47e1-e38c3fb4e98a,True,KXBRENTD-26MAY2717-T92,0.2600,17b80629-0cce-470a-b16f-93740d363bcc,yes,yes,0,KXBRENTD-26MAY2717-T92,3de57790-827d-5f6f-47e1-e38c3fb4e98a,1779889003,0.7400
sell,bid,10.00,2026-05-27T13:36:27.601358Z,0.170000,e5357e89-afca-5764-aa62-1a9d6dd70829,True,KXBRENTD-26MAY2717-T94,0.6300,5354c028-5407-4405-8ecc-04c06d62a72d,yes,yes,0,KXBRENTD-26MAY2717-T94,e5357e89-afca-5764-aa62-1a9d6dd70829,1779888987,0.3700
buy,ask,10.00,2026-05-27T12:39:51.710153Z,0.140000,69b8f02d-f24b-4182-f1d7-9197e17d34f2,True,KXBRENTD-26MAY2717-T94,0.7500,a9da6995-9150-4350-9c88-c37e55c8ab18,no,no,0,KXBRENTD-26MAY2717-T94,69b8f02d-f24b-4182-f1d7-9197e17d34f2,1779885591,0.2500
sell,ask,10.00,2026-05-27T12:38:16.53206Z,0.120000,fbed0620-f22b-4970-f331-361e3d7d6e47,True,KXWTI-26MAY2714-T89.99,0.8000,8b44c5ab-0915-439a-935a-18f3c46c12c6,no,no,0,KXWTI-26MAY2714-T89.99,fbed0620-f22b-4970-f331-361e3d7d6e47,1779885496,0.2000
sell,ask,5.00,2026-05-27T12:38:01.41548Z,0.040000,9e94218e-1822-7fc0-39c4-51eb2e7136a3,True,KXWTI-26MAY2714-T90.99,0.9000,d40c274c-0a32-4f90-a6f0-53a99eb426fc,no,no,0,KXWTI-26MAY2714-T90.99,9e94218e-1822-7fc0-39c4-51eb2e7136a3,1779885481,0.1000
buy,ask,7.73,2026-05-27T12:30:01.080167Z,0.130100,96fb17be-f50a-7078-bd70-5608d6ef6cd2,True,KXBRENTD-26MAY2717-T93.50,0.6300,b36118e4-b527-4d01-8d1b-ae6541502d8c,no,no,0,KXBRENTD-26MAY2717-T93.50,96fb17be-f50a-7078-bd70-5608d6ef6cd2,1779885001,0.3700
buy,ask,5.00,2026-05-27T11:37:31.814643Z,0.070000,a92862c1-bbf6-5356-dca0-db1adbc02fad,True,KXBRENTD-26MAY2717-T96,0.7700,0bd800b2-bc34-447f-9f94-10cf841d80c1,no,no,0,KXBRENTD-26MAY2717-T96,a92862c1-bbf6-5356-dca0-db1adbc02fad,1779881851,0.2300
buy,bid,5.00,2026-05-27T11:37:20.345962Z,0.070000,e1fdb834-eaeb-5e3d-bde4-ebcc5040e354,True,KXBRENTD-26MAY2717-T93,0.2300,2d08b1e3-48f0-4788-80ed-8efb73e70164,yes,yes,0,KXBRENTD-26MAY2717-T93,e1fdb834-eaeb-5e3d-bde4-ebcc5040e354,1779881840,0.7700
sell,bid,5.00,2026-05-27T11:35:06.397665Z,0.080000,28fa0855-79d7-73ce-9738-f5f06d1d792e,True,KXWTI-26MAY2714-T91.99,0.6700,488a446c-3293-4d96-8d55-f7a4d48830db,yes,yes,0,KXWTI-26MAY2714-T91.99,28fa0855-79d7-73ce-9738-f5f06d1d792e,1779881706,0.3300
buy,ask,10.00,2026-05-27T11:29:42.808102Z,0.140000,761b274f-5c36-4c71-6c94-e704c687a730,True,KXWTI-26MAY2714-T91.99,0.7400,efa9b518-7b65-40fe-bdd1-5463daf9f857,no,no,0,KXWTI-26MAY2714-T91.99,761b274f-5c36-4c71-6c94-e704c687a730,1779881382,0.2600
buy,ask,0.72,2026-05-27T04:18:50.805965Z,0.005200,fe3c5466-5b1a-7736-ed86-bf624c3296fc,True,KXWTI-26MAY2714-T94.99,0.8400,a8f0c6cb-f8dc-4edf-9bd5-95f408cc344c,no,no,0,KXWTI-26MAY2714-T94.99,fe3c5466-5b1a-7736-ed86-bf624c3296fc,1779855530,0.1600
buy,ask,4.28,2026-05-27T04:18:50.805965Z,0.044800,79f11c29-d6e2-7c40-d484-cbdf6d7b241f,True,KXWTI-26MAY2714-T94.99,0.8400,a8f0c6cb-f8dc-4edf-9bd5-95f408cc344c,no,no,0,KXWTI-26MAY2714-T94.99,79f11c29-d6e2-7c40-d484-cbdf6d7b241f,1779855530,0.1600
buy,ask,2.34,2026-05-27T04:18:43.085965Z,0.028200,b6a4ef3c-bd04-7492-70e6-1e1175f29140,True,KXWTI-26MAY2714-T93.99,0.7700,ee32239d-d1cb-4c4d-b794-e9f5ebac32c5,no,no,0,KXWTI-26MAY2714-T93.99,b6a4ef3c-bd04-7492-70e6-1e1175f29140,1779855523,0.2300
buy,ask,2.66,2026-05-27T04:18:43.085965Z,0.038400,b38f7a8a-21b4-78e6-4248-95732d29d4c7,True,KXWTI-26MAY2714-T93.99,0.7600,ee32239d-d1cb-4c4d-b794-e9f5ebac32c5,no,no,0,KXWTI-26MAY2714-T93.99,b38f7a8a-21b4-78e6-4248-95732d29d4c7,1779855523,0.2400
buy,bid,5.00,2026-05-27T04:18:30.750309Z,0.080000,7ab08697-70ee-6dc1-68a5-0f0d991a2097,True,KXWTI-26MAY2714-T90.99,0.3000,f4e40aa7-1c63-4a61-be88-ecc464811a71,yes,yes,0,KXWTI-26MAY2714-T90.99,7ab08697-70ee-6dc1-68a5-0f0d991a2097,1779855510,0.7000
buy,bid,5.00,2026-05-27T04:18:23.121275Z,0.050000,fbb57def-5684-63c4-f3b6-e15b0c3b011c,True,KXWTI-26MAY2714-T89.99,0.1600,febf5041-77c4-4b59-98ce-346c420229ab,yes,yes,0,KXWTI-26MAY2714-T89.99,fbb57def-5684-63c4-f3b6-e15b0c3b011c,1779855503,0.8400
buy,bid,5.00,2026-05-27T04:18:00.040829Z,0.050000,477c64a7-2914-73a4-bd19-44e8d766dd1c,True,KXWTI-26MAY2714-T89.99,0.1600,d18d1613-6820-4f41-8b65-dd00b4d55eab,yes,yes,0,KXWTI-26MAY2714-T89.99,477c64a7-2914-73a4-bd19-44e8d766dd1c,1779855480,0.8400
buy,ask,5.00,2026-05-27T04:16:20.560622Z,0.050000,26a7a223-c234-4997-8637-d99233b9e9d0,True,KXBRENTW-26MAY2917-T100.99,0.8300,1907f1c0-f632-428b-8515-2668c7129b09,no,no,0,KXBRENTW-26MAY2917-T100.99,26a7a223-c234-4997-8637-d99233b9e9d0,1779855380,0.1700
buy,ask,5.00,2026-05-27T04:16:08.319128Z,0.070000,490a9001-8b25-4e12-eb7e-5f96ede2b321,True,KXBRENTW-26MAY2917-T98.99,0.7300,9340721d-aa65-41b3-9c3c-26b879bf0277,no,no,0,KXBRENTW-26MAY2917-T98.99,490a9001-8b25-4e12-eb7e-5f96ede2b321,1779855368,0.2700
buy,bid,5.00,2026-05-27T04:15:52.383354Z,0.070000,8dfd4d2a-a50b-52a5-1fc4-cab1d91930fe,True,KXBRENTW-26MAY2917-T92.99,0.2700,99bf797e-a425-4564-a1d5-9ba2375e60de,yes,yes,0,KXBRENTW-26MAY2917-T92.99,8dfd4d2a-a50b-52a5-1fc4-cab1d91930fe,1779855352,0.7300
buy,bid,5.00,2026-05-27T04:15:38.428408Z,0.050000,b46e2172-0d26-4779-2b0b-871a306c276d,True,KXBRENTW-26MAY2917-T90.99,0.1700,8ce372ce-400f-4101-af68-d90fa2c13b51,yes,yes,0,KXBRENTW-26MAY2917-T90.99,b46e2172-0d26-4779-2b0b-871a306c276d,1779855338,0.8300
sell,ask,2.99,2026-05-26T18:42:53.711768Z,0.046200,3d7cc967-e213-589d-1e35-a1ddb9807b5c,True,KXGOLDMON-26MAY2917-T4533.99,0.6200,31b540a3-7708-4477-a984-86c076189741,no,no,0,KXGOLDMON-26MAY2917-T4533.99,3d7cc967-e213-589d-1e35-a1ddb9807b5c,1779820973,0.3800
sell,ask,0.01,2026-05-26T18:42:53.711768Z,0.005100,23a58ebf-f7c4-52b5-2dd9-0839e164981e,True,KXGOLDMON-26MAY2917-T4533.99,0.4900,31b540a3-7708-4477-a984-86c076189741,no,no,0,KXGOLDMON-26MAY2917-T4533.99,23a58ebf-f7c4-52b5-2dd9-0839e164981e,1779820973,0.5100
sell,bid,10.00,2026-05-26T18:42:29.296389Z,0.020000,6ab3954d-e243-62fc-a00f-4a8df5ff4b17,True,KXGABBARDOUT-26-JUN01,0.9830,e8d7b910-685a-49b9-89a9-5764c709760f,yes,yes,0,KXGABBARDOUT-26-JUN01,6ab3954d-e243-62fc-a00f-4a8df5ff4b17,1779820949,0.0170
sell,ask,10.00,2026-05-26T18:20:55.542856Z,0.010000,346aad19-b189-5507-1310-5acd1c7d9e38,True,KXWTI-26MAY2614-T89.99,0.0100,9102d2f5-1698-4464-affa-abfdeb61b8a7,no,no,0,KXWTI-26MAY2614-T89.99,346aad19-b189-5507-1310-5acd1c7d9e38,1779819655,0.9900
sell,ask,15.00,2026-05-26T18:20:06.125362Z,0.030000,ac3991ff-4654-6a5a-a6be-2a2b5534ee93,True,KXWTI-26MAY2614-T88.99,0.0200,673ef001-9273-488b-8de0-f44622a80cc6,no,no,0,KXWTI-26MAY2614-T88.99,ac3991ff-4654-6a5a-a6be-2a2b5534ee93,1779819606,0.9800
sell,bid,14.00,2026-05-26T12:36:27.071666Z,0.210000,b63809c8-0f73-4528-10d0-1e5eaa21b466,True,KXWTI-26MAY2614-T93.99,0.7000,9c457e37-312f-41a9-a029-6a94f6136ac5,yes,yes,0,KXWTI-26MAY2614-T93.99,b63809c8-0f73-4528-10d0-1e5eaa21b466,1779798987,0.3000
sell,bid,8.00,2026-05-26T01:33:38.85681Z,0.120000,ebd1840d-10dd-7649-1344-e38cbff74aec,True,KXWTI-26MAY2614-T93.99,0.7100,d5307965-1ad5-4d70-a497-abddd994ba77,yes,yes,0,KXWTI-26MAY2614-T93.99,ebd1840d-10dd-7649-1344-e38cbff74aec,1779759218,0.2900
sell,bid,10.00,2026-05-26T01:31:57.863492Z,0.180000,8d5a1261-bd57-745b-01ee-0b9c94ee3309,True,KXWTI-26MAY2614-T91.99,0.4800,6ab27e4a-ac9c-4df2-a731-41c97307429f,yes,yes,0,KXWTI-26MAY2614-T91.99,8d5a1261-bd57-745b-01ee-0b9c94ee3309,1779759117,0.5200
buy,bid,10.00,2026-05-26T01:31:48.16245Z,0.150000,92ec0e0f-fccc-7590-b91c-ab81b0166d2d,True,KXWTI-26MAY2614-T89.99,0.3000,871327e4-662d-4e66-8175-c5e7bf5caa70,yes,yes,0,KXWTI-26MAY2614-T89.99,92ec0e0f-fccc-7590-b91c-ab81b0166d2d,1779759108,0.7000
buy,ask,10.00,2026-05-25T20:24:37.610139Z,0.150000,1eb3f372-247e-7ccd-96dd-e0e16a097aba,True,KXWTI-26MAY2614-T91.99,0.7000,cb0ce466-594e-4ca7-877a-af6b92a2c58f,no,no,0,KXWTI-26MAY2614-T91.99,1eb3f372-247e-7ccd-96dd-e0e16a097aba,1779740677,0.3000
sell,ask,15.00,2026-05-25T20:24:23.532902Z,0.250000,87e1ca30-ae16-475a-bb13-7855089eb571,True,KXWTI-26MAY2614-T88.99,0.3800,612ebcaf-17b3-438a-8e7f-3120436d8743,no,no,0,KXWTI-26MAY2614-T88.99,87e1ca30-ae16-475a-bb13-7855089eb571,1779740663,0.6200
buy,ask,22.00,2026-05-25T15:08:08.569706Z,0.310000,c94156a6-40e6-753a-8fdb-319bc5ef9e82,True,KXWTI-26MAY2614-T93.99,0.7300,11a8d2e5-72bc-4ffb-868d-cc0a814991f8,no,no,0,KXWTI-26MAY2614-T93.99,c94156a6-40e6-753a-8fdb-319bc5ef9e82,1779721688,0.2700
buy,bid,2.66,2026-05-25T14:50:47.233042Z,0.041600,d2fadf67-f99c-7962-d166-2bc88433183c,True,KXWTI-26MAY2614-T88.99,0.2600,b24f2017-ce07-4e7d-9b84-d084196f1ace,yes,yes,0,KXWTI-26MAY2614-T88.99,d2fadf67-f99c-7962-d166-2bc88433183c,1779720647,0.7400
buy,bid,12.08,2026-05-25T14:50:47.233042Z,0.160800,a8eab71e-e8e0-7f20-d0df-e48ec7979e2e,True,KXWTI-26MAY2614-T88.99,0.2600,b24f2017-ce07-4e7d-9b84-d084196f1ace,yes,yes,0,KXWTI-26MAY2614-T88.99,a8eab71e-e8e0-7f20-d0df-e48ec7979e2e,1779720647,0.7400
buy,bid,15.26,2026-05-25T14:50:47.233042Z,0.207600,027155a0-93bf-7059-cb2b-de6243cff3a0,True,KXWTI-26MAY2614-T88.99,0.2600,b24f2017-ce07-4e7d-9b84-d084196f1ace,yes,yes,0,KXWTI-26MAY2614-T88.99,027155a0-93bf-7059-cb2b-de6243cff3a0,1779720647,0.7400
buy,ask,10.00,2026-05-22T18:05:47.181875Z,0.030000,dc50000d-329a-4946-6097-8ac7bf5e1a1b,True,KXGABBARDOUT-26-JUN01,0.9670,a79496f9-533b-43b5-b36a-1d130f7cb2c2,no,no,0,KXGABBARDOUT-26-JUN01,dc50000d-329a-4946-6097-8ac7bf5e1a1b,1779473147,0.0330
sell,ask,7.00,2026-05-21T19:04:52.405111Z,0.070000,7cb88e5a-694c-4b49-856d-c070e5d32147,True,KXBRENTD-26MAY2117-T100.00,0.1700,4a2f3205-00f4-4175-89af-15cf652a969a,no,no,0,KXBRENTD-26MAY2117-T100.00,7cb88e5a-694c-4b49-856d-c070e5d32147,1779390292,0.8300
sell,ask,3.00,2026-05-21T19:04:46.227469Z,0.020000,cafed835-525b-522b-498f-ca13eaaf1693,True,KXBRENTD-26MAY2117-T99.50,0.0900,02837c80-980e-461b-bf7f-a2f77eaf73b5,no,no,0,KXBRENTD-26MAY2117-T99.50,cafed835-525b-522b-498f-ca13eaaf1693,1779390286,0.9100
sell,bid,7.00,2026-05-21T19:03:51.236399Z,0.120000,bbd3dae7-73f3-74c7-3d41-1439854d2c11,True,KXBRENTD-26MAY2117-T101.00,0.3600,e2368788-dab6-4c5f-aee1-aa00cfe63f34,yes,yes,0,KXBRENTD-26MAY2117-T101.00,bbd3dae7-73f3-74c7-3d41-1439854d2c11,1779390231,0.6400
buy,bid,3.00,2026-05-21T18:52:06.118872Z,0.040000,20c490df-617e-5d79-62d4-b9c63cec158b,True,KXBRENTD-26MAY2117-T99.50,0.2500,0db06105-0e4c-445f-b2ed-9e65304d0f99,yes,yes,0,KXBRENTD-26MAY2117-T99.50,20c490df-617e-5d79-62d4-b9c63cec158b,1779389526,0.7500
buy,ask,7.00,2026-05-21T18:13:43.955932Z,0.090000,c1d9d25c-a7de-57a2-4c2c-c180cb46a845,True,KXBRENTD-26MAY2117-T101.00,0.7900,40db8c51-9e98-4783-b66f-1e1097189130,no,no,0,KXBRENTD-26MAY2117-T101.00,c1d9d25c-a7de-57a2-4c2c-c180cb46a845,1779387223,0.2100
buy,bid,7.00,2026-05-21T17:38:35.381199Z,0.090000,c1c43582-3929-4433-9887-23855c71a62b,True,KXBRENTD-26MAY2117-T100.00,0.2400,b588fe54-0dfe-4151-80c6-dbe5063e1b4c,yes,yes,0,KXBRENTD-26MAY2117-T100.00,c1c43582-3929-4433-9887-23855c71a62b,1779385115,0.7600
sell,ask,2.00,2026-05-21T17:37:45.999587Z,0.030000,8f53a21c-4918-745e-3c31-39635dbecc59,True,KXBRENTD-26MAY2117-T102.50,0.8000,cad4f500-24fa-4e6d-a589-8400063003b9,no,no,0,KXBRENTD-26MAY2117-T102.50,8f53a21c-4918-745e-3c31-39635dbecc59,1779385065,0.2000
sell,ask,2.00,2026-05-21T17:37:37.016826Z,0.030000,6924e435-631a-5702-1886-df4832c6205c,True,KXBRENTD-26MAY2117-T102.00,0.7100,97f3ae5c-a6c0-47cb-af5e-8021e2d04148,no,no,0,KXBRENTD-26MAY2117-T102.00,6924e435-631a-5702-1886-df4832c6205c,1779385057,0.2900
sell,bid,2.00,2026-05-21T17:37:20.500352Z,0.010000,14be918b-64bf-606e-d0cc-1751bdeff997,True,KXBRENTD-26MAY2117-T106,0.9600,7c23917b-12a1-4b50-9eca-cf3b294353e1,yes,yes,0,KXBRENTD-26MAY2117-T106,14be918b-64bf-606e-d0cc-1751bdeff997,1779385040,0.0400
buy,bid,2.00,2026-05-21T16:59:26.827451Z,0.000000,9eac2d6f-cac1-6c56-1c58-ae9216a0f42f,False,KXBRENTD-26MAY2117-T102.00,0.2800,0e36e4a5-cce4-44f0-8556-7cf5cec415ab,yes,yes,0,KXBRENTD-26MAY2117-T102.00,9eac2d6f-cac1-6c56-1c58-ae9216a0f42f,1779382766,0.7200
buy,ask,2.00,2026-05-21T15:39:02.552528Z,0.030000,395a5b6b-b9a4-632f-a83e-4545b73b565e,True,KXBRENTD-26MAY2117-T106,0.8200,03c91de1-40b8-48e6-8c5b-a33d18cd87ca,no,no,0,KXBRENTD-26MAY2117-T106,395a5b6b-b9a4-632f-a83e-4545b73b565e,1779377942,0.1800
sell,bid,2.00,2026-05-21T15:25:00.691084Z,0.040000,6b0025cb-7023-6cb6-a803-6df45d7ac1c5,True,KXBRENTD-26MAY2117-T105.50,0.6500,57774be8-0566-4bea-8b07-3e10039f1514,yes,yes,0,KXBRENTD-26MAY2117-T105.50,6b0025cb-7023-6cb6-a803-6df45d7ac1c5,1779377100,0.3500
buy,ask,2.00,2026-05-21T15:01:48.164617Z,0.000000,9857d1fd-2944-7698-f98a-261dd597a1e7,False,KXBRENTD-26MAY2117-T105.50,0.7500,6b3f793e-aa05-477a-a3fe-5abb3d5b291b,no,no,0,KXBRENTD-26MAY2117-T105.50,9857d1fd-2944-7698-f98a-261dd597a1e7,1779375708,0.2500
sell,bid,2.00,2026-05-21T14:45:45.64248Z,0.000000,bd2f595c-a6f8-6638-fd9b-79ded01394dc,False,KXBRENTD-26MAY2117-T107,0.9300,d3d4d7b2-dc29-4426-a026-2b53886b7bf0,yes,yes,0,KXBRENTD-26MAY2117-T107,bd2f595c-a6f8-6638-fd9b-79ded01394dc,1779374745,0.0700
sell,ask,2.00,2026-05-21T14:44:03.314584Z,0.040000,85526e1c-6a7f-5b1d-4470-eee4092ac53f,True,KXBRENTD-26MAY2117-T103.50,0.4700,80bca607-fe84-47b0-bf57-1ac6d2ca0b5e,no,no,0,KXBRENTD-26MAY2117-T103.50,85526e1c-6a7f-5b1d-4470-eee4092ac53f,1779374643,0.5300
buy,bid,2.00,2026-05-21T14:43:47.165198Z,0.030000,f4c853bd-7bef-6056-81a0-bb29554d7059,True,KXBRENTD-26MAY2117-T102.50,0.2600,c79847f0-02dd-4a73-89b1-8c82264e8ccc,yes,yes,0,KXBRENTD-26MAY2117-T102.50,f4c853bd-7bef-6056-81a0-bb29554d7059,1779374627,0.7400
buy,ask,2.00,2026-05-21T13:39:47.894503Z,0.030000,3922f78f-97cd-4dfa-3182-7d58beab9e46,True,KXBRENTD-26MAY2117-T107,0.7700,2ac3c2ac-ea52-424f-a67c-87fdce04c421,no,no,0,KXBRENTD-26MAY2117-T107,3922f78f-97cd-4dfa-3182-7d58beab9e46,1779370787,0.2300
buy,bid,2.00,2026-05-21T13:39:07.331149Z,0.030000,3c708b2d-af49-52b9-c9f6-abda74e72e1c,True,KXBRENTD-26MAY2117-T103.50,0.2200,cc559070-c234-47b8-905f-17582410aefb,yes,yes,0,KXBRENTD-26MAY2117-T103.50,3c708b2d-af49-52b9-c9f6-abda74e72e1c,1779370747,0.7800
buy,bid,100.00,2026-05-18T16:58:59.344207Z,0.000000,a7b26830-ea5f-5cc9-c757-75badddb4476,False,KXKY4R-26-TMAS,0.6000,b9e36321-d13e-468b-bace-1168e689dfbe,yes,yes,0,KXKY4R-26-TMAS,a7b26830-ea5f-5cc9-c757-75badddb4476,1779123539,0.4000
sell,bid,4.00,2026-05-15T13:34:57.846263Z,0.000000,eadfb5f4-0809-6af1-a7f0-ad08e85d5db7,False,KXGOLDMON-26MAY2917-T4853.99,0.8500,d4becfdf-74d8-46bf-9b93-08b13671883b,yes,yes,0,KXGOLDMON-26MAY2917-T4853.99,eadfb5f4-0809-6af1-a7f0-ad08e85d5db7,1778852097,0.1500
sell,bid,1.00,2026-05-14T20:57:56.546624Z,0.010000,a72423a0-a3fa-75e6-5231-64df3a1b46c4,True,KXBRENTD-26MAY1417-T107,0.9700,d35365b1-e925-4f73-b640-357a85894d97,yes,yes,0,KXBRENTD-26MAY1417-T107,a72423a0-a3fa-75e6-5231-64df3a1b46c4,1778792276,0.0300
sell,ask,1.00,2026-05-14T20:57:44.323588Z,0.010000,cbb456fc-266d-4071-fe32-59a4b0480e68,True,KXBRENTD-26MAY1417-T104.50,0.0300,d577c1bd-8b3d-42a8-9219-fd16b843874f,no,no,0,KXBRENTD-26MAY1417-T104.50,cbb456fc-266d-4071-fe32-59a4b0480e68,1778792264,0.9700
sell,ask,2.00,2026-05-14T20:55:40.02672Z,0.010000,42ae26a2-a6da-7d43-d619-5a0a81d49fb4,True,KXGOLDD-26MAY1417-T4658,0.9500,af81fc04-d511-4dd9-909b-497b1bdaa671,no,no,0,KXGOLDD-26MAY1417-T4658,42ae26a2-a6da-7d43-d619-5a0a81d49fb4,1778792140,0.0500
sell,bid,1.00,2026-05-14T19:57:16.062213Z,0.000000,d7a9ddf6-0f48-6198-7987-86ae3b1e472a,False,KXGOLDD-26MAY1417-T4728,0.9500,1af02dcd-0465-404a-a035-2685b32735ea,yes,yes,0,KXGOLDD-26MAY1417-T4728,d7a9ddf6-0f48-6198-7987-86ae3b1e472a,1778788636,0.0500
buy,bid,1.00,2026-05-14T19:55:28.238132Z,0.020000,05e45544-fa8b-63cb-de6d-8a067a72281d,True,KXGOLDD-26MAY1417-T4658,0.4800,a8e01740-6acd-49ce-9da2-e1b4d7d3023d,yes,yes,0,KXGOLDD-26MAY1417-T4658,05e45544-fa8b-63cb-de6d-8a067a72281d,1778788528,0.5200
buy,bid,1.00,2026-05-14T19:51:41.393449Z,0.010000,1291b861-c62e-54af-04e9-d1615933cec8,True,KXGOLDD-26MAY1417-T4648,0.1400,48041b08-6573-447b-a353-42abf6393dfd,yes,yes,0,KXGOLDD-26MAY1417-T4648,1291b861-c62e-54af-04e9-d1615933cec8,1778788301,0.8600
sell,bid,1.00,2026-05-14T19:50:41.136474Z,0.010000,d1ff451e-386c-4a73-9a67-7f9cc7a80c6a,True,KXGOLDD-26MAY1417-T4738,0.9900,e247de10-cc2b-4105-8676-9fbcadd59bb9,yes,yes,0,KXGOLDD-26MAY1417-T4738,d1ff451e-386c-4a73-9a67-7f9cc7a80c6a,1778788241,0.0100
sell,bid,1.00,2026-05-14T19:17:43.632739Z,0.020000,ddaec782-5931-775d-3b52-2cac78c669f4,True,KXBRENTD-26MAY1417-T106.50,0.7500,16a01fa6-64f5-4ee2-ab65-e5728387f1e5,yes,yes,0,KXBRENTD-26MAY1417-T106.50,ddaec782-5931-775d-3b52-2cac78c669f4,1778786263,0.2500
buy,ask,1.00,2026-05-14T17:58:33.446208Z,0.010000,175cb33c-2ea3-60c5-d4a9-91067cc76d19,True,KXBRENTD-26MAY1417-T107,0.8400,e601287d-76b7-4837-9c11-50fc950076ad,no,no,0,KXBRENTD-26MAY1417-T107,175cb33c-2ea3-60c5-d4a9-91067cc76d19,1778781513,0.1600
sell,bid,1.00,2026-05-14T17:57:31.229681Z,0.020000,8bcbe3b2-1cb6-43df-f5ed-ccb78b1ff920,True,KXBRENTD-26MAY1417-T106,0.4600,bd45eb10-2e58-417c-936d-1bcbe0d8ddbc,yes,yes,0,KXBRENTD-26MAY1417-T106,8bcbe3b2-1cb6-43df-f5ed-ccb78b1ff920,1778781451,0.5400
buy,ask,1.00,2026-05-14T17:54:05.793733Z,0.000000,23f2518c-b781-4d8f-649c-59de39b592ba,False,KXBRENTD-26MAY1417-T106.50,0.7400,80c37f45-4ec4-45d5-9960-a2cb6cae8886,no,no,0,KXBRENTD-26MAY1417-T106.50,23f2518c-b781-4d8f-649c-59de39b592ba,1778781245,0.2600
buy,bid,1.00,2026-05-14T17:10:28.194812Z,0.020000,8e955d03-0fbe-6c99-8056-4bb8c968ef0d,True,KXBRENTD-26MAY1417-T104.50,0.2200,a0e30baa-1ff9-4b5d-8d92-c141f94e3497,yes,yes,0,KXBRENTD-26MAY1417-T104.50,8e955d03-0fbe-6c99-8056-4bb8c968ef0d,1778778628,0.7800
sell,bid,1.00,2026-05-14T17:10:14.899086Z,0.020000,b7ddb116-00b5-5e93-e0f2-aed6b5e9a27c,True,KXBRENTD-26MAY1417-T105.50,0.5000,95f8d24a-b92b-45cf-90b8-67c1d8ffbfce,yes,yes,0,KXBRENTD-26MAY1417-T105.50,b7ddb116-00b5-5e93-e0f2-aed6b5e9a27c,1778778614,0.5000
buy,ask,1.00,2026-05-14T16:25:45.760007Z,0.020000,6a311d6d-4e36-6e2d-4600-0024ff1dea96,True,KXBRENTD-26MAY1417-T105.50,0.7400,fffbcc2c-d5e7-49a0-b23b-077f98c3b4d0,no,no,0,KXBRENTD-26MAY1417-T105.50,6a311d6d-4e36-6e2d-4600-0024ff1dea96,1778775945,0.2600
sell,ask,1.00,2026-05-14T16:25:30.105041Z,0.020000,508173dc-847f-4d14-2921-4dfc303f3996,True,KXBRENTD-26MAY1417-T104,0.3600,d0b19246-399a-419a-aea0-fc7d14e5c0a3,no,no,0,KXBRENTD-26MAY1417-T104,508173dc-847f-4d14-2921-4dfc303f3996,1778775930,0.6400
buy,ask,1.00,2026-05-14T15:30:24.805378Z,0.020000,b3fff92f-b8c5-7968-1430-a08414022bc8,True,KXBRENTD-26MAY1417-T106,0.7200,97c06150-af39-4fbb-a662-a51cdc70745f,no,no,0,KXBRENTD-26MAY1417-T106,b3fff92f-b8c5-7968-1430-a08414022bc8,1778772624,0.2800
buy,bid,1.00,2026-05-14T15:30:05.240057Z,0.020000,23a9847c-ba12-6cfe-f5d8-167956eb632c,True,KXBRENTD-26MAY1417-T104,0.2500,7cd19c95-f0fd-4ab3-9f05-2b4f6be77eb4,yes,yes,0,KXBRENTD-26MAY1417-T104,23a9847c-ba12-6cfe-f5d8-167956eb632c,1778772605,0.7500
buy,bid,1.00,2026-05-14T15:29:01.787112Z,0.020000,db332508-7714-5151-7012-6d8053bedb9f,True,KXWTI-26MAY14-T99.99,0.2300,d7a63cd2-45f8-47a3-be60-2f46996c07d1,yes,yes,0,KXWTI-26MAY14-T99.99,db332508-7714-5151-7012-6d8053bedb9f,1778772541,0.7700
buy,ask,1.00,2026-05-14T01:10:45.040018Z,0.020000,ce391245-da46-4f72-1379-09a94fd1bf37,True,KXGOLDD-26MAY1417-T4738,0.7700,668957af-a150-439d-a2a7-976727f0af27,no,no,0,KXGOLDD-26MAY1417-T4738,ce391245-da46-4f72-1379-09a94fd1bf37,1778721045,0.2300
buy,bid,1.00,2026-05-14T01:10:09.886915Z,0.020000,368d89e9-d139-68cd-9d20-e6fe23a5e3a0,True,KXGOLDD-26MAY1417-T4658,0.2300,92980894-415e-485c-80d1-5c53873747a4,yes,yes,0,KXGOLDD-26MAY1417-T4658,368d89e9-d139-68cd-9d20-e6fe23a5e3a0,1778721009,0.7700
sell,ask,1.00,2026-05-14T01:09:59.180887Z,0.020000,a7400baa-2995-6cb6-701b-30434afcfa7e,True,KXGOLDD-26MAY1417-T4678,0.3600,979929d4-9d31-4be6-bca1-b681b4a0255c,no,no,0,KXGOLDD-26MAY1417-T4678,a7400baa-2995-6cb6-701b-30434afcfa7e,1778720999,0.6400
buy,ask,1.00,2026-05-13T21:55:30.617851Z,0.020000,875ca627-3f55-505c-ee8b-fc3ca0cd4949,True,KXGOLDD-26MAY1417-T4728,0.7700,d9641753-8c84-4560-91cd-b9fa8af41056,no,no,0,KXGOLDD-26MAY1417-T4728,875ca627-3f55-505c-ee8b-fc3ca0cd4949,1778709330,0.2300
buy,bid,1.00,2026-05-13T21:55:07.423067Z,0.020000,25fce93f-a2ed-6049-ed09-aa92a143a34e,True,KXGOLDD-26MAY1417-T4678,0.2400,da0ff018-225b-4abf-9420-bc0e8ac3599c,yes,yes,0,KXGOLDD-26MAY1417-T4678,25fce93f-a2ed-6049-ed09-aa92a143a34e,1778709307,0.7600
buy,bid,18.26,2026-05-13T19:27:55.029472Z,0.322200,7481b74f-7da8-72ca-7543-9f8559391b22,True,KXKY4R-26-TMAS,0.4700,661435d4-8025-4f05-b49a-16176a59b879,yes,yes,0,KXKY4R-26-TMAS,7481b74f-7da8-72ca-7543-9f8559391b22,1778700475,0.5300
sell,ask,17.61,2026-05-13T19:27:36.021263Z,0.308900,8fc41da5-cd72-7a22-792b-0dd7553b43ac,True,KXKY4R-26-EGAL,0.5100,b5bfc40a-9d82-4fdd-b30c-a9db783fbc6f,no,no,0,KXKY4R-26-EGAL,8fc41da5-cd72-7a22-792b-0dd7553b43ac,1778700456,0.4900
buy,bid,17.61,2026-05-13T18:07:17.63986Z,0.314500,4af6c786-d653-5be5-c5a0-1f9c0455da24,True,KXKY4R-26-EGAL,0.4500,cf318041-9e16-4751-90f1-dd48e989da3f,yes,yes,0,KXKY4R-26-EGAL,4af6c786-d653-5be5-c5a0-1f9c0455da24,1778695637,0.5500
sell,ask,10.00,2026-05-12T20:41:40.039482Z,0.140000,9c2123a4-eafc-64a2-3ba3-95379aa1575d,True,KXBRENTD-26MAY1217-T107.50,0.2600,ec33e9b5-93a5-4824-a3e8-2d087138c866,no,no,0,KXBRENTD-26MAY1217-T107.50,9c2123a4-eafc-64a2-3ba3-95379aa1575d,1778618500,0.7400
buy,bid,10.00,2026-05-12T20:40:26.308986Z,0.130000,1923b677-d4d4-554a-82d4-bf8f63637c02,True,KXBRENTD-26MAY1217-T107.50,0.2400,3e4ff6b6-252d-4473-8621-0f15cc4b535a,yes,yes,0,KXBRENTD-26MAY1217-T107.50,1923b677-d4d4-554a-82d4-bf8f63637c02,1778618426,0.7600
buy,bid,10.00,2026-05-11T16:22:37.608004Z,0.130000,a804584a-a8a1-4d63-f229-d0c903dbe50f,True,KXWTI-26MAY11-T97.99,0.2300,4c3f9b60-66a0-43ad-9785-70e06db450e4,yes,yes,0,KXWTI-26MAY11-T97.99,a804584a-a8a1-4d63-f229-d0c903dbe50f,1778516557,0.7700
sell,ask,1.00,2026-05-11T06:57:09.073179Z,0.020000,cc1a5156-80e8-7951-2dd9-13e9ebdc8289,True,KXBRENTD-26MAY1117-T103,0.2800,3bba25d9-a9d7-4e73-ab9c-a25ea0ea0877,no,no,0,KXBRENTD-26MAY1117-T103,cc1a5156-80e8-7951-2dd9-13e9ebdc8289,1778482629,0.7200
sell,bid,4.00,2026-05-11T06:56:58.383394Z,0.060000,1c1aa253-c39f-5552-340e-037aec1f0c0c,True,KXBRENTD-26MAY1117-T102.50,0.2500,2bab6a20-2cf0-478f-a9b2-9f434c96c35d,yes,yes,0,KXBRENTD-26MAY1117-T102.50,1c1aa253-c39f-5552-340e-037aec1f0c0c,1778482618,0.7500
sell,ask,4.00,2026-05-11T06:55:59.393203Z,0.010000,e05a164a-e9e9-4412-8c29-60687f7c68db,True,KXBRENTD-26MAY1117-T97.50,0.0300,5dfd54f2-44f3-425c-8b56-e4e3cc92f16e,no,no,0,KXBRENTD-26MAY1117-T97.50,e05a164a-e9e9-4412-8c29-60687f7c68db,1778482559,0.9700
sell,bid,1.00,2026-05-11T06:55:47.150244Z,0.010000,4b3cfb8f-808a-5ce8-46f8-fc2f90bbe98a,True,KXBRENTD-26MAY1117-T97,0.0200,3a56b90f-0dfb-46fd-b5eb-84dfee4707a4,yes,yes,0,KXBRENTD-26MAY1117-T97,4b3cfb8f-808a-5ce8-46f8-fc2f90bbe98a,1778482547,0.9800
sell,bid,3.00,2026-05-11T06:55:25.477342Z,0.010000,45d134da-dd2c-6a0c-6cbd-7e40a59bd1a5,True,KXBRENTD-26MAY1117-T95,0.0200,6c92e0ae-13f3-4b2c-bde9-f4db6e396155,yes,yes,0,KXBRENTD-26MAY1117-T95,45d134da-dd2c-6a0c-6cbd-7e40a59bd1a5,1778482525,0.9800
sell,bid,2.00,2026-05-08T18:02:38.596953Z,0.010000,f24a7feb-051c-5097-f6d6-784eb1b381aa,True,KXWTI-26MAY08-T96.99,0.9800,a107ea50-95b5-4773-977f-0b22b7ba57de,yes,yes,0,KXWTI-26MAY08-T96.99,f24a7feb-051c-5097-f6d6-784eb1b381aa,1778263358,0.0200
sell,ask,2.00,2026-05-08T18:02:33.265783Z,0.040000,d2d1f9f4-c434-4698-dc9b-6fb7c4913750,True,KXWTI-26MAY08-T94.99,0.4900,57655710-aaf4-4283-9503-46ed30aa7938,no,no,0,KXWTI-26MAY08-T94.99,d2d1f9f4-c434-4698-dc9b-6fb7c4913750,1778263353,0.5100
sell,ask,3.00,2026-05-08T18:02:19.90889Z,0.030000,7afc77ac-5761-5a60-4f9e-6fa83605724f,True,KXWTI-26MAY08-T95.99,0.8600,9ec033d8-6e65-457e-b8f5-97e53367e74a,no,no,0,KXWTI-26MAY08-T95.99,7afc77ac-5761-5a60-4f9e-6fa83605724f,1778263339,0.1400
sell,ask,1.00,2026-05-08T16:18:47.290987Z,0.000000,1c1ac632-ec7a-68bb-f66c-d8d886ea426a,False,KXWTI-26MAY08-T92.99,0.0500,b21f3ac1-a033-4065-a5c4-5c863908b362,no,no,0,KXWTI-26MAY08-T92.99,1c1ac632-ec7a-68bb-f66c-d8d886ea426a,1778257127,0.9500
sell,ask,1.00,2026-05-08T16:17:01.342085Z,0.000000,412c5928-ca25-4643-414e-76cdd67b6d4b,False,KXWTI-26MAY08-T94.99,0.2000,b5d4c545-eb70-4281-9d02-f00398a6bcff,no,no,0,KXWTI-26MAY08-T94.99,412c5928-ca25-4643-414e-76cdd67b6d4b,1778257021,0.8000
buy,bid,2.00,2026-05-08T15:58:42.067298Z,0.030000,cbfa3a0e-6465-4d14-9981-8955738fa779,True,KXWTI-26MAY08-T94.99,0.2500,e3070694-9354-40dc-8a0a-1d911954cf4f,yes,yes,0,KXWTI-26MAY08-T94.99,cbfa3a0e-6465-4d14-9981-8955738fa779,1778255922,0.7500
sell,ask,3.00,2026-05-08T15:18:48.497177Z,0.050000,bee444e0-df9c-44be-135c-bad9a5a1f688,True,KXBRENTD-26MAY1117-T104.50,0.6800,d04029b1-5423-4043-a1f0-e0c7026870d1,no,no,0,KXBRENTD-26MAY1117-T104.50,bee444e0-df9c-44be-135c-bad9a5a1f688,1778253528,0.3200
sell,bid,1.00,2026-05-08T15:18:15.33143Z,0.010000,acbf441d-3f04-7b7b-4035-886255e76e92,True,KXWTI-26MAY08-T91.99,0.0500,6f6a0fad-5ce3-4e4a-bb40-416a47b3b406,yes,yes,0,KXWTI-26MAY08-T91.99,acbf441d-3f04-7b7b-4035-886255e76e92,1778253495,0.9500
sell,ask,2.00,2026-05-08T15:17:31.401444Z,0.020000,cff46e88-e83e-74fe-da42-0662ae0de96c,True,KXWTI-26MAY08-T97.99,0.8800,f4a4ce85-095f-4c98-9e0f-9f599511ecef,no,no,0,KXWTI-26MAY08-T97.99,cff46e88-e83e-74fe-da42-0662ae0de96c,1778253451,0.1200
sell,ask,1.00,2026-05-08T15:16:50.893849Z,0.000000,e47a408d-4960-5b46-5d98-6813f94beff7,False,KXWTIW-26MAY08-B96.5,0.8000,0953d32b-db4d-4478-8853-332a826bc033,no,no,0,KXWTIW-26MAY08-B96.5,e47a408d-4960-5b46-5d98-6813f94beff7,1778253410,0.2000
sell,ask,2.00,2026-05-08T13:14:12.18481Z,0.000000,ba43d413-ca8c-737f-7dae-50a29f041437,False,KXWTI-26MAY08-T101.99,0.9700,3855a704-d075-492d-b1a5-8ceb3889bcdb,no,no,0,KXWTI-26MAY08-T101.99,ba43d413-ca8c-737f-7dae-50a29f041437,1778246052,0.0300
sell,ask,2.00,2026-05-08T12:42:58.112116Z,0.020000,4d47f0cf-f387-7646-afec-b15da8d5f676,True,KXWTI-26MAY08-T98.99,0.9200,e52e8dc8-8217-4d00-8117-6c391c6d4efc,no,no,0,KXWTI-26MAY08-T98.99,4d47f0cf-f387-7646-afec-b15da8d5f676,1778244178,0.0800
buy,ask,1.00,2026-05-08T11:31:17.704987Z,0.020000,0a893fde-22d6-422d-5397-af8a453360e8,True,KXBRENTD-26MAY1117-T102.50,0.6300,e5bbc112-2e17-40ed-b928-44548e33450f,no,no,0,KXBRENTD-26MAY1117-T102.50,0a893fde-22d6-422d-5397-af8a453360e8,1778239877,0.3700
buy,bid,1.00,2026-05-08T11:31:04.754918Z,0.020000,eb834c7e-e770-4178-cd7a-9cf5929e8788,True,KXBRENTD-26MAY1117-T97.50,0.2900,8f71171d-688c-40b0-9d55-01596f218759,yes,yes,0,KXBRENTD-26MAY1117-T97.50,eb834c7e-e770-4178-cd7a-9cf5929e8788,1778239864,0.7100
buy,bid,1.00,2026-05-08T11:30:45.076055Z,0.020000,b529f332-ce9d-6781-f50e-59e6ec7275e4,True,KXBRENTD-26MAY1117-T103,0.5800,194be9f2-624d-49f0-9534-116c6e79e91b,yes,yes,0,KXBRENTD-26MAY1117-T103,b529f332-ce9d-6781-f50e-59e6ec7275e4,1778239845,0.4200
buy,ask,1.00,2026-05-08T11:30:24.409723Z,0.020000,80ee209c-4db8-5154-dda4-22589d676a36,True,KXBRENTD-26MAY1117-T97,0.3600,028e29b4-809b-44aa-9247-d040efa217fd,no,no,0,KXBRENTD-26MAY1117-T97,80ee209c-4db8-5154-dda4-22589d676a36,1778239824,0.6400
buy,bid,3.00,2026-05-08T11:28:19.801435Z,0.050000,85e4747e-7f70-7352-62ec-61bb7fca1b6d,True,KXBRENTD-26MAY1117-T104.50,0.6800,ec094988-9a4d-4e61-b246-e8088a9b1d60,yes,yes,0,KXBRENTD-26MAY1117-T104.50,85e4747e-7f70-7352-62ec-61bb7fca1b6d,1778239699,0.3200
buy,ask,3.00,2026-05-08T11:28:03.684509Z,0.050000,d05ef05f-d71b-6c3d-5e0b-c19f6d0854c8,True,KXBRENTD-26MAY1117-T102.50,0.6300,37ff6aad-e0fb-49f1-b64d-20cd23bde9b4,no,no,0,KXBRENTD-26MAY1117-T102.50,d05ef05f-d71b-6c3d-5e0b-c19f6d0854c8,1778239683,0.3700
buy,ask,3.00,2026-05-08T11:27:10.898635Z,0.050000,e92cd4bb-d890-6100-6e86-a3edb7d675b6,True,KXBRENTD-26MAY1117-T95,0.2600,ddb58e7a-1ed9-4a79-b70f-5088cb57ec24,no,no,0,KXBRENTD-26MAY1117-T95,e92cd4bb-d890-6100-6e86-a3edb7d675b6,1778239630,0.7400
buy,bid,3.00,2026-05-08T11:26:45.09094Z,0.050000,9d71a157-ff19-5bf6-9b31-b6b737d64b61,True,KXBRENTD-26MAY1117-T97.50,0.3000,c2fc39c1-e96e-4767-849c-c7e222b132d2,yes,yes,0,KXBRENTD-26MAY1117-T97.50,9d71a157-ff19-5bf6-9b31-b6b737d64b61,1778239605,0.7000
buy,ask,2.00,2026-05-08T11:18:43.149399Z,0.020000,e9644dc8-8d14-668c-cb75-b0e540eb08d3,True,KXWTI-26MAY08-T96.99,0.8300,d808e771-063c-4a8a-9463-6fa778d02eab,no,no,0,KXWTI-26MAY08-T96.99,e9644dc8-8d14-668c-cb75-b0e540eb08d3,1778239123,0.1700
buy,ask,1.00,2026-05-08T11:15:47.679334Z,0.020000,0789a8fa-de4c-50d6-99e1-ee08c4a516d0,True,KXWTI-26MAY08-T91.99,0.1800,a28edc93-08b3-4430-867a-c6f2675bd8de,no,no,0,KXWTI-26MAY08-T91.99,0789a8fa-de4c-50d6-99e1-ee08c4a516d0,1778238947,0.8200
sell,bid,2.00,2026-05-08T06:35:18.503361Z,0.000000,1632cbaa-ee4e-4c76-6b12-5b1de733019a,False,KXWTI-26MAY08-T93.99,0.4000,684e6281-ba63-4858-b177-444e78e4ce8a,yes,yes,0,KXWTI-26MAY08-T93.99,1632cbaa-ee4e-4c76-6b12-5b1de733019a,1778222118,0.6000
sell,bid,1.00,2026-05-08T03:01:42.804719Z,0.000000,658910e0-4433-4346-6e60-a57fa19187dc,False,KXWTI-26MAY08-T99.99,0.8500,b1d2370b-d2f2-4f80-8f02-6aaa6e14ab8c,yes,yes,0,KXWTI-26MAY08-T99.99,658910e0-4433-4346-6e60-a57fa19187dc,1778209302,0.1500
buy,bid,1.00,2026-05-08T01:56:10.055326Z,0.020000,9f427884-a046-79ea-9bbb-902115f88569,True,KXWTI-26MAY08-T92.99,0.2100,f96a7dde-9748-4f60-856e-b8b0c8c0a46b,yes,yes,0,KXWTI-26MAY08-T92.99,9f427884-a046-79ea-9bbb-902115f88569,1778205370,0.7900
sell,bid,2.00,2026-05-08T01:21:22.365693Z,0.000000,8bfb9118-3c84-460a-a82f-d30dfb27cd7c,False,KXWTI-26MAY08-T96.99,0.6000,815fb699-65f9-4214-9702-0de40a28307c,yes,yes,0,KXWTI-26MAY08-T96.99,8bfb9118-3c84-460a-a82f-d30dfb27cd7c,1778203282,0.4000
buy,ask,1.00,2026-05-07T23:51:47.468162Z,0.020000,2149f4d5-5b8e-7902-ee2e-aca9f102c8a7,True,KXWTI-26MAY08-T99.99,0.7500,aef45ea6-5fe0-4dda-999b-e83661c34080,no,no,0,KXWTI-26MAY08-T99.99,2149f4d5-5b8e-7902-ee2e-aca9f102c8a7,1778197907,0.2500
buy,bid,1.00,2026-05-07T23:50:01.119058Z,0.020000,23b9b1b3-8237-6472-e1b1-c06078cd4d3d,True,KXWTI-26MAY08-T95.99,0.3500,9200e5b1-9305-4b86-90d4-d553ce08ef1d,yes,yes,0,KXWTI-26MAY08-T95.99,23b9b1b3-8237-6472-e1b1-c06078cd4d3d,1778197801,0.6500
buy,bid,1.00,2026-05-07T23:49:40.774706Z,0.020000,e239221c-1bbe-4559-d64c-732778375428,True,KXWTI-26MAY08-T95.99,0.3500,762c645c-8658-4379-900d-9c62f5f7de37,yes,yes,0,KXWTI-26MAY08-T95.99,e239221c-1bbe-4559-d64c-732778375428,1778197780,0.6500
buy,bid,1.00,2026-05-07T23:49:21.476894Z,0.020000,14a68e1f-fd62-6785-e5fa-aabf11999477,True,KXWTI-26MAY08-T95.99,0.3700,c5dd5d16-4a70-489e-9711-10f34e58eef2,yes,yes,0,KXWTI-26MAY08-T95.99,14a68e1f-fd62-6785-e5fa-aabf11999477,1778197761,0.6300
buy,bid,1.00,2026-05-07T23:48:07.749656Z,0.020000,7bdafc9c-676f-7c14-c29f-9166a1a2ceea,True,KXWTI-26MAY08-T94.99,0.2800,25a086ea-f4b8-4d49-9003-d43541eb8668,yes,yes,0,KXWTI-26MAY08-T94.99,7bdafc9c-676f-7c14-c29f-9166a1a2ceea,1778197687,0.7200
buy,bid,2.00,2026-05-07T23:17:03.023745Z,0.040000,0340982e-db87-735b-e86a-375d260b77a1,True,KXWTI-26MAY08-T97.99,0.5100,f86567a5-d6ee-4dfb-9812-886988f3f0cd,yes,yes,0,KXWTI-26MAY08-T97.99,0340982e-db87-735b-e86a-375d260b77a1,1778195823,0.4900
buy,ask,2.00,2026-05-07T23:03:22.577398Z,0.040000,2e3fcc9a-b4a6-6a25-9a61-3f9861b1bd5f,True,KXWTI-26MAY08-T96.99,0.4400,328eb2b0-30f9-48b3-8fe6-e05ada00650a,no,no,0,KXWTI-26MAY08-T96.99,2e3fcc9a-b4a6-6a25-9a61-3f9861b1bd5f,1778195002,0.5600
buy,bid,2.00,2026-05-07T23:02:22.151527Z,0.040000,c0be8e5f-393b-6bb7-e1c8-c570bc208632,True,KXWTI-26MAY08-T98.99,0.5900,4645dd07-300a-487a-9d64-d10fe52a15d0,yes,yes,0,KXWTI-26MAY08-T98.99,c0be8e5f-393b-6bb7-e1c8-c570bc208632,1778194942,0.4100
buy,bid,2.00,2026-05-07T22:58:49.158811Z,0.030000,8dc18ff6-41dc-6010-33b1-ee8e9f1c51de,True,KXWTI-26MAY08-T101.99,0.8000,83dd8668-1d42-4857-a9f6-2ed6c3ec2d38,yes,yes,0,KXWTI-26MAY08-T101.99,8dc18ff6-41dc-6010-33b1-ee8e9f1c51de,1778194729,0.2000
buy,ask,2.00,2026-05-07T22:56:36.337953Z,0.030000,99ac665d-eb89-4a0b-b654-894ab4b3ab4c,True,KXWTI-26MAY08-T93.99,0.1900,b46451ad-5166-40be-8dfb-0710daae7c38,no,no,0,KXWTI-26MAY08-T93.99,99ac665d-eb89-4a0b-b654-894ab4b3ab4c,1778194596,0.8100
buy,bid,1.00,2026-05-07T22:54:18.905756Z,0.010000,d81fade0-6812-524b-d905-f0455f33c972,True,KXWTIW-26MAY08-B96.5,0.8800,dc9014ae-542b-46f2-9af5-c2ca86a929d7,yes,yes,0,KXWTIW-26MAY08-B96.5,d81fade0-6812-524b-d905-f0455f33c972,1778194458,0.1200
sell,ask,5.00,2026-05-07T20:43:00.659984Z,0.010000,30feaf55-979b-6e14-e850-69e111f1180b,True,KXBRENTD-26MAY0717-T101,0.0200,ca544d26-f669-4aa3-9866-89464fafa615,no,no,0,KXBRENTD-26MAY0717-T101,30feaf55-979b-6e14-e850-69e111f1180b,1778186580,0.9800
sell,ask,3.00,2026-05-07T20:39:49.518766Z,0.000000,d8d36a08-2396-6293-b899-34fd663acf6d,False,KXBRENTD-26MAY0717-T100,0.0400,6e32d599-60f7-4825-b7e7-03bfea836131,no,no,0,KXBRENTD-26MAY0717-T100,d8d36a08-2396-6293-b899-34fd663acf6d,1778186389,0.9600
sell,ask,5.00,2026-05-07T20:37:35.09689Z,0.000000,6b200da0-5729-70f3-a172-bfb785e90a66,False,KXBRENTD-26MAY0717-T101.50,0.2800,91542733-355c-4971-bcac-382c4d6bfd7a,no,no,0,KXBRENTD-26MAY0717-T101.50,6b200da0-5729-70f3-a172-bfb785e90a66,1778186255,0.7200
buy,bid,5.00,2026-05-07T20:33:43.761871Z,0.070000,f983beec-8f4e-545e-7504-d4ebf975fda4,True,KXBRENTD-26MAY0717-T101,0.2400,f2badf65-6019-44db-bdb4-6a635244dc7a,yes,yes,0,KXBRENTD-26MAY0717-T101,f983beec-8f4e-545e-7504-d4ebf975fda4,1778186023,0.7600
sell,ask,5.00,2026-05-07T20:26:09.630602Z,0.000000,68c122c9-c82c-6174-7476-53e373c774f8,False,KXBRENTD-26MAY0717-T101,0.2800,f5ea11e0-00fd-4d5e-a0a5-ef9a5d756864,no,no,0,KXBRENTD-26MAY0717-T101,68c122c9-c82c-6174-7476-53e373c774f8,1778185569,0.7200
sell,ask,1.61,2026-05-07T20:16:47.099698Z,0.007000,b81a881c-9cde-459f-8737-48e7332de898,False,KXBRENTD-26MAY0717-T100.50,0.3000,0f8a5546-f1d7-4115-8a18-f7edc2cf3688,no,no,0,KXBRENTD-26MAY0717-T100.50,b81a881c-9cde-459f-8737-48e7332de898,1778185007,0.7000
sell,ask,1.39,2026-05-07T20:16:35.296126Z,0.003000,dbfa17b6-8f26-56eb-ce55-e84f934b646c,False,KXBRENTD-26MAY0717-T100.50,0.3000,0f8a5546-f1d7-4115-8a18-f7edc2cf3688,no,no,0,KXBRENTD-26MAY0717-T100.50,dbfa17b6-8f26-56eb-ce55-e84f934b646c,1778184995,0.7000
buy,ask,4.00,2026-05-07T19:48:54.564432Z,0.060000,e829b35d-95db-61c3-736a-66d82e3aa218,True,KXGOLDMON-26MAY2917-T4853.99,0.7200,cb9a80bd-c0ca-4b90-bf33-f4596abeb051,no,no,0,KXGOLDMON-26MAY2917-T4853.99,e829b35d-95db-61c3-736a-66d82e3aa218,1778183334,0.2800
buy,bid,3.00,2026-05-07T19:45:32.97987Z,0.040000,e739031a-af92-6f4e-6c8a-a0b7b8128019,True,KXGOLDMON-26MAY2917-T4533.99,0.2500,8ff42ed8-9b63-4b9d-b026-eac7ff9c8503,yes,yes,0,KXGOLDMON-26MAY2917-T4533.99,e739031a-af92-6f4e-6c8a-a0b7b8128019,1778183132,0.7500
buy,bid,0.88,2026-05-07T19:29:54.327022Z,0.016400,6d8d982b-161c-4960-d573-0ac49792b906,True,KXBRENTD-26MAY0717-T101.50,0.2800,710e51c0-8af9-412f-91c4-f71585574a4d,yes,yes,0,KXBRENTD-26MAY0717-T101.50,6d8d982b-161c-4960-d573-0ac49792b906,1778182194,0.7200
buy,bid,4.12,2026-05-07T19:29:54.327022Z,0.062400,04cf0be3-da74-45a2-c30e-7c6a02329f83,True,KXBRENTD-26MAY0717-T101.50,0.2700,710e51c0-8af9-412f-91c4-f71585574a4d,yes,yes,0,KXBRENTD-26MAY0717-T101.50,04cf0be3-da74-45a2-c30e-7c6a02329f83,1778182194,0.7300
sell,bid,4.00,2026-05-07T19:24:01.877306Z,0.070000,434e0972-acf9-5ab7-45f4-40cc25fc6fc6,True,KXBRENTD-26MAY0717-T102.50,0.6000,aa1f47bc-b1cd-452e-b17f-bffffe5fb38a,yes,yes,0,KXBRENTD-26MAY0717-T102.50,434e0972-acf9-5ab7-45f4-40cc25fc6fc6,1778181841,0.4000
sell,bid,1.00,2026-05-07T19:24:01.877306Z,0.020000,0e439aa2-cbc5-57f5-63fc-708c6f2f1f1f,True,KXBRENTD-26MAY0717-T102.50,0.6000,aa1f47bc-b1cd-452e-b17f-bffffe5fb38a,yes,yes,0,KXBRENTD-26MAY0717-T102.50,0e439aa2-cbc5-57f5-63fc-708c6f2f1f1f,1778181841,0.4000
buy,bid,5.00,2026-05-07T19:20:50.207377Z,0.070000,3f484e85-2dc3-403f-cd98-107cc38d1d01,True,KXBRENTD-26MAY0717-T101,0.2500,93cbfaba-bb74-418e-97bf-1fe37e2a4ad5,yes,yes,0,KXBRENTD-26MAY0717-T101,3f484e85-2dc3-403f-cd98-107cc38d1d01,1778181650,0.7500
sell,bid,8.00,2026-05-07T19:20:34.141261Z,0.140000,c89771cb-fb36-51d8-420c-062490a87bb6,True,KXBRENTD-26MAY0717-T102,0.5300,31e06c35-f4f7-4606-b8ea-aed089b09995,yes,yes,0,KXBRENTD-26MAY0717-T102,c89771cb-fb36-51d8-420c-062490a87bb6,1778181634,0.4700
buy,bid,3.00,2026-05-07T19:14:58.49202Z,0.030000,37d658df-2515-647f-2055-6ff014cbd15d,True,KXBRENTD-26MAY0717-T100,0.1200,15ee4050-d211-495e-ae8a-c8eb3b05706c,yes,yes,0,KXBRENTD-26MAY0717-T100,37d658df-2515-647f-2055-6ff014cbd15d,1778181298,0.8800
buy,ask,0.32,2026-05-07T19:14:24.203574Z,0.013200,ed3c8c77-b2a0-4a1d-385d-0063a9c6f7ca,True,KXBRENTD-26MAY0717-T102,0.7400,5b360100-94e2-4363-aa47-af3134e280b6,no,no,0,KXBRENTD-26MAY0717-T102,ed3c8c77-b2a0-4a1d-385d-0063a9c6f7ca,1778181264,0.2600
buy,ask,2.68,2026-05-07T19:14:24.203574Z,0.030000,7e4c4269-8268-4981-03c4-32dd9d442849,True,KXBRENTD-26MAY0717-T102,0.7500,5b360100-94e2-4363-aa47-af3134e280b6,no,no,0,KXBRENTD-26MAY0717-T102,7e4c4269-8268-4981-03c4-32dd9d442849,1778181264,0.2500
sell,bid,0.08,2026-05-07T19:14:07.855068Z,0.007200,eedc3741-14bb-49fd-80c9-920a149ca4ed,True,KXBRENTD-26MAY0717-T101.50,0.5900,c7e50dc3-041b-42b6-8027-8dc97dbcef3f,yes,yes,0,KXBRENTD-26MAY0717-T101.50,eedc3741-14bb-49fd-80c9-920a149ca4ed,1778181247,0.4100
sell,bid,2.92,2026-05-07T19:14:07.855068Z,0.052800,a24b740e-0127-4412-9796-db5a35ee9339,True,KXBRENTD-26MAY0717-T101.50,0.5900,c7e50dc3-041b-42b6-8027-8dc97dbcef3f,yes,yes,0,KXBRENTD-26MAY0717-T101.50,a24b740e-0127-4412-9796-db5a35ee9339,1778181247,0.4100
sell,bid,4.93,2026-05-07T19:14:02.464739Z,0.083400,2c52d657-16f1-7ecd-f2d9-4a8e6fa758f9,True,KXBRENTD-26MAY0717-T101,0.3800,1f19565f-a0a6-4e15-9fba-91e02f0df3ef,yes,yes,0,KXBRENTD-26MAY0717-T101,2c52d657-16f1-7ecd-f2d9-4a8e6fa758f9,1778181242,0.6200
sell,bid,1.00,2026-05-07T19:14:02.464739Z,0.010000,1cc8e19a-185d-74f7-d22f-9eaa63888152,True,KXBRENTD-26MAY0717-T101,0.3900,1f19565f-a0a6-4e15-9fba-91e02f0df3ef,yes,yes,0,KXBRENTD-26MAY0717-T101,1cc8e19a-185d-74f7-d22f-9eaa63888152,1778181242,0.6100
sell,bid,0.07,2026-05-07T19:14:02.464739Z,0.008000,18072712-b2dd-799e-fdb7-7073e4cf055d,True,KXBRENTD-26MAY0717-T101,0.4000,1f19565f-a0a6-4e15-9fba-91e02f0df3ef,yes,yes,0,KXBRENTD-26MAY0717-T101,18072712-b2dd-799e-fdb7-7073e4cf055d,1778181242,0.6000
buy,bid,3.00,2026-05-07T19:10:27.937165Z,0.050000,9311bfb8-0ceb-7525-c366-c78f17367ac0,True,KXBRENTD-26MAY0717-T100.50,0.3000,e29b1084-dd65-4ed4-9836-a3a0eebebd2c,yes,yes,0,KXBRENTD-26MAY0717-T100.50,9311bfb8-0ceb-7525-c366-c78f17367ac0,1778181027,0.7000
buy,ask,3.00,2026-05-07T19:05:27.093503Z,0.060000,1e769662-1bdd-64c6-86b7-fd5887fefd54,True,KXBRENTD-26MAY0717-T101,0.4500,67e5feae-7b43-4b6c-8a3c-e8b9a9fd357b,no,no,0,KXBRENTD-26MAY0717-T101,1e769662-1bdd-64c6-86b7-fd5887fefd54,1778180727,0.5500
buy,ask,5.00,2026-05-07T18:06:05.697044Z,0.040000,281855c1-04b4-49b3-edf7-b3c10d97375b,True,KXBRENTD-26MAY0717-T102.50,0.8900,61436f4c-f5d1-41c8-9f6f-cd66a17ff3f1,no,no,0,KXBRENTD-26MAY0717-T102.50,281855c1-04b4-49b3-edf7-b3c10d97375b,1778177165,0.1100
sell,ask,3.00,2026-05-07T18:05:13.116183Z,0.010000,cb455e81-3a0e-53a7-9900-b637ab7530ec,True,KXBRENTD-26MAY0717-T95.50,0.0300,2aa671d8-b80b-44c2-87be-dbf3b9360bdc,no,no,0,KXBRENTD-26MAY0717-T95.50,cb455e81-3a0e-53a7-9900-b637ab7530ec,1778177113,0.9700
sell,bid,2.00,2026-05-07T17:00:23.310347Z,0.040000,2213358f-a10f-6f58-6810-e92321793faf,True,KXBRENTD-26MAY0717-T101,0.5300,984458a1-8818-489d-bdfb-745e4fc1e569,yes,yes,0,KXBRENTD-26MAY0717-T101,2213358f-a10f-6f58-6810-e92321793faf,1778173223,0.4700
buy,ask,3.00,2026-05-07T16:46:25.572842Z,0.050000,1230556f-c7da-7c6e-6192-c49f211a1a4f,True,KXBRENTD-26MAY0717-T101.50,0.7300,530150e3-28e2-4f1f-bfe5-8dbbcd27f50f,no,no,0,KXBRENTD-26MAY0717-T101.50,1230556f-c7da-7c6e-6192-c49f211a1a4f,1778172385,0.2700
buy,ask,5.00,2026-05-07T16:46:01.658246Z,0.040000,71699914-7819-6f8e-0b04-38d84c7bb1c6,True,KXBRENTD-26MAY0717-T102,0.8700,8c915d65-f951-4806-add2-ef7cc6649d6c,no,no,0,KXBRENTD-26MAY0717-T102,71699914-7819-6f8e-0b04-38d84c7bb1c6,1778172361,0.1300
sell,ask,2.00,2026-05-07T16:32:13.531762Z,0.010000,4797ad55-32a6-7b80-2b57-f648a5f8a2df,True,KXWTI-26MAY07-T88.99,0.0100,bd891436-333c-4fcc-abb7-03b59cc45b41,no,no,0,KXWTI-26MAY07-T88.99,4797ad55-32a6-7b80-2b57-f648a5f8a2df,1778171533,0.9900
buy,ask,4.82,2026-05-07T16:27:57.654787Z,0.065000,51431618-df38-44cd-7a11-978cef5f7a37,True,KXBRENTD-26MAY0717-T101,0.7500,0e9778f4-854b-4096-b172-d6951e0c609d,no,no,0,KXBRENTD-26MAY0717-T101,51431618-df38-44cd-7a11-978cef5f7a37,1778171277,0.2500
buy,ask,0.18,2026-05-07T16:27:57.654787Z,0.006800,2d09f20b-6369-4cd8-5122-8c10edad5607,True,KXBRENTD-26MAY0717-T101,0.7400,0e9778f4-854b-4096-b172-d6951e0c609d,no,no,0,KXBRENTD-26MAY0717-T101,2d09f20b-6369-4cd8-5122-8c10edad5607,1778171277,0.2600
sell,ask,1.82,2026-05-07T16:27:16.427414Z,0.031200,bc98604e-ebfa-6da6-78da-66a7ba3eaba6,True,KXBRENTD-26MAY0717-T99,0.3400,3d7898ab-fb83-49a7-bd0b-dbe2d2a946d2,no,no,0,KXBRENTD-26MAY0717-T99,bc98604e-ebfa-6da6-78da-66a7ba3eaba6,1778171236,0.6600
sell,ask,3.18,2026-05-07T16:27:16.427414Z,0.048800,0537b355-0867-61ab-47a5-580062a1c7a7,True,KXBRENTD-26MAY0717-T99,0.3400,3d7898ab-fb83-49a7-bd0b-dbe2d2a946d2,no,no,0,KXBRENTD-26MAY0717-T99,0537b355-0867-61ab-47a5-580062a1c7a7,1778171236,0.6600
buy,bid,5.00,2026-05-07T16:18:24.079617Z,0.070000,48e221ae-ac6c-41af-30e6-d7a21212947b,True,KXBRENTD-26MAY0717-T99,0.2400,300d0986-2e8f-42d8-a933-c40d721302f5,yes,yes,0,KXBRENTD-26MAY0717-T99,48e221ae-ac6c-41af-30e6-d7a21212947b,1778170704,0.7600
sell,bid,3.00,2026-05-07T16:15:50.52666Z,0.050000,e26797d1-75c3-7f90-b1da-17542d7e710a,True,KXBRENTD-26MAY0717-T100,0.5600,46990624-c3a9-4f39-831b-f9bfad8ed854,yes,yes,0,KXBRENTD-26MAY0717-T100,e26797d1-75c3-7f90-b1da-17542d7e710a,1778170550,0.4400
sell,bid,1.00,2026-05-07T16:15:50.52666Z,0.020000,d222baea-0722-72b4-942b-5d8fb5aaf443,True,KXBRENTD-26MAY0717-T100,0.5700,46990624-c3a9-4f39-831b-f9bfad8ed854,yes,yes,0,KXBRENTD-26MAY0717-T100,d222baea-0722-72b4-942b-5d8fb5aaf443,1778170550,0.4300
sell,bid,1.00,2026-05-07T16:15:50.52666Z,0.020000,17278a04-166a-726e-83aa-03dba0e9296f,True,KXBRENTD-26MAY0717-T100,0.5600,46990624-c3a9-4f39-831b-f9bfad8ed854,yes,yes,0,KXBRENTD-26MAY0717-T100,17278a04-166a-726e-83aa-03dba0e9296f,1778170550,0.4400
sell,bid,2.00,2026-05-07T16:15:50.359292Z,0.030000,aca634d7-2a50-4b52-dbc3-10cbf50be651,True,KXBRENTD-26MAY0717-T98.50,0.2100,58f56d6e-da42-4094-936b-b903fb4b6e69,yes,yes,0,KXBRENTD-26MAY0717-T98.50,aca634d7-2a50-4b52-dbc3-10cbf50be651,1778170550,0.7900
sell,bid,5.00,2026-05-07T15:37:00.045788Z,0.090000,8954b48a-f317-4f52-e1aa-f98ee36a79ac,True,KXWTI-26MAY07-T91.99,0.4700,5ff3670f-3e8f-4162-9d33-47a0da6226c8,yes,yes,0,KXWTI-26MAY07-T91.99,8954b48a-f317-4f52-e1aa-f98ee36a79ac,1778168220,0.5300
buy,bid,2.00,2026-05-07T14:26:47.059973Z,0.030000,01f9a630-68f1-5c55-38ad-ae6e6ad89458,True,KXWTI-26MAY07-T88.99,0.1900,3196d70d-3291-4566-a271-bea1fea9c463,yes,yes,0,KXWTI-26MAY07-T88.99,01f9a630-68f1-5c55-38ad-ae6e6ad89458,1778164007,0.8100
buy,ask,2.00,2026-05-07T14:24:10.653135Z,0.030000,f8b71b6c-1804-50d8-221d-ffcbe7a62250,True,KXBRENTD-26MAY0717-T98.50,0.7900,b6b5f4a2-c744-45b9-a5ef-82f311388c8c,no,no,0,KXBRENTD-26MAY0717-T98.50,f8b71b6c-1804-50d8-221d-ffcbe7a62250,1778163850,0.2100
buy,bid,3.00,2026-05-07T14:23:16.623451Z,0.050000,107bad2c-4a53-7162-7435-b1c59fe0b548,True,KXBRENTD-26MAY0717-T95.50,0.2900,74a19467-3c72-4d1f-b603-755de287fc52,yes,yes,0,KXBRENTD-26MAY0717-T95.50,107bad2c-4a53-7162-7435-b1c59fe0b548,1778163796,0.7100
buy,ask,5.00,2026-05-07T14:21:24.442905Z,0.040000,e83158f3-72f5-52a2-2ef4-05de0fd4ae4d,True,KXBRENTD-26MAY0717-T100,0.8800,e0da7322-ede6-4567-a7d7-d6cb895dbba2,no,no,0,KXBRENTD-26MAY0717-T100,e83158f3-72f5-52a2-2ef4-05de0fd4ae4d,1778163684,0.1200
buy,ask,5.00,2026-05-07T14:18:32.038259Z,0.000000,1b7cab98-fab0-792a-bdd5-1954d7877a04,False,KXWTI-26MAY07-T91.99,0.7500,beeae3f9-3b75-4c58-98fa-88fd9558f0c8,no,no,0,KXWTI-26MAY07-T91.99,1b7cab98-fab0-792a-bdd5-1954d7877a04,1778163512,0.2500
sell,bid,5.00,2026-05-06T20:17:57.571952Z,0.040000,c0b87643-5a80-5ab6-201d-04f6dca719af,True,KXBRENTD-26MAY0617-T102.50,0.8700,42bd3fd5-e990-4740-a77e-411081196056,yes,yes,0,KXBRENTD-26MAY0617-T102.50,c0b87643-5a80-5ab6-201d-04f6dca719af,1778098677,0.1300
sell,bid,8.32,2026-05-06T19:14:18.258399Z,0.113200,95a83933-a99d-69cc-7450-0469cf56c5ff,True,KXBRENTD-26MAY0617-T102.00,0.7600,5730ba8a-9e99-4aa7-b476-2fe2852d3cde,yes,yes,0,KXBRENTD-26MAY0617-T102.00,95a83933-a99d-69cc-7450-0469cf56c5ff,1778094858,0.2400
sell,bid,1.68,2026-05-06T19:14:18.258399Z,0.019200,338a525f-b235-6fd1-73b8-9e058f19ef5b,True,KXBRENTD-26MAY0617-T102.00,0.6900,5730ba8a-9e99-4aa7-b476-2fe2852d3cde,yes,yes,0,KXBRENTD-26MAY0617-T102.00,338a525f-b235-6fd1-73b8-9e058f19ef5b,1778094858,0.3100
buy,ask,0.09,2026-05-06T19:02:26.446455Z,0.001700,83e0d640-f8c1-74ef-7f15-3067f1fbb8df,True,KXBRENTD-26MAY0617-T102.50,0.8700,bfa2546e-a77b-4e80-bbbc-7b70a65a59a3,no,no,0,KXBRENTD-26MAY0617-T102.50,83e0d640-f8c1-74ef-7f15-3067f1fbb8df,1778094146,0.1300
buy,ask,4.91,2026-05-06T19:02:26.446455Z,0.038300,03a1cf7e-0d28-70bc-5e8b-797a636c72d1,True,KXBRENTD-26MAY0617-T102.50,0.8700,bfa2546e-a77b-4e80-bbbc-7b70a65a59a3,no,no,0,KXBRENTD-26MAY0617-T102.50,03a1cf7e-0d28-70bc-5e8b-797a636c72d1,1778094146,0.1300
buy,ask,2.00,2026-05-06T19:01:32.22643Z,0.030000,d9fa0776-1cc8-5069-9265-9573508d36b0,True,KXBRENTD-26MAY0617-T102.00,0.7100,8fec44b3-2ba6-453d-8566-52dd2a44b067,no,no,0,KXBRENTD-26MAY0617-T102.00,d9fa0776-1cc8-5069-9265-9573508d36b0,1778094092,0.2900
buy,ask,3.00,2026-05-06T19:01:32.22643Z,0.040000,a8aaf5b6-abce-52f9-bd4b-bf30c3201f64,True,KXBRENTD-26MAY0617-T102.00,0.7000,8fec44b3-2ba6-453d-8566-52dd2a44b067,no,no,0,KXBRENTD-26MAY0617-T102.00,a8aaf5b6-abce-52f9-bd4b-bf30c3201f64,1778094092,0.3000
buy,ask,5.00,2026-05-06T19:01:32.22643Z,0.080000,a60b3f49-5aad-5ead-8565-7e1e830bb961,True,KXBRENTD-26MAY0617-T102.00,0.6900,8fec44b3-2ba6-453d-8566-52dd2a44b067,no,no,0,KXBRENTD-26MAY0617-T102.00,a60b3f49-5aad-5ead-8565-7e1e830bb961,1778094092,0.3100
buy,bid,5.00,2026-05-06T18:51:24.524845Z,0.050000,3789f5e9-9302-5728-6ea6-bbd02fe6b918,True,KXBRENTD-26MAY0617-T100.00,0.1500,84d6f4f6-3aac-46d3-b876-f392d99cdf4e,yes,yes,0,KXBRENTD-26MAY0617-T100.00,3789f5e9-9302-5728-6ea6-bbd02fe6b918,1778093484,0.8500
sell,bid,5.00,2026-05-06T18:46:21.728824Z,0.080000,f33349f2-f601-4096-a20a-75d09f0b2961,True,KXBRENTD-26MAY0617-T102.00,0.6900,b5cb23af-b8d7-40ce-8523-5f6373f9e51c,yes,yes,0,KXBRENTD-26MAY0617-T102.00,f33349f2-f601-4096-a20a-75d09f0b2961,1778093181,0.3100
sell,bid,3.01,2026-05-06T18:46:21.728824Z,0.036900,d7f942cc-62dd-4fb7-8552-728513920104,True,KXBRENTD-26MAY0617-T102.00,0.6900,b5cb23af-b8d7-40ce-8523-5f6373f9e51c,yes,yes,0,KXBRENTD-26MAY0617-T102.00,d7f942cc-62dd-4fb7-8552-728513920104,1778093181,0.3100
sell,bid,1.99,2026-05-06T18:46:21.728824Z,0.033100,281e3c83-1f4c-49f8-a31b-912c3b960521,True,KXBRENTD-26MAY0617-T102.00,0.6900,b5cb23af-b8d7-40ce-8523-5f6373f9e51c,yes,yes,0,KXBRENTD-26MAY0617-T102.00,281e3c83-1f4c-49f8-a31b-912c3b960521,1778093181,0.3100
buy,ask,3.00,2026-05-06T18:46:13.812194Z,0.040000,c350991f-9a95-772d-14b6-a701d8de07ac,True,KXBRENTD-26MAY0617-T102.00,0.7100,d27af1a4-c881-4fd2-adfd-7ae934ceffe4,no,no,0,KXBRENTD-26MAY0617-T102.00,c350991f-9a95-772d-14b6-a701d8de07ac,1778093173,0.2900
buy,ask,7.00,2026-05-06T18:46:13.812194Z,0.110000,92b66fd0-981d-7924-2f6b-411aaf88bd27,True,KXBRENTD-26MAY0617-T102.00,0.7100,d27af1a4-c881-4fd2-adfd-7ae934ceffe4,no,no,0,KXBRENTD-26MAY0617-T102.00,92b66fd0-981d-7924-2f6b-411aaf88bd27,1778093173,0.2900
sell,bid,5.00,2026-05-06T18:45:13.741804Z,0.080000,e16d0c15-9dca-7cc2-465b-943c0eef0b50,True,KXBRENTD-26MAY0617-T102.00,0.6600,fcbf4e85-27ae-4c95-ba93-74a3c165ef5f,yes,yes,0,KXBRENTD-26MAY0617-T102.00,e16d0c15-9dca-7cc2-465b-943c0eef0b50,1778093113,0.3400
sell,bid,5.00,2026-05-06T18:45:13.741804Z,0.080000,0a256279-a035-77d9-4727-5b3cf68aeb3e,True,KXBRENTD-26MAY0617-T102.00,0.6700,fcbf4e85-27ae-4c95-ba93-74a3c165ef5f,yes,yes,0,KXBRENTD-26MAY0617-T102.00,0a256279-a035-77d9-4727-5b3cf68aeb3e,1778093113,0.3300
buy,ask,5.00,2026-05-06T18:44:38.849056Z,0.070000,e7e9fb07-5562-500e-f30f-7390d1899fa8,True,KXBRENTD-26MAY0617-T102.00,0.7400,316398af-82be-440c-998d-d6d4658801d6,no,no,0,KXBRENTD-26MAY0617-T102.00,e7e9fb07-5562-500e-f30f-7390d1899fa8,1778093078,0.2600
buy,ask,5.00,2026-05-06T18:44:38.849056Z,0.070000,bbfbe86e-ba80-50c8-d7bf-8236ecc9dbb5,True,KXBRENTD-26MAY0617-T102.00,0.7400,316398af-82be-440c-998d-d6d4658801d6,no,no,0,KXBRENTD-26MAY0617-T102.00,bbfbe86e-ba80-50c8-d7bf-8236ecc9dbb5,1778093078,0.2600
sell,ask,0.39,2026-05-06T18:11:48.202197Z,0.015700,db323f3e-ae97-472c-3237-f7175ecd1796,True,KXBRENTD-26MAY0617-T100.50,0.3700,ad6466e0-6b90-4147-a563-eb9312a91ffa,no,no,0,KXBRENTD-26MAY0617-T100.50,db323f3e-ae97-472c-3237-f7175ecd1796,1778091108,0.6300
sell,ask,4.61,2026-05-06T18:11:48.202197Z,0.068200,9bec6b21-20b6-43d3-2f88-6ed37b1a6d50,True,KXBRENTD-26MAY0617-T100.50,0.3800,ad6466e0-6b90-4147-a563-eb9312a91ffa,no,no,0,KXBRENTD-26MAY0617-T100.50,9bec6b21-20b6-43d3-2f88-6ed37b1a6d50,1778091108,0.6200
sell,ask,1.14,2026-05-06T18:05:48.889335Z,0.021000,a5a54db8-6e82-60b9-3242-02e93b826b6c,True,KXBRENTD-26MAY0617-T101.00,0.3500,51a9e40c-bd68-4809-a0f1-1ad7dc8c380d,no,no,0,KXBRENTD-26MAY0617-T101.00,a5a54db8-6e82-60b9-3242-02e93b826b6c,1778090748,0.6500
sell,ask,3.86,2026-05-06T18:05:48.889335Z,0.060400,82253a3b-acef-643f-2d89-1431e33fbe4e,True,KXBRENTD-26MAY0617-T101.00,0.3600,51a9e40c-bd68-4809-a0f1-1ad7dc8c380d,no,no,0,KXBRENTD-26MAY0617-T101.00,82253a3b-acef-643f-2d89-1431e33fbe4e,1778090748,0.6400
buy,bid,2.00,2026-05-06T16:54:28.252715Z,0.030000,f7c5e0d9-c5ed-6991-8072-1606850def46,True,KXBRENTD-26MAY0617-T101.00,0.2200,94354732-eed6-4ac1-8be7-59dabd78043b,yes,yes,0,KXBRENTD-26MAY0617-T101.00,f7c5e0d9-c5ed-6991-8072-1606850def46,1778086468,0.7800
buy,bid,3.00,2026-05-06T16:54:28.252715Z,0.040000,e9e22a2d-2c3f-6812-8c29-42b1177a1661,True,KXBRENTD-26MAY0617-T101.00,0.2500,94354732-eed6-4ac1-8be7-59dabd78043b,yes,yes,0,KXBRENTD-26MAY0617-T101.00,e9e22a2d-2c3f-6812-8c29-42b1177a1661,1778086468,0.7500
sell,bid,5.00,2026-05-06T16:52:24.22195Z,0.080000,e7fe3c1e-dffb-7d89-1629-d73f459d6842,True,KXBRENTD-26MAY0617-T103.00,0.6800,3eb136ab-666d-4f7f-ac41-7b623b4622d3,yes,yes,0,KXBRENTD-26MAY0617-T103.00,e7fe3c1e-dffb-7d89-1629-d73f459d6842,1778086344,0.3200
sell,bid,4.70,2026-05-06T16:48:21.747161Z,0.080000,bc945bc0-6886-4130-66a8-d23ab6ae0ff6,True,KXBRENTD-26MAY0617-T102.50,0.6000,20a2e515-ab30-4032-b975-877c50c4e0a2,yes,yes,0,KXBRENTD-26MAY0617-T102.50,bc945bc0-6886-4130-66a8-d23ab6ae0ff6,1778086101,0.4000
sell,bid,0.30,2026-05-06T16:48:21.747161Z,0.009000,9f117895-cc48-41a8-543c-d75cb27dffcd,True,KXBRENTD-26MAY0617-T102.50,0.6300,20a2e515-ab30-4032-b975-877c50c4e0a2,yes,yes,0,KXBRENTD-26MAY0617-T102.50,9f117895-cc48-41a8-543c-d75cb27dffcd,1778086101,0.3700
buy,ask,5.00,2026-05-06T16:37:07.566833Z,0.070000,a494f541-afdc-7710-00b9-df91abd36a2d,True,KXBRENTD-26MAY0617-T103.00,0.7400,fcc9ea19-32ae-4c2c-a914-a732c981aa9f,no,no,0,KXBRENTD-26MAY0617-T103.00,a494f541-afdc-7710-00b9-df91abd36a2d,1778085427,0.2600
buy,ask,0.13,2026-05-06T16:36:55.905706Z,0.009400,d208ec37-5312-70de-225a-d723b900a0e6,True,KXBRENTD-26MAY0617-T102.50,0.6200,cee96654-2abc-4c52-a75f-b1ab48dea0b3,no,no,0,KXBRENTD-26MAY0617-T102.50,d208ec37-5312-70de-225a-d723b900a0e6,1778085415,0.3800
buy,ask,4.87,2026-05-06T16:36:55.905706Z,0.081900,84d4030e-b0a2-767a-0d00-d5c3939b467f,True,KXBRENTD-26MAY0617-T102.50,0.6300,cee96654-2abc-4c52-a75f-b1ab48dea0b3,no,no,0,KXBRENTD-26MAY0617-T102.50,84d4030e-b0a2-767a-0d00-d5c3939b467f,1778085415,0.3700
buy,ask,5.00,2026-05-06T14:53:13.337991Z,0.070000,d380621d-a43a-5251-ef8e-84c742de7b27,True,KXBRENTD-26MAY0617-T104.00,0.7800,9119b437-7d9c-47a4-9cff-b2fe12f5e491,no,no,0,KXBRENTD-26MAY0617-T104.00,d380621d-a43a-5251-ef8e-84c742de7b27,1778079193,0.2200
sell,ask,3.00,2026-05-06T14:52:54.812684Z,0.050000,f23dd094-1d2d-525b-b735-98d7011bddc3,True,KXBRENTD-26MAY0617-T101.50,0.4400,8d6f769a-7009-4735-8625-27f13a78bd18,no,no,0,KXBRENTD-26MAY0617-T101.50,f23dd094-1d2d-525b-b735-98d7011bddc3,1778079174,0.5600
sell,ask,2.00,2026-05-06T14:52:54.812684Z,0.040000,34fe9ae5-b4a5-5a70-99fd-c425fc12a56d,True,KXBRENTD-26MAY0617-T101.50,0.4300,8d6f769a-7009-4735-8625-27f13a78bd18,no,no,0,KXBRENTD-26MAY0617-T101.50,34fe9ae5-b4a5-5a70-99fd-c425fc12a56d,1778079174,0.5700
sell,ask,5.00,2026-05-06T14:17:55.379308Z,0.010000,38c072d0-e4bb-66b4-0a7c-57e02c9e5f45,True,KXWTI-26MAY06-T88.99,0.0200,5a1c0750-9f5d-4b07-adfa-2a8a21541a3d,no,no,0,KXWTI-26MAY06-T88.99,38c072d0-e4bb-66b4-0a7c-57e02c9e5f45,1778077075,0.9800
buy,bid,5.00,2026-05-06T14:13:06.338496Z,0.070000,feb1d7bd-9244-5581-8b79-de2d745d7e7d,True,KXBRENTD-26MAY0617-T100.50,0.2300,f831da20-df97-4609-8952-1471ff5dba5b,yes,yes,0,KXBRENTD-26MAY0617-T100.50,feb1d7bd-9244-5581-8b79-de2d745d7e7d,1778076786,0.7700
buy,ask,3.00,2026-05-06T13:27:54.888463Z,0.040000,be98bf48-2ebd-6c29-53fe-17a15060eb06,True,KXWTI-26MAY06-T98.99,0.7500,d3be0380-2e72-49b8-ba0f-360a11b04a70,no,no,0,KXWTI-26MAY06-T98.99,be98bf48-2ebd-6c29-53fe-17a15060eb06,1778074074,0.2500
buy,ask,2.00,2026-05-06T13:27:54.888463Z,0.030000,a82bc2a6-ca5a-6ff5-73d3-8a747997b703,True,KXWTI-26MAY06-T98.99,0.7500,d3be0380-2e72-49b8-ba0f-360a11b04a70,no,no,0,KXWTI-26MAY06-T98.99,a82bc2a6-ca5a-6ff5-73d3-8a747997b703,1778074074,0.2500
buy,ask,5.00,2026-05-06T13:26:36.439116Z,0.080000,aeaf6042-7a64-49cb-7230-05339f68f744,True,KXBRENTD-26MAY0617-T105.00,0.7200,f5f3e82d-373b-42db-b0bc-4221b1ad99bf,no,no,0,KXBRENTD-26MAY0617-T105.00,aeaf6042-7a64-49cb-7230-05339f68f744,1778073996,0.2800
sell,bid,5.00,2026-05-06T13:18:09.790366Z,0.090000,c3fbd271-6cf7-6fc0-b81f-881bca2704ba,True,KXBRENTD-26MAY0617-T104.50,0.6200,ce0570b0-058a-4900-8a84-624dff8376e5,yes,yes,0,KXBRENTD-26MAY0617-T104.50,c3fbd271-6cf7-6fc0-b81f-881bca2704ba,1778073489,0.3800
sell,bid,5.00,2026-05-06T13:17:53.91765Z,0.090000,8aa8c9ed-20f4-6f3b-0e9c-f7c948258380,True,KXWTI-26MAY06-T96.99,0.5700,f80ff5bb-94c6-4b07-acfa-e0ce81004811,yes,yes,0,KXWTI-26MAY06-T96.99,8aa8c9ed-20f4-6f3b-0e9c-f7c948258380,1778073473,0.4300
buy,bid,5.00,2026-05-06T13:00:52.638885Z,0.070000,8e949850-bfee-50b1-412f-8aaca45f328c,True,KXBRENTD-26MAY0617-T101.50,0.2600,872db5bf-d009-4659-bb50-0015dce90733,yes,yes,0,KXBRENTD-26MAY0617-T101.50,8e949850-bfee-50b1-412f-8aaca45f328c,1778072452,0.7400
buy,ask,5.00,2026-05-06T12:53:59.066281Z,0.000000,9c632993-8b8c-6596-d0a7-ac245636fa44,False,KXBRENTD-26MAY0617-T104.50,0.7300,090faac1-3d61-4728-9ba2-666c1c264bcc,no,no,0,KXBRENTD-26MAY0617-T104.50,9c632993-8b8c-6596-d0a7-ac245636fa44,1778072039,0.2700
sell,bid,5.00,2026-05-06T12:33:52.500329Z,0.000000,dae553b4-d0c0-5793-d2f7-cd124bc26e30,False,KXWTI-26MAY06-T102.99,0.9700,b1f0ac9d-6ca5-48a9-a39b-993814f8b02c,yes,yes,0,KXWTI-26MAY06-T102.99,dae553b4-d0c0-5793-d2f7-cd124bc26e30,1778070832,0.0300
buy,ask,5.00,2026-05-06T12:18:21.817473Z,0.070000,96281d2e-8ce0-7b69-8527-94ec69b9ac30,True,KXWTI-26MAY06-T96.99,0.7600,4c264747-f5a4-4f8f-853c-19a1c38bc446,no,no,0,KXWTI-26MAY06-T96.99,96281d2e-8ce0-7b69-8527-94ec69b9ac30,1778069901,0.2400
sell,bid,5.00,2026-05-06T12:16:43.040764Z,0.080000,32fd5e44-b848-5e24-8e76-1e5dd50d83f2,True,KXWTI-26MAY06-T92.99,0.2900,709bbee5-505d-4695-8401-5ce2ec3ca06e,yes,yes,0,KXWTI-26MAY06-T92.99,32fd5e44-b848-5e24-8e76-1e5dd50d83f2,1778069803,0.7100
buy,bid,5.00,2026-05-06T11:37:13.87283Z,0.070000,1065447f-cf6e-4c8d-64b8-de263e172ea9,True,KXWTI-26MAY06-T88.99,0.2700,f609d986-f76b-43b5-bf2b-cf92880b6cfe,yes,yes,0,KXWTI-26MAY06-T88.99,1065447f-cf6e-4c8d-64b8-de263e172ea9,1778067433,0.7300
buy,ask,5.00,2026-05-06T11:36:35.059997Z,0.000000,9b3965a2-9d1a-59a4-0e39-f0fe2550aec6,False,KXWTI-26MAY06-T92.99,0.7500,d2584ccb-8d3f-4df6-8a82-b07ebd0c17e6,no,no,0,KXWTI-26MAY06-T92.99,9b3965a2-9d1a-59a4-0e39-f0fe2550aec6,1778067395,0.2500
sell,ask,3.00,2026-05-06T07:56:21.246523Z,0.050000,e9a6a248-3931-74ba-51c2-02e9a577cef8,True,KXWTI-26MAY06-T98.99,0.5200,aad66cb4-3141-4df9-b583-f05a24c932f3,no,no,0,KXWTI-26MAY06-T98.99,e9a6a248-3931-74ba-51c2-02e9a577cef8,1778054181,0.4800
sell,ask,2.00,2026-05-06T07:56:21.246523Z,0.040000,34ad54e4-6622-7947-48aa-39cdd57c0aff,True,KXWTI-26MAY06-T98.99,0.5200,aad66cb4-3141-4df9-b583-f05a24c932f3,no,no,0,KXWTI-26MAY06-T98.99,34ad54e4-6622-7947-48aa-39cdd57c0aff,1778054181,0.4800
buy,ask,5.00,2026-05-06T03:01:08.30942Z,0.080000,3bbbb50a-81e3-5e56-aa76-a5e38d5cb5f5,True,KXWTI-26MAY06-T102.99,0.7200,55aad23c-5442-448a-8998-161d6730ef40,no,no,0,KXWTI-26MAY06-T102.99,3bbbb50a-81e3-5e56-aa76-a5e38d5cb5f5,1778036468,0.2800
buy,bid,5.00,2026-05-06T02:57:17.400454Z,0.080000,21cc9834-c517-44d6-4ad7-fdab1fc6b8e2,True,KXWTI-26MAY06-T98.99,0.2900,06b9a0ee-74a7-400a-bf52-f53f9ef2ad84,yes,yes,0,KXWTI-26MAY06-T98.99,21cc9834-c517-44d6-4ad7-fdab1fc6b8e2,1778036237,0.7100
buy,bid,0.18,2026-05-05T22:07:13.211436Z,0.010600,607baf21-8fbd-575f-36e0-ec2abc7712f4,True,KXBTC15M-26MAY051815-15,0.1700,9642d952-1175-458a-a7b4-064fc7b682be,yes,yes,0,KXBTC15M-26MAY051815-15,607baf21-8fbd-575f-36e0-ec2abc7712f4,1778018833,0.8300
buy,bid,1.00,2026-05-05T22:07:13.211436Z,0.010000,59b96504-c425-56ab-3a96-3d6852d05831,True,KXBTC15M-26MAY051815-15,0.1700,9642d952-1175-458a-a7b4-064fc7b682be,yes,yes,0,KXBTC15M-26MAY051815-15,59b96504-c425-56ab-3a96-3d6852d05831,1778018833,0.8300
buy,ask,5.00,2026-05-05T18:31:40.436822Z,0.070000,11bd7b7a-d381-61d4-7d2e-a28d89202ac9,True,KXBRENTD-26MAY0517-T111,0.7500,75b38d86-154d-4b83-b97e-94ce59eb2736,no,no,0,KXBRENTD-26MAY0517-T111,11bd7b7a-d381-61d4-7d2e-a28d89202ac9,1778005900,0.2500
sell,bid,1.00,2026-05-05T18:06:27.017238Z,0.000000,df662e87-6261-7683-a27a-3297ce97262e,False,KXBRENTD-26MAY0517-T113,0.9500,f90070f1-1898-4401-9867-daaf031f41b6,yes,yes,0,KXBRENTD-26MAY0517-T113,df662e87-6261-7683-a27a-3297ce97262e,1778004387,0.0500
buy,bid,5.00,2026-05-05T16:26:44.720684Z,0.070000,81ce4315-cb51-5e12-8792-18a5d93bee14,True,KXBRENTD-26MAY0517-T109.50,0.2700,2c33ee5f-0fc4-47bd-88c6-2217adbe06d1,yes,yes,0,KXBRENTD-26MAY0517-T109.50,81ce4315-cb51-5e12-8792-18a5d93bee14,1777998404,0.7300
sell,ask,4.00,2026-05-05T16:21:07.63793Z,0.070000,8f149519-6189-4275-ed57-ad6687a872f5,True,KXBRENTD-26MAY0517-T110.50,0.4900,fe023a6a-f179-42cf-9330-ceba2b8f1c8c,no,no,0,KXBRENTD-26MAY0517-T110.50,8f149519-6189-4275-ed57-ad6687a872f5,1777998067,0.5100
buy,ask,5.00,2026-05-05T16:19:28.652197Z,0.070000,d5ef76b1-7164-4c4d-9b61-e8c745f617a2,True,KXBRENTD-26MAY0517-T112,0.7300,91385fc6-9bc0-40d7-86ed-ce219f178624,no,no,0,KXBRENTD-26MAY0517-T112,d5ef76b1-7164-4c4d-9b61-e8c745f617a2,1777997968,0.2700
sell,bid,2.00,2026-05-05T16:00:14.288725Z,0.000000,8f798566-70a2-571c-a8f6-fb9fed0f96dc,False,KXBRENTD-26MAY0517-T114,0.9600,e51c798b-3223-492e-b2ca-f6c444368c50,yes,yes,0,KXBRENTD-26MAY0517-T114,8f798566-70a2-571c-a8f6-fb9fed0f96dc,1777996814,0.0400
sell,bid,2.00,2026-05-05T15:43:26.717278Z,0.000000,39818b27-0c3f-54bb-d073-10404bf72a63,False,KXBRENTD-26MAY0517-T114,0.9200,17956d1b-af22-44e5-b7c6-d82e96ca1da7,yes,yes,0,KXBRENTD-26MAY0517-T114,39818b27-0c3f-54bb-d073-10404bf72a63,1777995806,0.0800
sell,bid,1.00,2026-05-05T15:12:09.36157Z,0.000000,7f0e38d8-1b98-7467-63a0-ed9c7277e25f,False,KXBRENTD-26MAY0517-T114,0.9000,acc66465-e845-4991-ba7b-527332b97c9b,yes,yes,0,KXBRENTD-26MAY0517-T114,7f0e38d8-1b98-7467-63a0-ed9c7277e25f,1777993929,0.1000
buy,ask,1.00,2026-05-05T15:02:36.58774Z,0.020000,3b0b3101-faf1-6ab6-7b7d-9d1c2f9844da,True,KXBRENTD-26MAY0517-T113,0.7600,63e81ce4-cace-4b00-bb9c-19e33ef7b0da,no,no,0,KXBRENTD-26MAY0517-T113,3b0b3101-faf1-6ab6-7b7d-9d1c2f9844da,1777993356,0.2400
sell,ask,1.00,2026-05-05T15:01:18.408285Z,0.020000,c6994f55-45d6-6891-6fdb-2f0a910fa9e3,True,KXBRENTD-26MAY0517-T110.50,0.4000,d6436323-606e-4821-ba30-dddc81751e06,no,no,0,KXBRENTD-26MAY0517-T110.50,c6994f55-45d6-6891-6fdb-2f0a910fa9e3,1777993278,0.6000
buy,ask,1.00,2026-05-05T13:07:58.422188Z,0.010000,cbd2ac22-4d23-405e-3d55-3af962a8ebc2,True,KXBRENTD-26MAY0517-T114,0.7600,bd1df290-e493-4352-ade7-216623a07029,no,no,0,KXBRENTD-26MAY0517-T114,cbd2ac22-4d23-405e-3d55-3af962a8ebc2,1777986478,0.2400
buy,ask,2.00,2026-05-05T13:07:58.422188Z,0.030000,b964137b-81be-422a-2fb8-a4c0afeb01a8,True,KXBRENTD-26MAY0517-T114,0.7700,bd1df290-e493-4352-ade7-216623a07029,no,no,0,KXBRENTD-26MAY0517-T114,b964137b-81be-422a-2fb8-a4c0afeb01a8,1777986478,0.2300
buy,ask,2.00,2026-05-05T13:07:58.422188Z,0.030000,29a2d439-ee48-46e0-131d-bfb23dbba637,True,KXBRENTD-26MAY0517-T114,0.7600,bd1df290-e493-4352-ade7-216623a07029,no,no,0,KXBRENTD-26MAY0517-T114,29a2d439-ee48-46e0-131d-bfb23dbba637,1777986478,0.2400
buy,bid,5.00,2026-05-05T13:07:15.96769Z,0.070000,6f1053e5-df5f-5bc8-d2ff-8b6b9cb7823d,True,KXBRENTD-26MAY0517-T110.50,0.2400,3e76e600-731e-447a-9391-49ed7ac8cef9,yes,yes,0,KXBRENTD-26MAY0517-T110.50,6f1053e5-df5f-5bc8-d2ff-8b6b9cb7823d,1777986435,0.7600
sell,ask,4.36,2026-05-04T18:52:50.393509Z,0.006000,172b702b-ec78-7317-7cc7-b5a0cce7984b,False,KXGOLDD-26MAY0417-T4510,0.4000,df95a278-aa11-4d49-a6b4-36812fd017af,no,no,0,KXGOLDD-26MAY0417-T4510,172b702b-ec78-7317-7cc7-b5a0cce7984b,1777920770,0.6000
sell,ask,0.64,2026-05-04T18:50:33.929911Z,0.004000,fa71f7fc-4688-4a07-9064-4816886969d3,False,KXGOLDD-26MAY0417-T4510,0.4000,df95a278-aa11-4d49-a6b4-36812fd017af,no,no,0,KXGOLDD-26MAY0417-T4510,fa71f7fc-4688-4a07-9064-4816886969d3,1777920633,0.6000
buy,ask,5.00,2026-05-04T17:19:40.027419Z,0.080000,7a4c1401-847e-5d0a-4c0e-d33f414322e7,True,KXGOLDD-26MAY0417-T4540,0.6900,3827b267-2602-467b-b301-fc0111f33044,no,no,0,KXGOLDD-26MAY0417-T4540,7a4c1401-847e-5d0a-4c0e-d33f414322e7,1777915180,0.3100
buy,bid,0.54,2026-05-04T17:18:28.041274Z,0.015000,e82addc6-3928-532f-30b5-ed2b603baf90,True,KXGOLDD-26MAY0417-T4510,0.2500,b16b0b71-d435-476f-a77a-cafef4d37e68,yes,yes,0,KXGOLDD-26MAY0417-T4510,e82addc6-3928-532f-30b5-ed2b603baf90,1777915108,0.7500
buy,bid,4.46,2026-05-04T17:18:28.041274Z,0.034400,9666446f-50f5-53f5-3e41-d0c8df29fc68,True,KXGOLDD-26MAY0417-T4510,0.1400,b16b0b71-d435-476f-a77a-cafef4d37e68,yes,yes,0,KXGOLDD-26MAY0417-T4510,9666446f-50f5-53f5-3e41-d0c8df29fc68,1777915108,0.8600
sell,bid,5.00,2026-05-04T16:33:09.167137Z,0.090000,9832c639-7c54-556e-52a6-7feacfb71a90,True,KXBRENTD-26MAY0417-T115,0.5600,27e73966-1aef-44c9-b423-ad961ef0af83,yes,yes,0,KXBRENTD-26MAY0417-T115,9832c639-7c54-556e-52a6-7feacfb71a90,1777912389,0.4400
sell,bid,2.00,2026-05-04T16:33:04.774897Z,0.040000,3b57308a-14a8-7d41-65cf-508090d83592,True,KXBRENTD-26MAY0417-T114.50,0.4500,a303bdfe-4149-4cbc-bf87-405228ef939f,yes,yes,0,KXBRENTD-26MAY0417-T114.50,3b57308a-14a8-7d41-65cf-508090d83592,1777912384,0.5500
sell,bid,5.00,2026-05-04T16:32:59.909143Z,0.090000,43859924-eb43-6dbb-ccf7-65521732d69e,True,KXBRENTD-26MAY0417-T114,0.3700,8fae4337-d55d-48d1-9a96-593b5519f58f,yes,yes,0,KXBRENTD-26MAY0417-T114,43859924-eb43-6dbb-ccf7-65521732d69e,1777912379,0.6300
buy,ask,2.00,2026-05-04T16:25:13.757789Z,0.040000,e7f0cf24-9bab-419b-1867-930618380443,True,KXBRENTD-26MAY0417-T114.50,0.6000,2ba51448-7cc0-42a0-a037-c29ab4157100,no,no,0,KXBRENTD-26MAY0417-T114.50,e7f0cf24-9bab-419b-1867-930618380443,1777911913,0.4000
buy,ask,5.00,2026-05-04T16:24:52.983389Z,0.090000,341110d4-7687-7ef3-7a7a-a1caf0dcacf8,True,KXBRENTD-26MAY0417-T114,0.4900,79f13f8d-63b8-4c7e-b3ba-682a0fe0568a,no,no,0,KXBRENTD-26MAY0417-T114,341110d4-7687-7ef3-7a7a-a1caf0dcacf8,1777911892,0.5100
buy,ask,5.00,2026-05-04T16:24:28.496905Z,0.080000,c9abce01-8458-4456-938a-75a31b844b75,True,KXBRENTD-26MAY0417-T115,0.6900,1f43aa77-1d25-41c7-84c3-24f8a078d3ec,no,no,0,KXBRENTD-26MAY0417-T115,c9abce01-8458-4456-938a-75a31b844b75,1777911868,0.3100
sell,bid,5.00,2026-05-04T15:25:48.892947Z,0.090000,5548a955-06df-52e0-9e8b-20a689ff949f,True,KXBRENTD-26MAY0417-T114,0.4600,086a96f6-cdc0-457d-8f33-9922c43578b6,yes,yes,0,KXBRENTD-26MAY0417-T114,5548a955-06df-52e0-9e8b-20a689ff949f,1777908348,0.5400
sell,bid,5.00,2026-05-04T15:24:38.77673Z,0.090000,e79517fa-8ee7-5154-14e6-2cf25fce0beb,True,KXBRENTD-26MAY0417-T114,0.4600,24ddf95d-2fce-4590-ada8-da37f1b91f6b,yes,yes,0,KXBRENTD-26MAY0417-T114,e79517fa-8ee7-5154-14e6-2cf25fce0beb,1777908278,0.5400
sell,bid,1.00,2026-05-04T15:21:49.261223Z,0.020000,fcac622c-ffd7-4328-d884-e40f031d64d4,True,KXBRENTD-26MAY0417-T113.50,0.5000,737a7f68-0faa-41e7-9735-2c41c940e114,yes,yes,0,KXBRENTD-26MAY0417-T113.50,fcac622c-ffd7-4328-d884-e40f031d64d4,1777908109,0.5000
sell,ask,2.00,2026-05-04T15:20:57.82265Z,0.000000,12a8d22f-b8de-75c4-bcdf-db04d330088e,False,KXBRENTD-26MAY0417-T109,0.0700,ce75dae7-158b-4e86-9099-3a0bf959b792,no,no,0,KXBRENTD-26MAY0417-T109,12a8d22f-b8de-75c4-bcdf-db04d330088e,1777908057,0.9300
buy,bid,5.00,2026-05-04T15:20:56.079066Z,0.080000,df7ba1eb-501a-5058-914b-d198a4e94b7a,True,KXBRENTD-26MAY0417-T111.50,0.3000,b39ec48c-4439-44c2-8daf-8c242ab538a4,yes,yes,0,KXBRENTD-26MAY0417-T111.50,df7ba1eb-501a-5058-914b-d198a4e94b7a,1777908056,0.7000
buy,ask,8.00,2026-05-04T15:19:51.709387Z,0.120000,b459fb1f-72fc-6256-a44e-5f727913cdb3,True,KXBRENTD-26MAY0417-T114,0.6800,bd1d807f-8aea-4bf2-8354-d2087eb71e86,no,no,0,KXBRENTD-26MAY0417-T114,b459fb1f-72fc-6256-a44e-5f727913cdb3,1777907991,0.3200
buy,ask,2.00,2026-05-04T15:19:51.709387Z,0.040000,80a787f3-d116-61bf-b7ae-77cde6c5fd4b,True,KXBRENTD-26MAY0417-T114,0.6700,bd1d807f-8aea-4bf2-8354-d2087eb71e86,no,no,0,KXBRENTD-26MAY0417-T114,80a787f3-d116-61bf-b7ae-77cde6c5fd4b,1777907991,0.3300
buy,ask,1.00,2026-05-04T15:19:29.172969Z,0.020000,7fbf3ccf-11f3-6326-766a-4f720f7ab06a,True,KXBRENTD-26MAY0417-T113.50,0.6000,7ce6c6cc-4f00-4bb9-b5b6-c76959f9a6f7,no,no,0,KXBRENTD-26MAY0417-T113.50,7fbf3ccf-11f3-6326-766a-4f720f7ab06a,1777907969,0.4000
sell,bid,2.00,2026-05-04T15:01:31.124738Z,0.040000,edb6695c-14af-5a8a-2e08-749e8b41df1c,True,KXBRENTD-26MAY0417-T112,0.4700,04df26b1-df98-45cc-a633-5c0438c3ea6d,yes,yes,0,KXBRENTD-26MAY0417-T112,edb6695c-14af-5a8a-2e08-749e8b41df1c,1777906891,0.5300
sell,ask,1.00,2026-05-04T14:56:31.157215Z,0.020000,ab818976-4287-4e30-55ac-24938c207eeb,True,KXBRENTD-26MAY0417-T109,0.1800,cfc730d8-a5fc-43d5-bc92-bb3128ae8799,no,no,0,KXBRENTD-26MAY0417-T109,ab818976-4287-4e30-55ac-24938c207eeb,1777906591,0.8200
sell,bid,1.00,2026-05-04T14:56:09.214433Z,0.020000,806d9947-48d5-663b-ea97-cfa090d5957d,True,KXBRENTD-26MAY0417-T112,0.5800,9f31bb1b-5ab9-4ab0-993f-cd8c549a9b13,yes,yes,0,KXBRENTD-26MAY0417-T112,806d9947-48d5-663b-ea97-cfa090d5957d,1777906569,0.4200
buy,ask,3.00,2026-05-04T14:14:51.167476Z,0.050000,890e3edb-18b6-4509-1816-8b36dedc68d1,True,KXBRENTD-26MAY0417-T112,0.6900,b2198375-b80e-4267-aff9-e735042fc8f0,no,no,0,KXBRENTD-26MAY0417-T112,890e3edb-18b6-4509-1816-8b36dedc68d1,1777904091,0.3100
buy,bid,3.00,2026-05-04T14:13:08.947973Z,0.040000,75dfc574-37d0-6172-8c9c-ad3b819b2c5b,True,KXBRENTD-26MAY0417-T109,0.2500,82ac6c81-558a-4b97-8765-67664f59ad7a,yes,yes,0,KXBRENTD-26MAY0417-T109,75dfc574-37d0-6172-8c9c-ad3b819b2c5b,1777903988,0.7500
sell,bid,0.56,2026-05-04T12:34:29.92606Z,0.011600,4e34ae6b-be27-68b9-ec71-41dd213ffc94,True,KXBRENTD-26MAY0417-T110,0.3600,b345dc4d-c984-49c9-93b8-d66020bc4adc,yes,yes,0,KXBRENTD-26MAY0417-T110,4e34ae6b-be27-68b9-ec71-41dd213ffc94,1777898069,0.6400
sell,bid,9.00,2026-05-04T10:06:58.43137Z,0.130000,a59b053c-91f9-4316-d9bc-47a753fdc7b2,True,KXBRENTD-26MAY0417-T110,0.2600,af4f730a-4748-4124-9bee-49f688712ffe,yes,yes,0,KXBRENTD-26MAY0417-T110,a59b053c-91f9-4316-d9bc-47a753fdc7b2,1777889218,0.7400
sell,bid,5.00,2026-05-04T10:06:58.24841Z,0.090000,b73dfbe6-e517-444b-eefd-052255f18f61,True,KXWTI-26MAY04-T103.99,0.4400,c68a93fd-49bd-43b5-9a47-831f29d12ea5,yes,yes,0,KXWTI-26MAY04-T103.99,b73dfbe6-e517-444b-eefd-052255f18f61,1777889218,0.5600
sell,bid,5.00,2026-05-04T10:06:58.066321Z,0.070000,578f863e-8152-4ba0-9b3f-f60b17dc0500,True,KXWTI-26MAY04-T102.99,0.2500,0c08febf-83b8-4289-8f18-1a4fc1cd6d62,yes,yes,0,KXWTI-26MAY04-T102.99,578f863e-8152-4ba0-9b3f-f60b17dc0500,1777889218,0.7500
sell,ask,8.00,2026-05-04T10:06:57.817143Z,0.140000,5246aca2-39bd-41db-96d2-eb6bde9a562d,True,KXGOLDD-26MAY0417-T4590,0.6200,73e798a7-f648-438b-8115-4bdeb7bb47c0,no,no,0,KXGOLDD-26MAY0417-T4590,5246aca2-39bd-41db-96d2-eb6bde9a562d,1777889217,0.3800
sell,ask,1.00,2026-05-04T08:20:33.178839Z,0.010000,5f920c49-c559-770e-6753-dbb5798cc6b9,True,KXBRENTD-26MAY0417-T107,0.1500,a4f9139f-14bc-4e76-b98d-322c28dc5f3a,no,no,0,KXBRENTD-26MAY0417-T107,5f920c49-c559-770e-6753-dbb5798cc6b9,1777882833,0.8500
sell,ask,1.00,2026-05-04T08:20:26.5422Z,0.010000,55e0ead9-3811-4a8e-c407-1e0cd7556af9,True,KXBRENTD-26MAY0417-T107,0.1500,6665aa3b-2bee-4116-9158-0342436a342a,no,no,0,KXBRENTD-26MAY0417-T107,55e0ead9-3811-4a8e-c407-1e0cd7556af9,1777882826,0.8500
sell,ask,2.00,2026-05-04T08:20:18.871251Z,0.020000,23762901-db45-7f79-8304-91fa936390f1,True,KXBRENTD-26MAY0417-T107,0.1600,5f906881-5767-4d7d-8877-c9ca1c47f223,no,no,0,KXBRENTD-26MAY0417-T107,23762901-db45-7f79-8304-91fa936390f1,1777882818,0.8400
sell,ask,2.00,2026-05-04T08:20:12.289056Z,0.020000,877d59f2-c568-61b1-4b24-1dfe66e04eb2,True,KXBRENTD-26MAY0417-T107,0.1500,ea17678a-aad1-49d6-b36c-818c27e9d645,no,no,0,KXBRENTD-26MAY0417-T107,877d59f2-c568-61b1-4b24-1dfe66e04eb2,1777882812,0.8500
sell,ask,4.00,2026-05-04T08:19:57.30542Z,0.040000,1d9596dd-6e64-57e6-1de8-508156a1b604,True,KXBRENTD-26MAY0417-T107,0.1400,05cf26c8-6e09-4487-a65b-7409d4b905cf,no,no,0,KXBRENTD-26MAY0417-T107,1d9596dd-6e64-57e6-1de8-508156a1b604,1777882797,0.8600
sell,bid,1.00,2026-05-04T07:31:57.308199Z,0.010000,365c7f22-e70c-5c35-7f19-2a5a7f2e0b95,True,KXGOLDD-26MAY0417-T4650,0.8700,e7956b7b-ec3b-47ae-be52-a82ffff78853,yes,yes,0,KXGOLDD-26MAY0417-T4650,365c7f22-e70c-5c35-7f19-2a5a7f2e0b95,1777879917,0.1300
sell,bid,1.00,2026-05-04T07:31:50.50212Z,0.010000,9ef51798-ce98-5fa8-e093-eef303bf4ff7,True,KXGOLDD-26MAY0417-T4650,0.8600,36279cad-abbc-4681-94ed-4a5e9c56f49b,yes,yes,0,KXGOLDD-26MAY0417-T4650,9ef51798-ce98-5fa8-e093-eef303bf4ff7,1777879910,0.1400
sell,bid,1.00,2026-05-04T07:31:41.900085Z,0.010000,22cddf3a-e92c-4035-c728-ac0d78c0f043,True,KXGOLDD-26MAY0417-T4650,0.8900,7c77a0fc-0611-4203-993f-d96fc093181c,yes,yes,0,KXGOLDD-26MAY0417-T4650,22cddf3a-e92c-4035-c728-ac0d78c0f043,1777879901,0.1100
sell,bid,2.00,2026-05-04T07:29:18.61874Z,0.020000,047140c5-d7ce-5230-8302-61c16f159081,True,KXGOLDD-26MAY0417-T4650,0.8900,72183d23-ee75-478a-8b08-0b6b0e0c58f6,yes,yes,0,KXGOLDD-26MAY0417-T4650,047140c5-d7ce-5230-8302-61c16f159081,1777879758,0.1100
sell,bid,1.00,2026-05-04T06:17:39.60839Z,0.010000,adff1cbe-9434-5e76-a59f-bfd073235d54,True,KXWTI-26MAY04-T104.99,0.8500,bcc03276-9b2f-475f-8b95-fe23305eafc9,yes,yes,0,KXWTI-26MAY04-T104.99,adff1cbe-9434-5e76-a59f-bfd073235d54,1777875459,0.1500
sell,bid,1.00,2026-05-04T06:17:33.278572Z,0.010000,896ceb56-d9b0-5de2-20e9-57b6f4755178,True,KXWTI-26MAY04-T104.99,0.8500,75e4cf8c-884e-47ba-aac8-443a918b2cc2,yes,yes,0,KXWTI-26MAY04-T104.99,896ceb56-d9b0-5de2-20e9-57b6f4755178,1777875453,0.1500
sell,bid,1.00,2026-05-04T06:17:26.442906Z,0.010000,79180c77-21ac-486e-ed83-157b10f0908c,True,KXWTI-26MAY04-T104.99,0.8500,09f9f644-f649-42d9-9992-d489e8aa5cbf,yes,yes,0,KXWTI-26MAY04-T104.99,79180c77-21ac-486e-ed83-157b10f0908c,1777875446,0.1500
sell,bid,2.00,2026-05-04T06:17:17.857861Z,0.020000,3bccb7bd-adb4-495e-5d73-af6a47967f00,True,KXWTI-26MAY04-T104.99,0.8500,d94cd8b6-554f-4295-b5ae-fa0dbd73e75c,yes,yes,0,KXWTI-26MAY04-T104.99,3bccb7bd-adb4-495e-5d73-af6a47967f00,1777875437,0.1500
sell,bid,1.00,2026-05-04T02:57:17.060393Z,0.010000,42d20408-684c-5600-556a-afa2757d03b4,True,KXGOLDD-26MAY0417-T4670,0.8400,c75e3927-9ccb-472c-b503-42248c7126e1,yes,yes,0,KXGOLDD-26MAY0417-T4670,42d20408-684c-5600-556a-afa2757d03b4,1777863437,0.1600
sell,bid,1.00,2026-05-04T02:55:14.457866Z,0.010000,3a6e67dd-5c33-61ed-79a3-0a84fd68fe12,True,KXGOLDD-26MAY0417-T4670,0.8600,4953920a-d437-4995-b0e2-42ead3a1aa31,yes,yes,0,KXGOLDD-26MAY0417-T4670,3a6e67dd-5c33-61ed-79a3-0a84fd68fe12,1777863314,0.1400
sell,bid,2.00,2026-05-04T02:55:07.024734Z,0.020000,a3da34ed-15c4-4d37-7bed-5806e6f27cc8,True,KXGOLDD-26MAY0417-T4670,0.8400,bfc17810-f904-4288-b0e0-b9ea3298877d,yes,yes,0,KXGOLDD-26MAY0417-T4670,a3da34ed-15c4-4d37-7bed-5806e6f27cc8,1777863307,0.1600
sell,bid,1.00,2026-05-04T01:46:00.573252Z,0.010000,5967fc5b-0887-4b06-388d-546d528c9bdb,True,KXGOLDD-26MAY0417-T4690,0.9100,50f32570-476f-4244-aeb6-d90f7015d3c8,yes,yes,0,KXGOLDD-26MAY0417-T4690,5967fc5b-0887-4b06-388d-546d528c9bdb,1777859160,0.0900
sell,bid,1.00,2026-05-04T01:45:51.748089Z,0.010000,76673ed9-eb86-6b0a-bfcc-6df074fdecef,True,KXGOLDD-26MAY0417-T4690,0.9200,93d96419-cda4-4b81-8b50-5ee8c88d2b22,yes,yes,0,KXGOLDD-26MAY0417-T4690,76673ed9-eb86-6b0a-bfcc-6df074fdecef,1777859151,0.0800
sell,bid,1.00,2026-05-04T01:45:43.258166Z,0.010000,3e842ae8-cc64-44d7-7a15-a2eff387b0d3,True,KXGOLDD-26MAY0417-T4690,0.9100,dee65d20-9c55-4151-b933-2de3ac1483d1,yes,yes,0,KXGOLDD-26MAY0417-T4690,3e842ae8-cc64-44d7-7a15-a2eff387b0d3,1777859143,0.0900
sell,bid,2.00,2026-05-04T01:45:34.325089Z,0.020000,e97894bb-8571-6a52-e65c-497a63a6ecfa,True,KXGOLDD-26MAY0417-T4690,0.9200,a0360a03-d8ad-48ae-911c-a2415b709d6a,yes,yes,0,KXGOLDD-26MAY0417-T4690,e97894bb-8571-6a52-e65c-497a63a6ecfa,1777859134,0.0800
buy,ask,5.00,2026-05-03T15:28:55.161244Z,0.050000,c6d8ee9e-91d1-55cb-f41a-35a0f0d9668d,True,KXGOLDD-26MAY0417-T4690,0.8600,03461263-392b-46b5-930d-ce915d38b11d,no,no,0,KXGOLDD-26MAY0417-T4690,c6d8ee9e-91d1-55cb-f41a-35a0f0d9668d,1777822135,0.1400
buy,ask,4.00,2026-05-03T15:28:42.723465Z,0.060000,d111ae21-bf96-490d-50cf-cf72c5ea7056,True,KXGOLDD-26MAY0417-T4670,0.7300,979b2ac9-3589-4113-b2cb-c4b8a2aa7ba8,no,no,0,KXGOLDD-26MAY0417-T4670,d111ae21-bf96-490d-50cf-cf72c5ea7056,1777822122,0.2700
buy,ask,5.00,2026-05-03T15:06:20.449789Z,0.080000,a652f1d7-183e-5361-42b3-84d7b158447a,True,KXGOLDD-26MAY0417-T4650,0.6800,69ac9442-ce93-469b-b804-1b7c9d8688bb,no,no,0,KXGOLDD-26MAY0417-T4650,a652f1d7-183e-5361-42b3-84d7b158447a,1777820780,0.3200
buy,bid,5.00,2026-05-03T15:06:05.564823Z,0.080000,39304bff-19a7-7976-5cfc-b14fece0339e,True,KXGOLDD-26MAY0417-T4590,0.3000,52130a92-6fca-4e85-b4ba-7595116dce47,yes,yes,0,KXGOLDD-26MAY0417-T4590,39304bff-19a7-7976-5cfc-b14fece0339e,1777820765,0.7000
buy,bid,3.00,2026-05-03T15:06:05.564823Z,0.040000,0b5cb9a1-a3d6-7120-6df0-be3e57e72d83,True,KXGOLDD-26MAY0417-T4590,0.3000,52130a92-6fca-4e85-b4ba-7595116dce47,yes,yes,0,KXGOLDD-26MAY0417-T4590,0b5cb9a1-a3d6-7120-6df0-be3e57e72d83,1777820765,0.7000
buy,ask,1.00,2026-05-03T14:57:39.899406Z,0.010000,911f6919-3339-5cc6-16f2-730bb1210f7b,True,KXWTI-26MAY04-T104.99,0.7700,f8eeb89a-b900-446b-a3e7-d632ad429164,no,no,0,KXWTI-26MAY04-T104.99,911f6919-3339-5cc6-16f2-730bb1210f7b,1777820259,0.2300
buy,ask,4.00,2026-05-03T14:57:39.899406Z,0.060000,25afc625-266a-5f11-2135-debe65aaab45,True,KXWTI-26MAY04-T104.99,0.7600,f8eeb89a-b900-446b-a3e7-d632ad429164,no,no,0,KXWTI-26MAY04-T104.99,25afc625-266a-5f11-2135-debe65aaab45,1777820259,0.2400
buy,ask,1.00,2026-05-03T14:57:13.255144Z,0.020000,af2e5090-6c3c-44b1-8b3c-3ac1481ff514,True,KXWTI-26MAY04-T103.99,0.6900,3391b2f1-502e-4214-88c1-2f6a151eb86a,no,no,0,KXWTI-26MAY04-T103.99,af2e5090-6c3c-44b1-8b3c-3ac1481ff514,1777820233,0.3100
buy,ask,4.00,2026-05-03T14:56:42.204044Z,0.060000,194cb8a9-9e1d-42e2-fd9a-86f06d954169,True,KXWTI-26MAY04-T103.99,0.6900,1f4e31fa-b7a8-40dd-9e79-a02c03e747bb,no,no,0,KXWTI-26MAY04-T103.99,194cb8a9-9e1d-42e2-fd9a-86f06d954169,1777820202,0.3100
buy,ask,0.12,2026-05-03T14:56:08.727143Z,0.011600,3cd8fef5-c3b6-47b8-336d-c1ef23ff20a7,True,KXWTI-26MAY04-T102.99,0.5700,1bc545ae-4a4b-4284-a3c1-633eb9bbb9bb,no,no,0,KXWTI-26MAY04-T102.99,3cd8fef5-c3b6-47b8-336d-c1ef23ff20a7,1777820168,0.4300
buy,ask,4.88,2026-05-03T14:56:08.727143Z,0.079600,1fd4045f-a7ad-4ad9-3014-be73133b4579,True,KXWTI-26MAY04-T102.99,0.5800,1bc545ae-4a4b-4284-a3c1-633eb9bbb9bb,no,no,0,KXWTI-26MAY04-T102.99,1fd4045f-a7ad-4ad9-3014-be73133b4579,1777820168,0.4200
buy,ask,2.00,2026-05-03T14:42:02.283526Z,0.040000,78375f50-78ee-7fbc-e0d9-4068d44ebd5a,True,KXBRENTD-26MAY0417-T110,0.5500,053eca18-8c16-4d37-9bfa-3ed8927f7025,no,no,0,KXBRENTD-26MAY0417-T110,78375f50-78ee-7fbc-e0d9-4068d44ebd5a,1777819322,0.4500
buy,ask,4.00,2026-05-03T14:42:02.283526Z,0.070000,6414651c-3f88-706d-f914-05b11e528bab,True,KXBRENTD-26MAY0417-T110,0.5600,053eca18-8c16-4d37-9bfa-3ed8927f7025,no,no,0,KXBRENTD-26MAY0417-T110,6414651c-3f88-706d-f914-05b11e528bab,1777819322,0.4400
buy,ask,1.00,2026-05-03T14:41:34.638095Z,0.020000,d8c22336-eadb-664a-ffac-c3b3b628e330,True,KXBRENTD-26MAY0417-T110,0.5500,70a2badc-07f3-4886-91d2-7a9247ed8dbc,no,no,0,KXBRENTD-26MAY0417-T110,d8c22336-eadb-664a-ffac-c3b3b628e330,1777819294,0.4500
buy,ask,2.00,2026-05-03T14:41:34.638095Z,0.040000,a20497ea-3cde-6882-fa25-c7a7813233a0,True,KXBRENTD-26MAY0417-T110,0.5500,70a2badc-07f3-4886-91d2-7a9247ed8dbc,no,no,0,KXBRENTD-26MAY0417-T110,a20497ea-3cde-6882-fa25-c7a7813233a0,1777819294,0.4500
buy,bid,10.00,2026-05-03T14:31:29.884898Z,0.140000,2c343f08-d1a8-741c-add8-ffab74674cd0,True,KXBRENTD-26MAY0417-T107,0.2700,d810101a-a7b3-4e63-872e-04ac245a87ec,yes,yes,0,KXBRENTD-26MAY0417-T107,2c343f08-d1a8-741c-add8-ffab74674cd0,1777818689,0.7300
buy,ask,0.56,2026-05-03T14:24:26.73642Z,0.015200,32536ad2-e56e-5719-55b7-cf5674de9173,True,KXBRENTD-26MAY0417-T110,0.5800,d1e0cd29-3040-4566-be30-ec376ca523a3,no,no,0,KXBRENTD-26MAY0417-T110,32536ad2-e56e-5719-55b7-cf5674de9173,1777818266,0.4200
sell,ask,10.00,2026-05-01T14:59:25.235127Z,0.150000,61f0cd12-1458-4064-9e11-21345b5bd48f,True,KXBRENTW-26MAY0117-T109.99,0.7000,594aea30-f972-42b8-842e-a2dbe27bcd3c,no,no,0,KXBRENTW-26MAY0117-T109.99,61f0cd12-1458-4064-9e11-21345b5bd48f,1777647565,0.3000
buy,ask,10.00,2026-05-01T05:58:02.251636Z,0.160000,983eaf33-ff46-61e7-cd36-03a73cdc57ea,True,KXBRENTW-26MAY0117-T113.99,0.6800,063209d9-9107-48f9-999a-c012b5dccf35,no,no,0,KXBRENTW-26MAY0117-T113.99,983eaf33-ff46-61e7-cd36-03a73cdc57ea,1777615082,0.3200
buy,bid,10.00,2026-05-01T05:57:38.453284Z,0.150000,87d25a0d-f0a9-6260-37a2-09f07f697336,True,KXBRENTW-26MAY0117-T109.99,0.2800,91758bce-d580-482a-acfc-0085bd0927a6,yes,yes,0,KXBRENTW-26MAY0117-T109.99,87d25a0d-f0a9-6260-37a2-09f07f697336,1777615058,0.7200
sell,bid,3.00,2026-04-30T14:07:33.437761Z,0.010000,45d4a6fa-1e60-5ae3-3cd3-524b64842477,True,KXWTI-26APR30-T112.99,0.9500,80f1ad2a-735b-4792-ac8d-34ba98f9cfc1,yes,yes,0,KXWTI-26APR30-T112.99,45d4a6fa-1e60-5ae3-3cd3-524b64842477,1777558053,0.0500
sell,bid,5.00,2026-04-30T14:07:27.272165Z,0.020000,c8fb0d7f-8869-53a9-73ce-f8f83bca480a,True,KXWTI-26APR30-T111.99,0.9600,ae51fe3a-f5a0-4601-b13c-714350137032,yes,yes,0,KXWTI-26APR30-T111.99,c8fb0d7f-8869-53a9-73ce-f8f83bca480a,1777558047,0.0400
sell,ask,9.00,2026-04-30T12:22:25.97297Z,0.120000,1f44e6fb-977b-6d28-35ae-012503363c3d,True,KXWTI-26APR30-T106.99,0.7600,fba01359-d132-4979-a949-a9dc715e3a53,no,no,0,KXWTI-26APR30-T106.99,1f44e6fb-977b-6d28-35ae-012503363c3d,1777551745,0.2400
sell,ask,3.00,2026-04-30T12:22:20.528857Z,0.050000,aa221024-71a6-6ecb-d03b-8c47f848f8c0,True,KXWTI-26APR30-T105.99,0.6500,3a1c7c0e-5624-4a12-92e8-3ecbe5d410c5,no,no,0,KXWTI-26APR30-T105.99,aa221024-71a6-6ecb-d03b-8c47f848f8c0,1777551740,0.3500
sell,ask,5.00,2026-04-30T12:22:20.528857Z,0.080000,4a7af225-0d77-69d7-f49a-9d48128b93b6,True,KXWTI-26APR30-T105.99,0.6500,3a1c7c0e-5624-4a12-92e8-3ecbe5d410c5,no,no,0,KXWTI-26APR30-T105.99,4a7af225-0d77-69d7-f49a-9d48128b93b6,1777551740,0.3500
buy,ask,3.00,2026-04-30T04:13:23.511001Z,0.040000,2c50d036-ac75-49e6-74b1-c89e6ad5e7aa,True,KXWTI-26APR30-T112.99,0.7900,9f23f43e-5159-418d-b892-55df89f8ae6e,no,no,0,KXWTI-26APR30-T112.99,2c50d036-ac75-49e6-74b1-c89e6ad5e7aa,1777522403,0.2100
buy,ask,5.00,2026-04-30T04:13:07.762372Z,0.080000,679444d2-becd-528f-705a-981703919eaf,True,KXWTI-26APR30-T111.99,0.7200,caf3947e-b4f2-457b-bd1b-0f18b7fcc6a6,no,no,0,KXWTI-26APR30-T111.99,679444d2-becd-528f-705a-981703919eaf,1777522387,0.2800
sell,ask,4.00,2026-04-30T04:12:34.9752Z,0.050000,7fa5f264-7643-6a7b-0737-929361b7f23b,True,KXWTI-26APR30-T106.99,0.2200,fb5b50ef-e908-4ba8-a6b3-3dbd985be1eb,no,no,0,KXWTI-26APR30-T106.99,7fa5f264-7643-6a7b-0737-929361b7f23b,1777522354,0.7800
sell,ask,5.00,2026-04-30T04:11:59.964765Z,0.070000,062ad10b-bb2e-6a6f-9ace-cedae4d86b69,True,KXWTI-26APR30-T106.99,0.2400,b7182918-1ab4-4a80-86b5-61e9af2deac4,no,no,0,KXWTI-26APR30-T106.99,062ad10b-bb2e-6a6f-9ace-cedae4d86b69,1777522319,0.7600
buy,bid,10.00,2026-04-30T03:58:45.339108Z,0.130000,9c97643c-bd7c-6b6d-ea1b-92a32a68be28,True,KXWTI-26APR30-T106.99,0.2200,348baf43-f050-49e7-94c4-3d9f26d43641,yes,yes,0,KXWTI-26APR30-T106.99,9c97643c-bd7c-6b6d-ea1b-92a32a68be28,1777521525,0.7800
buy,bid,8.00,2026-04-30T03:41:29.672186Z,0.120000,8f30e44b-8d87-4c76-8042-45591316ab02,True,KXWTI-26APR30-T106.99,0.2700,bebf5fa6-fc59-434f-81bb-4b448ccc334c,yes,yes,0,KXWTI-26APR30-T106.99,8f30e44b-8d87-4c76-8042-45591316ab02,1777520489,0.7300
buy,bid,5.40,2026-04-30T03:41:13.234874Z,0.058000,4b6aec53-ddae-6d9c-eb53-a108f54b38f1,True,KXWTI-26APR30-T105.99,0.1700,28cf7722-799d-499f-9e6e-5b9295897bb9,yes,yes,0,KXWTI-26APR30-T105.99,4b6aec53-ddae-6d9c-eb53-a108f54b38f1,1777520473,0.8300
buy,bid,2.60,2026-04-30T03:41:13.234874Z,0.026000,2fb3d5bd-7214-6eab-ca1f-376f5e02bdae,True,KXWTI-26APR30-T105.99,0.1600,28cf7722-799d-499f-9e6e-5b9295897bb9,yes,yes,0,KXWTI-26APR30-T105.99,2fb3d5bd-7214-6eab-ca1f-376f5e02bdae,1777520473,0.8400
sell,bid,15.00,2026-04-29T13:11:11.795561Z,0.190000,09074bcc-4c7d-778a-8153-c4e936827c27,True,KXWTI-26APR29-T101.99,0.2300,d93cd73f-b0c1-4e82-8d11-3868177aff69,yes,yes,0,KXWTI-26APR29-T101.99,09074bcc-4c7d-778a-8153-c4e936827c27,1777468271,0.7700
sell,bid,10.00,2026-04-29T13:11:01.734284Z,0.080000,f2ebdf7f-0cb8-46dd-725e-7f81c7139d5c,True,KXWTI-26APR29-T100.99,0.1300,b525ab97-8daa-40ef-b549-3cebbf5e2d87,yes,yes,0,KXWTI-26APR29-T100.99,f2ebdf7f-0cb8-46dd-725e-7f81c7139d5c,1777468261,0.8700
buy,ask,2.00,2026-04-28T22:22:55.965779Z,0.040000,9ca13c54-b4bc-6b6a-9945-802f2b9e79e8,True,KXWTI-26APR29-T100.99,0.6700,8d763585-f1a7-4ace-8b80-a3e31d0e506e,no,no,0,KXWTI-26APR29-T100.99,9ca13c54-b4bc-6b6a-9945-802f2b9e79e8,1777414975,0.3300
buy,ask,7.00,2026-04-28T22:22:55.965779Z,0.110000,6941316d-b0c4-6f5d-b3cb-8a1dffab5a1a,True,KXWTI-26APR29-T100.99,0.6800,8d763585-f1a7-4ace-8b80-a3e31d0e506e,no,no,0,KXWTI-26APR29-T100.99,6941316d-b0c4-6f5d-b3cb-8a1dffab5a1a,1777414975,0.3200
buy,ask,1.00,2026-04-28T22:22:55.965779Z,0.010000,366abd18-3c90-6805-9227-4e0c7fa524b1,True,KXWTI-26APR29-T100.99,0.6800,8d763585-f1a7-4ace-8b80-a3e31d0e506e,no,no,0,KXWTI-26APR29-T100.99,366abd18-3c90-6805-9227-4e0c7fa524b1,1777414975,0.3200
buy,bid,15.00,2026-04-28T22:18:10.142896Z,0.160000,38e87cc2-ddd4-7a0c-2d56-337fd6b6121b,True,KXWTI-26APR29-T96.99,0.1800,5a204837-d99c-4ee4-a4da-c968dc9fbbf0,yes,yes,0,KXWTI-26APR29-T96.99,38e87cc2-ddd4-7a0c-2d56-337fd6b6121b,1777414690,0.8200
buy,ask,5.70,2026-04-28T22:17:05.744763Z,0.070000,ea30bcfd-da02-53f2-1105-37e79809f23c,True,KXWTI-26APR29-T101.99,0.8000,e473061e-f4c3-451b-ab27-57011466404f,no,no,0,KXWTI-26APR29-T101.99,ea30bcfd-da02-53f2-1105-37e79809f23c,1777414625,0.2000
buy,ask,9.30,2026-04-28T22:17:05.744763Z,0.100000,4f0dbbab-113e-5ec8-32d3-0efdd7ede177,True,KXWTI-26APR29-T101.99,0.8000,e473061e-f4c3-451b-ab27-57011466404f,no,no,0,KXWTI-26APR29-T101.99,4f0dbbab-113e-5ec8-32d3-0efdd7ede177,1777414625,0.2000
buy,bid,19.00,2026-04-28T22:15:51.961758Z,0.270000,f08a7a28-f235-60b5-7462-20f1dfdc545a,True,KXWTI-26APR29-T97.99,0.2800,8906c7d4-f4b9-4a62-bd47-2ee709180029,yes,yes,0,KXWTI-26APR29-T97.99,f08a7a28-f235-60b5-7462-20f1dfdc545a,1777414551,0.7200
buy,bid,1.00,2026-04-28T22:15:51.961758Z,0.020000,505cdf05-20ba-6cc9-77c2-1d38eb7f91b4,True,KXWTI-26APR29-T97.99,0.2800,8906c7d4-f4b9-4a62-bd47-2ee709180029,yes,yes,0,KXWTI-26APR29-T97.99,505cdf05-20ba-6cc9-77c2-1d38eb7f91b4,1777414551,0.7200
sell,ask,5.00,2026-04-28T08:38:25.837121Z,0.040000,68742b21-34ea-601a-11bc-1327e5043fec,True,KXWTI-26APR28-T95.99,0.1300,da0d1304-f914-4a54-aa84-3f8737ee5f29,no,no,0,KXWTI-26APR28-T95.99,68742b21-34ea-601a-11bc-1327e5043fec,1777365505,0.8700
sell,ask,15.00,2026-04-28T08:38:18.183072Z,0.090000,f48461fb-0078-517f-1032-22c28d3ec616,True,KXWTI-26APR28-T94.99,0.0900,28b9e658-5f87-4458-aa5f-4a9c92e852a3,no,no,0,KXWTI-26APR28-T94.99,f48461fb-0078-517f-1032-22c28d3ec616,1777365498,0.9100
sell,ask,6.00,2026-04-28T08:38:09.861242Z,0.020000,147660bc-b0c8-5023-66c9-5f0e12dc07ac,True,KXWTI-26APR28-T93.99,0.0500,faf1bed9-5868-4709-b4ff-d968fd50ecbb,no,no,0,KXWTI-26APR28-T93.99,147660bc-b0c8-5023-66c9-5f0e12dc07ac,1777365489,0.9500
buy,bid,5.00,2026-04-27T21:00:38.349319Z,0.080000,1b57c221-e8bd-4d46-8aae-a9c2fd105262,True,KXWTI-26APR28-T94.99,0.2800,2c8892c6-1be0-4286-8f6a-6158a8578ddc,yes,yes,0,KXWTI-26APR28-T94.99,1b57c221-e8bd-4d46-8aae-a9c2fd105262,1777323638,0.7200
buy,bid,1.00,2026-04-27T20:59:54.999562Z,0.010000,d9fbccd3-bc8a-4412-c116-9c39de92d3f1,True,KXWTI-26APR28-T93.99,0.2000,c03c1519-a363-4198-9bb0-564fe5d38efc,yes,yes,0,KXWTI-26APR28-T93.99,d9fbccd3-bc8a-4412-c116-9c39de92d3f1,1777323594,0.8000
buy,bid,1.00,2026-04-27T20:59:54.999562Z,0.020000,aebd0616-ccc7-407c-ed33-35317b69c73f,True,KXWTI-26APR28-T93.99,0.2000,c03c1519-a363-4198-9bb0-564fe5d38efc,yes,yes,0,KXWTI-26APR28-T93.99,aebd0616-ccc7-407c-ed33-35317b69c73f,1777323594,0.8000
buy,bid,4.00,2026-04-27T20:59:54.999562Z,0.040000,41b45ebb-429d-4e1c-e409-93220fcec1de,True,KXWTI-26APR28-T93.99,0.1800,c03c1519-a363-4198-9bb0-564fe5d38efc,yes,yes,0,KXWTI-26APR28-T93.99,41b45ebb-429d-4e1c-e409-93220fcec1de,1777323594,0.8200
buy,bid,1.00,2026-04-27T20:58:20.486898Z,0.010000,e9b0a003-eab5-55b4-1c45-135e881726a7,True,KXWTI-26APR28-T94.99,0.3100,6bb94b7f-5ac7-47b1-acca-629570c8813f,yes,yes,0,KXWTI-26APR28-T94.99,e9b0a003-eab5-55b4-1c45-135e881726a7,1777323500,0.6900
buy,bid,1.00,2026-04-27T20:58:20.486898Z,0.020000,6e5a38f2-e512-5eea-2149-7879a30ef9b8,True,KXWTI-26APR28-T94.99,0.3100,6bb94b7f-5ac7-47b1-acca-629570c8813f,yes,yes,0,KXWTI-26APR28-T94.99,6e5a38f2-e512-5eea-2149-7879a30ef9b8,1777323500,0.6900
buy,bid,8.00,2026-04-27T20:58:20.486898Z,0.120000,19aa93b0-e0b1-580c-2a33-b0c544ebcc6a,True,KXWTI-26APR28-T94.99,0.2700,6bb94b7f-5ac7-47b1-acca-629570c8813f,yes,yes,0,KXWTI-26APR28-T94.99,19aa93b0-e0b1-580c-2a33-b0c544ebcc6a,1777323500,0.7300
buy,bid,4.00,2026-04-27T20:57:50.451356Z,0.070000,f901f3a2-e13d-5128-4530-882b2cfc1818,True,KXWTI-26APR28-T95.99,0.3900,510a5c76-1ab1-449f-b1cf-7426898e313d,yes,yes,0,KXWTI-26APR28-T95.99,f901f3a2-e13d-5128-4530-882b2cfc1818,1777323470,0.6100
buy,bid,1.00,2026-04-27T20:57:50.451356Z,0.020000,35c279e0-bcbd-5300-79de-56990820a58e,True,KXWTI-26APR28-T95.99,0.4000,510a5c76-1ab1-449f-b1cf-7426898e313d,yes,yes,0,KXWTI-26APR28-T95.99,35c279e0-bcbd-5300-79de-56990820a58e,1777323470,0.6000
sell,bid,5.00,2026-04-27T19:40:44.697213Z,0.070000,8526ba88-b984-5442-fa46-2db1b730d70e,True,KXGOLDD-26APR2717-T4732,0.7600,c1595a21-41f2-4531-9490-7884b3ecb2d0,yes,yes,0,KXGOLDD-26APR2717-T4732,8526ba88-b984-5442-fa46-2db1b730d70e,1777318844,0.2400
sell,bid,10.00,2026-04-27T19:40:44.697213Z,0.130000,6566d014-e495-50d7-cd23-6660bd3ff8de,True,KXGOLDD-26APR2717-T4732,0.7600,c1595a21-41f2-4531-9490-7884b3ecb2d0,yes,yes,0,KXGOLDD-26APR2717-T4732,6566d014-e495-50d7-cd23-6660bd3ff8de,1777318844,0.2400
sell,bid,5.00,2026-04-27T19:22:25.442703Z,0.000000,9b47442a-de65-5f38-0381-ae5bdfb239d6,False,KXGOLDD-26APR2717-T4732,0.9000,6b8069bb-c638-4bfa-9bba-01d2625c382e,yes,yes,0,KXGOLDD-26APR2717-T4732,9b47442a-de65-5f38-0381-ae5bdfb239d6,1777317745,0.1000
sell,bid,1.00,2026-04-27T17:25:31.751014Z,0.020000,7cecc388-780e-4f7d-0128-fc44f4e9746b,True,KXBRENTD-26APR2717-T102.50,0.5300,1a541a53-28af-4148-aa22-6b911bcf802e,yes,yes,0,KXBRENTD-26APR2717-T102.50,7cecc388-780e-4f7d-0128-fc44f4e9746b,1777310731,0.4700
sell,ask,1.00,2026-04-27T17:21:10.815584Z,0.010000,c3a54a44-0a44-600b-c7de-e7264bc4af7f,True,KXBRENTD-26APR2717-T99.50,0.0500,596cec3a-2738-4b65-9751-974b0df883d1,no,no,0,KXBRENTD-26APR2717-T99.50,c3a54a44-0a44-600b-c7de-e7264bc4af7f,1777310470,0.9500
sell,ask,1.00,2026-04-27T17:21:04.405686Z,0.010000,429c669d-e41d-49d4-348c-676be03a828e,True,KXBRENTD-26APR2717-T99.50,0.0400,e709140c-03d0-41b6-abd4-94e25d6c7d32,no,no,0,KXBRENTD-26APR2717-T99.50,429c669d-e41d-49d4-348c-676be03a828e,1777310464,0.9600
sell,ask,1.00,2026-04-27T17:20:57.77127Z,0.010000,d37574ae-5557-7e08-2359-1acdd78d6236,True,KXBRENTD-26APR2717-T99.50,0.0400,3f31480e-7a36-4e31-add1-cdbed9b2828b,no,no,0,KXBRENTD-26APR2717-T99.50,d37574ae-5557-7e08-2359-1acdd78d6236,1777310457,0.9600
sell,ask,1.00,2026-04-27T17:20:51.093158Z,0.010000,0abc2e36-9e33-67e0-3805-8a3f0a5f7a9a,True,KXBRENTD-26APR2717-T99.50,0.0400,c9431ea8-48ef-484b-ab06-e9826ec604a0,no,no,0,KXBRENTD-26APR2717-T99.50,0abc2e36-9e33-67e0-3805-8a3f0a5f7a9a,1777310451,0.9600
sell,ask,1.00,2026-04-27T17:20:44.426814Z,0.010000,1b94ae26-626f-47f0-dff6-e4710ec35612,True,KXBRENTD-26APR2717-T99.50,0.0400,4d093eac-77f8-404f-92fa-3211efe10f82,no,no,0,KXBRENTD-26APR2717-T99.50,1b94ae26-626f-47f0-dff6-e4710ec35612,1777310444,0.9600
sell,ask,1.00,2026-04-27T17:20:37.472202Z,0.010000,f067b8de-1d03-4c8c-ce5c-4605adec9216,True,KXBRENTD-26APR2717-T99.50,0.0400,f7f5fb12-6823-4290-9690-9a8cc72afe83,no,no,0,KXBRENTD-26APR2717-T99.50,f067b8de-1d03-4c8c-ce5c-4605adec9216,1777310437,0.9600
sell,ask,1.00,2026-04-27T17:20:30.275064Z,0.010000,fd872323-b35c-5f5b-f433-d8d85242f89b,True,KXBRENTD-26APR2717-T99.50,0.0500,d6e47663-c97e-44b1-9baa-d8b48b991628,no,no,0,KXBRENTD-26APR2717-T99.50,fd872323-b35c-5f5b-f433-d8d85242f89b,1777310430,0.9500
sell,ask,1.00,2026-04-27T17:20:23.415214Z,0.010000,64fef6ee-df3c-623b-2d74-147ffcf29d5f,True,KXBRENTD-26APR2717-T99.50,0.0500,b0ba0310-9266-4be9-adfb-2b9d60350f59,no,no,0,KXBRENTD-26APR2717-T99.50,64fef6ee-df3c-623b-2d74-147ffcf29d5f,1777310423,0.9500
sell,ask,1.00,2026-04-27T17:13:14.101178Z,0.020000,fb151f2a-fa5c-7c83-e04a-2dc438e8c59b,True,KXGOLDD-26APR2717-T4692,0.6500,9bc98439-dd1b-4d0a-95ea-bcdfe7801e3c,no,no,0,KXGOLDD-26APR2717-T4692,fb151f2a-fa5c-7c83-e04a-2dc438e8c59b,1777309994,0.3500
sell,bid,1.00,2026-04-27T13:38:41.646753Z,0.020000,a9319e4b-17e7-7b9d-2ac4-b32c93d4901a,True,KXBRENTD-26APR2717-T102.50,0.6400,94f90363-e3eb-4e47-a4e7-8facd77c30fa,yes,yes,0,KXBRENTD-26APR2717-T102.50,a9319e4b-17e7-7b9d-2ac4-b32c93d4901a,1777297121,0.3600
sell,bid,1.00,2026-04-27T13:38:34.810267Z,0.020000,25b484c0-e9f3-4529-bebb-8f40e396547a,True,KXBRENTD-26APR2717-T102.50,0.6400,f7d845c1-1c6e-41ea-81f8-40b7cb6c81e2,yes,yes,0,KXBRENTD-26APR2717-T102.50,25b484c0-e9f3-4529-bebb-8f40e396547a,1777297114,0.3600
sell,bid,1.00,2026-04-27T13:38:28.065306Z,0.020000,086017fc-a27b-41dd-f16f-a201f4665a6e,True,KXBRENTD-26APR2717-T102.50,0.6400,fcad610e-0e8c-40d7-920d-4be78e908267,yes,yes,0,KXBRENTD-26APR2717-T102.50,086017fc-a27b-41dd-f16f-a201f4665a6e,1777297108,0.3600
sell,bid,1.00,2026-04-27T13:38:21.417013Z,0.020000,696ec218-dbfb-4f81-1331-1c59e6e61a2e,True,KXBRENTD-26APR2717-T102.50,0.6400,a4eed477-10ec-4340-aa9a-e4718a309277,yes,yes,0,KXBRENTD-26APR2717-T102.50,696ec218-dbfb-4f81-1331-1c59e6e61a2e,1777297101,0.3600
sell,bid,1.00,2026-04-27T13:38:14.597266Z,0.020000,f2de0b54-b3c7-664d-dc2a-23df86e3c296,True,KXBRENTD-26APR2717-T102.50,0.6400,c202e624-0ae3-4933-995c-2b901231e459,yes,yes,0,KXBRENTD-26APR2717-T102.50,f2de0b54-b3c7-664d-dc2a-23df86e3c296,1777297094,0.3600
buy,ask,3.00,2026-04-27T13:25:02.576574Z,0.050000,4223d0a9-b00f-72d0-de93-f63add6b96da,True,KXBRENTD-26APR2717-T102.50,0.7200,fcc1bfdc-44cf-4f0d-94eb-e6c10425a3ef,no,no,0,KXBRENTD-26APR2717-T102.50,4223d0a9-b00f-72d0-de93-f63add6b96da,1777296302,0.2800
buy,ask,3.00,2026-04-27T13:25:02.576574Z,0.040000,376e74a8-08e3-7f30-e6a1-f245d50ffb35,True,KXBRENTD-26APR2717-T102.50,0.7200,fcc1bfdc-44cf-4f0d-94eb-e6c10425a3ef,no,no,0,KXBRENTD-26APR2717-T102.50,376e74a8-08e3-7f30-e6a1-f245d50ffb35,1777296302,0.2800
sell,ask,1.00,2026-04-27T13:15:16.784664Z,0.020000,5cc7c104-3893-55ee-17d4-c01352f37387,True,KXGOLDD-26APR2717-T4692,0.5300,56423cf2-6bcf-44b9-a1f6-cd804f7a0b72,no,no,0,KXGOLDD-26APR2717-T4692,5cc7c104-3893-55ee-17d4-c01352f37387,1777295716,0.4700
sell,bid,8.00,2026-04-27T13:07:36.59078Z,0.140000,684f556b-dd73-5ecf-b6a7-2e1977e15efd,True,KXBRENTD-26APR2717-T102,0.5600,9df44336-7b7b-45d8-8719-621e04d8c387,yes,yes,0,KXBRENTD-26APR2717-T102,684f556b-dd73-5ecf-b6a7-2e1977e15efd,1777295256,0.4400
buy,ask,8.00,2026-04-27T12:44:59.617101Z,0.130000,88014ce2-b165-5d20-69fc-6305b580b064,True,KXBRENTD-26APR2717-T102,0.6400,91d738ed-0578-45b1-bc27-b9fc71b0120c,no,no,0,KXBRENTD-26APR2717-T102,88014ce2-b165-5d20-69fc-6305b580b064,1777293899,0.3600
buy,bid,1.00,2026-04-27T12:44:43.531476Z,0.020000,817a2cc0-4780-5278-4db9-64fe27c44a52,True,KXBRENTD-26APR2717-T99.50,0.3100,7a6b48b2-028b-476e-b785-391775a43305,yes,yes,0,KXBRENTD-26APR2717-T99.50,817a2cc0-4780-5278-4db9-64fe27c44a52,1777293883,0.6900
buy,bid,7.00,2026-04-27T12:44:43.531476Z,0.100000,6e85228d-64c7-576b-5fdc-ca21f1b66447,True,KXBRENTD-26APR2717-T99.50,0.3000,7a6b48b2-028b-476e-b785-391775a43305,yes,yes,0,KXBRENTD-26APR2717-T99.50,6e85228d-64c7-576b-5fdc-ca21f1b66447,1777293883,0.7000
buy,ask,8.00,2026-04-27T12:43:41.120161Z,0.130000,f2f51ad7-758a-66d4-5733-579ec12b1485,True,KXGOLDD-26APR2717-T4732,0.6600,9faea2a8-3c15-491f-ba55-0523bfb98b4b,no,no,0,KXGOLDD-26APR2717-T4732,f2f51ad7-758a-66d4-5733-579ec12b1485,1777293821,0.3400
buy,ask,12.00,2026-04-27T12:43:41.120161Z,0.190000,f0cd64c2-a89d-660c-790c-775625d993c1,True,KXGOLDD-26APR2717-T4732,0.6600,9faea2a8-3c15-491f-ba55-0523bfb98b4b,no,no,0,KXGOLDD-26APR2717-T4732,f0cd64c2-a89d-660c-790c-775625d993c1,1777293821,0.3400
buy,bid,1.00,2026-04-27T12:43:19.468756Z,0.010000,efd60def-f8e9-7ac6-1582-8aaec180b691,True,KXGOLDD-26APR2717-T4692,0.3000,0730e2cb-8cd1-4d94-a83f-e0324d0d2827,yes,yes,0,KXGOLDD-26APR2717-T4692,efd60def-f8e9-7ac6-1582-8aaec180b691,1777293799,0.7000
buy,bid,1.00,2026-04-27T12:43:19.468756Z,0.020000,0aaf2315-034a-7f6f-3e30-eab421e8c7f7,True,KXGOLDD-26APR2717-T4692,0.3100,0730e2cb-8cd1-4d94-a83f-e0324d0d2827,yes,yes,0,KXGOLDD-26APR2717-T4692,0aaf2315-034a-7f6f-3e30-eab421e8c7f7,1777293799,0.6900
sell,ask,1.00,2026-04-24T16:29:46.067762Z,0.020000,f6aafed2-54b1-762a-d09f-0390539d0b17,True,KXBRENTW-26APR2417-T97.99,0.2900,827ac5c9-a7d7-4fc0-90c1-b8b9053a2cce,no,no,0,KXBRENTW-26APR2417-T97.99,f6aafed2-54b1-762a-d09f-0390539d0b17,1777048186,0.7100
sell,ask,5.00,2026-04-24T16:29:06.811975Z,0.000000,a13eb007-766b-5575-e644-008c03f713e1,False,KXBRENTW-26APR2417-T97.99,0.3000,154d78c1-f8da-4fff-b860-6fb5f2fa9ac9,no,no,0,KXBRENTW-26APR2417-T97.99,a13eb007-766b-5575-e644-008c03f713e1,1777048146,0.7000
sell,ask,2.00,2026-04-24T16:29:06.811975Z,0.000000,5266bb16-c1a8-5b20-ce95-92ad59e36452,False,KXBRENTW-26APR2417-T97.99,0.3000,e61573d0-4f19-41aa-90b1-fd94a8eeed7a,no,no,0,KXBRENTW-26APR2417-T97.99,5266bb16-c1a8-5b20-ce95-92ad59e36452,1777048146,0.7000
sell,ask,1.00,2026-04-24T16:26:26.661454Z,0.000000,c56200f3-2cc4-6d7d-fe2e-c78448276070,False,KXBRENTW-26APR2417-T97.99,0.3100,28992f53-ad11-4917-9ad2-425dd2af9cac,no,no,0,KXBRENTW-26APR2417-T97.99,c56200f3-2cc4-6d7d-fe2e-c78448276070,1777047986,0.6900
sell,ask,1.00,2026-04-24T16:25:41.066735Z,0.000000,03ec8d75-a4a0-5fe8-df74-57ae0e4f8725,False,KXBRENTW-26APR2417-T97.99,0.3100,6558c34a-fe6d-418e-8403-d9e0df42bd89,no,no,0,KXBRENTW-26APR2417-T97.99,03ec8d75-a4a0-5fe8-df74-57ae0e4f8725,1777047941,0.6900
sell,bid,1.00,2026-04-24T16:13:41.891644Z,0.010000,d07d4b30-1f87-4213-179f-91e43a3df7d1,True,KXBRENTW-26APR2417-T103.99,0.9700,0cf443f8-192b-43b3-a016-2b8fc5225677,yes,yes,0,KXBRENTW-26APR2417-T103.99,d07d4b30-1f87-4213-179f-91e43a3df7d1,1777047221,0.0300
sell,bid,1.00,2026-04-24T16:13:35.333218Z,0.010000,5ff0ebae-aeaf-6f43-872b-823c543338dd,True,KXBRENTW-26APR2417-T103.99,0.9700,6f172bdf-b561-48e7-843b-2f79dea1e5b4,yes,yes,0,KXBRENTW-26APR2417-T103.99,5ff0ebae-aeaf-6f43-872b-823c543338dd,1777047215,0.0300
sell,bid,1.00,2026-04-24T16:13:28.608071Z,0.010000,01b8b2e8-927b-49a3-7a48-79a2bd18a6ad,True,KXBRENTW-26APR2417-T103.99,0.9700,b8853d8e-3a54-415f-bb63-d19e64eb0228,yes,yes,0,KXBRENTW-26APR2417-T103.99,01b8b2e8-927b-49a3-7a48-79a2bd18a6ad,1777047208,0.0300
sell,bid,1.00,2026-04-24T16:13:22.105675Z,0.010000,2486e67d-0b47-5faf-4545-16e11f7e8541,True,KXBRENTW-26APR2417-T103.99,0.9700,b1caa8ab-5c1b-44dc-b4a0-8a4e8c728ad3,yes,yes,0,KXBRENTW-26APR2417-T103.99,2486e67d-0b47-5faf-4545-16e11f7e8541,1777047202,0.0300
sell,bid,1.00,2026-04-24T16:13:15.245027Z,0.010000,5dcce690-42f7-7d67-5fac-8bb36fdb5251,True,KXBRENTW-26APR2417-T103.99,0.9700,2f982890-0e77-4c6e-b21a-ed1a105bff17,yes,yes,0,KXBRENTW-26APR2417-T103.99,5dcce690-42f7-7d67-5fac-8bb36fdb5251,1777047195,0.0300
sell,bid,1.00,2026-04-24T16:13:08.521968Z,0.010000,ad0efbf4-8697-7a61-40a6-a302d333b224,True,KXBRENTW-26APR2417-T105.99,0.9700,f71bfee8-f34b-4e02-b2b7-f0001dda2299,yes,yes,0,KXBRENTW-26APR2417-T105.99,ad0efbf4-8697-7a61-40a6-a302d333b224,1777047188,0.0300
sell,bid,1.00,2026-04-24T16:13:07.151735Z,0.010000,e5e5a1f0-b1cf-56ef-943e-9f12f8874995,True,KXBRENTW-26APR2417-T103.99,0.9700,81927948-32b9-468c-80fe-6832758cf9e6,yes,yes,0,KXBRENTW-26APR2417-T103.99,e5e5a1f0-b1cf-56ef-943e-9f12f8874995,1777047187,0.0300
sell,bid,1.00,2026-04-24T16:13:00.530935Z,0.010000,723bc288-94e3-7df5-327f-37a087cca430,True,KXBRENTW-26APR2417-T105.99,0.9700,40d6b0b7-f7d6-4fe7-ae01-952888e5e71c,yes,yes,0,KXBRENTW-26APR2417-T105.99,723bc288-94e3-7df5-327f-37a087cca430,1777047180,0.0300
sell,bid,1.00,2026-04-24T16:12:59.441979Z,0.010000,76a661e9-0287-4ff7-fd5b-1ba9a9c468f9,True,KXBRENTW-26APR2417-T103.99,0.9700,2542894e-5e6b-40ca-9aa7-091ca1dc31bd,yes,yes,0,KXBRENTW-26APR2417-T103.99,76a661e9-0287-4ff7-fd5b-1ba9a9c468f9,1777047179,0.0300
sell,bid,1.00,2026-04-24T16:12:52.527278Z,0.010000,94c8a4cb-cae7-4039-a7c6-cf1e2c25f3f4,True,KXBRENTW-26APR2417-T105.99,0.9700,f96a6927-2057-4094-8b6f-eb07221fb2ed,yes,yes,0,KXBRENTW-26APR2417-T105.99,94c8a4cb-cae7-4039-a7c6-cf1e2c25f3f4,1777047172,0.0300
sell,bid,1.00,2026-04-24T16:12:51.351257Z,0.010000,2a52ada9-dea3-50ff-88bd-4330228dbf39,True,KXBRENTW-26APR2417-T103.99,0.9700,b27fba5e-6962-4708-87de-9f3ac30e444d,yes,yes,0,KXBRENTW-26APR2417-T103.99,2a52ada9-dea3-50ff-88bd-4330228dbf39,1777047171,0.0300
sell,bid,1.00,2026-04-24T16:12:44.716194Z,0.010000,85f247b4-af4f-51ad-de7c-71b1f82d9210,True,KXBRENTW-26APR2417-T105.99,0.9700,3d24d1f8-f93d-44f1-9501-44acd71daa94,yes,yes,0,KXBRENTW-26APR2417-T105.99,85f247b4-af4f-51ad-de7c-71b1f82d9210,1777047164,0.0300
sell,bid,1.00,2026-04-24T16:12:43.407406Z,0.010000,10431909-cf5b-7f73-1029-62163aa046c5,True,KXBRENTW-26APR2417-T103.99,0.9700,fcfbd776-6d1c-4ceb-a1fb-977345053a32,yes,yes,0,KXBRENTW-26APR2417-T103.99,10431909-cf5b-7f73-1029-62163aa046c5,1777047163,0.0300
sell,bid,1.00,2026-04-24T16:12:36.381965Z,0.010000,f13a86f0-0d83-4e25-8bf8-b81d58386718,True,KXBRENTW-26APR2417-T105.99,0.9700,2016e1a9-d18e-4313-8060-76c7ff18d7d6,yes,yes,0,KXBRENTW-26APR2417-T105.99,f13a86f0-0d83-4e25-8bf8-b81d58386718,1777047156,0.0300
sell,bid,1.00,2026-04-24T16:12:35.090748Z,0.010000,d90090e2-2d83-401f-f591-a55ef3547b11,True,KXBRENTW-26APR2417-T103.99,0.9700,4eab350c-95aa-4330-9895-a6a177783547,yes,yes,0,KXBRENTW-26APR2417-T103.99,d90090e2-2d83-401f-f591-a55ef3547b11,1777047155,0.0300
sell,bid,1.00,2026-04-24T16:12:28.360542Z,0.010000,a406a866-d2d7-6331-1800-069178f598a8,True,KXBRENTW-26APR2417-T105.99,0.9700,7559ea0c-665b-4856-a49e-5964f72ba83a,yes,yes,0,KXBRENTW-26APR2417-T105.99,a406a866-d2d7-6331-1800-069178f598a8,1777047148,0.0300
sell,bid,1.00,2026-04-24T16:12:26.902563Z,0.010000,7ed726ce-4b43-5723-8643-eb1b593f52f1,True,KXBRENTW-26APR2417-T103.99,0.9700,275ed887-8c1a-46ff-8461-35301de2ff3f,yes,yes,0,KXBRENTW-26APR2417-T103.99,7ed726ce-4b43-5723-8643-eb1b593f52f1,1777047146,0.0300
sell,bid,1.00,2026-04-24T16:12:20.058405Z,0.010000,e7820bd5-042b-5449-59b4-0c03d6399258,True,KXBRENTW-26APR2417-T105.99,0.9700,25b8c2e0-93e4-4588-b4f3-5bc05c98aa86,yes,yes,0,KXBRENTW-26APR2417-T105.99,e7820bd5-042b-5449-59b4-0c03d6399258,1777047140,0.0300
sell,bid,1.00,2026-04-24T16:12:19.007299Z,0.010000,61ae1a13-e31f-751b-14a1-31205fff41b9,True,KXBRENTW-26APR2417-T103.99,0.9700,208097b0-e60d-4e71-a0d9-83bedc52fbed,yes,yes,0,KXBRENTW-26APR2417-T103.99,61ae1a13-e31f-751b-14a1-31205fff41b9,1777047139,0.0300
sell,bid,1.00,2026-04-24T16:12:12.133195Z,0.010000,7658c2f9-d34b-504d-b4c5-3ab99a76aa30,True,KXBRENTW-26APR2417-T105.99,0.9700,41ce70ab-a63c-4489-8faf-166ecf8b649c,yes,yes,0,KXBRENTW-26APR2417-T105.99,7658c2f9-d34b-504d-b4c5-3ab99a76aa30,1777047132,0.0300
sell,bid,1.00,2026-04-24T16:12:10.791514Z,0.010000,bcc9b070-20b3-49b7-56f0-433d2110c185,True,KXBRENTW-26APR2417-T103.99,0.9700,d7d97d28-16e6-415a-b04d-df3983e91be2,yes,yes,0,KXBRENTW-26APR2417-T103.99,bcc9b070-20b3-49b7-56f0-433d2110c185,1777047130,0.0300
sell,bid,1.00,2026-04-24T16:12:04.17558Z,0.010000,3a59346d-bcff-7115-0be9-464ec61a2804,True,KXBRENTW-26APR2417-T105.99,0.9700,d2ce0d0e-bdd1-4cdf-a064-095318904411,yes,yes,0,KXBRENTW-26APR2417-T105.99,3a59346d-bcff-7115-0be9-464ec61a2804,1777047124,0.0300
sell,bid,1.00,2026-04-24T16:12:02.988956Z,0.010000,8faa4d43-4fa3-437f-f140-ae44a91c74cd,True,KXBRENTW-26APR2417-T103.99,0.9700,5b018264-cd22-43e8-99a1-e467e1ea36b0,yes,yes,0,KXBRENTW-26APR2417-T103.99,8faa4d43-4fa3-437f-f140-ae44a91c74cd,1777047122,0.0300
sell,bid,1.00,2026-04-24T16:11:56.430754Z,0.010000,923ae598-d82b-7fe1-0b4a-b04b76af5b48,True,KXBRENTW-26APR2417-T105.99,0.9700,b8d6f973-e4e4-4f62-a04c-f4d274bd18c2,yes,yes,0,KXBRENTW-26APR2417-T105.99,923ae598-d82b-7fe1-0b4a-b04b76af5b48,1777047116,0.0300
sell,bid,1.00,2026-04-24T16:11:54.837223Z,0.010000,be176469-3d5f-6b87-e0e8-0d06b145782d,True,KXBRENTW-26APR2417-T103.99,0.9700,976ec82e-519d-49d6-9dcb-ccb767fc7588,yes,yes,0,KXBRENTW-26APR2417-T103.99,be176469-3d5f-6b87-e0e8-0d06b145782d,1777047114,0.0300
sell,bid,1.00,2026-04-24T16:11:48.149154Z,0.010000,78226ee6-89a3-7485-5be0-28acde5caef8,True,KXBRENTW-26APR2417-T109.99,0.9700,f271b5aa-607a-4c2a-b416-3f04b1f15621,yes,yes,0,KXBRENTW-26APR2417-T109.99,78226ee6-89a3-7485-5be0-28acde5caef8,1777047108,0.0300
sell,bid,1.00,2026-04-24T16:11:47.018399Z,0.010000,19113a64-2dd3-6bc1-5656-e760a0a9b79c,True,KXBRENTW-26APR2417-T105.99,0.9700,5a1c0e8c-d99a-4a6a-b70b-e118813ca3f7,yes,yes,0,KXBRENTW-26APR2417-T105.99,19113a64-2dd3-6bc1-5656-e760a0a9b79c,1777047107,0.0300
sell,bid,1.00,2026-04-24T16:11:45.880957Z,0.010000,082a6221-b673-6e3b-0150-cc646d6b2bcd,True,KXBRENTW-26APR2417-T103.99,0.9700,bae189bc-7356-48b9-a5a5-fcefd0f7e170,yes,yes,0,KXBRENTW-26APR2417-T103.99,082a6221-b673-6e3b-0150-cc646d6b2bcd,1777047105,0.0300
sell,bid,1.00,2026-04-24T16:11:39.231936Z,0.010000,4f87961a-2f4b-6e0d-b22f-9754a92d3aa8,True,KXBRENTW-26APR2417-T109.99,0.9700,7f98cb95-49c0-4a88-8e65-d0faac2d3335,yes,yes,0,KXBRENTW-26APR2417-T109.99,4f87961a-2f4b-6e0d-b22f-9754a92d3aa8,1777047099,0.0300
sell,bid,1.00,2026-04-24T16:11:37.757648Z,0.010000,74766188-b02f-7e05-83cd-03a13a222604,True,KXBRENTW-26APR2417-T105.99,0.9700,4145d877-fee5-4f1b-826d-1828e79e4791,yes,yes,0,KXBRENTW-26APR2417-T105.99,74766188-b02f-7e05-83cd-03a13a222604,1777047097,0.0300
sell,bid,1.00,2026-04-24T16:11:36.48204Z,0.010000,8e339cae-8a53-6ba3-8968-bf6ec3c9c53d,True,KXBRENTW-26APR2417-T103.99,0.9700,5b67f61f-bc5e-49df-87ab-e02d7b5f5acc,yes,yes,0,KXBRENTW-26APR2417-T103.99,8e339cae-8a53-6ba3-8968-bf6ec3c9c53d,1777047096,0.0300
sell,bid,1.00,2026-04-24T16:11:29.881567Z,0.010000,118756f0-aeb3-6201-672f-0a8c477ebd94,True,KXBRENTW-26APR2417-T109.99,0.9700,6818fbaf-e9be-498b-bb25-f78c97b9d2fa,yes,yes,0,KXBRENTW-26APR2417-T109.99,118756f0-aeb3-6201-672f-0a8c477ebd94,1777047089,0.0300
sell,bid,1.00,2026-04-24T16:11:28.723267Z,0.010000,cd384fae-cdbd-4f19-1a59-00e42f7565b5,True,KXBRENTW-26APR2417-T105.99,0.9600,87fa7ba8-9d42-41b9-ae7c-49091a42b1f2,yes,yes,0,KXBRENTW-26APR2417-T105.99,cd384fae-cdbd-4f19-1a59-00e42f7565b5,1777047088,0.0400
sell,bid,1.00,2026-04-24T16:11:27.201434Z,0.010000,93e94c16-d48b-5347-cbe4-5f780b731ab5,True,KXBRENTW-26APR2417-T103.99,0.9700,5c114231-abe8-47e6-9708-d828c971ed2e,yes,yes,0,KXBRENTW-26APR2417-T103.99,93e94c16-d48b-5347-cbe4-5f780b731ab5,1777047087,0.0300
sell,bid,1.00,2026-04-24T16:11:20.543114Z,0.010000,93532c61-7f07-477d-73ec-0ad76baa8e50,True,KXBRENTW-26APR2417-T109.99,0.9700,48ade50b-9dd3-40d4-be15-379a5c8cde0b,yes,yes,0,KXBRENTW-26APR2417-T109.99,93532c61-7f07-477d-73ec-0ad76baa8e50,1777047080,0.0300
sell,bid,1.00,2026-04-24T16:11:19.129749Z,0.010000,51009a51-1de9-5509-2f7d-fc7cd08afc3d,True,KXBRENTW-26APR2417-T105.99,0.9600,e0f44ed7-6957-473d-a335-762f25bd5790,yes,yes,0,KXBRENTW-26APR2417-T105.99,51009a51-1de9-5509-2f7d-fc7cd08afc3d,1777047079,0.0400
sell,bid,1.00,2026-04-24T16:11:17.706941Z,0.010000,94968bb7-7a03-6d5b-2f32-9a13a4f5b029,True,KXBRENTW-26APR2417-T103.99,0.9700,5dceb3d9-c04a-4861-ae3d-697222904789,yes,yes,0,KXBRENTW-26APR2417-T103.99,94968bb7-7a03-6d5b-2f32-9a13a4f5b029,1777047077,0.0300
buy,bid,7.66,2026-04-24T00:19:14.487801Z,0.008600,182b7bec-d9d1-77c9-917d-b534b19075e8,False,KXBRENTW-26APR2417-T97.99,0.2100,7654a5a2-5fdc-4e43-9c62-871a9ee22c44,yes,yes,0,KXBRENTW-26APR2417-T97.99,182b7bec-d9d1-77c9-917d-b534b19075e8,1776989954,0.7900
buy,ask,1.00,2026-04-24T00:08:49.133871Z,0.010000,1bad03da-14b5-5ebd-9403-4e14708e1018,True,KXBRENTW-26APR2417-T109.99,0.9100,e6c1c065-b43a-4494-822d-c127e1d529a8,no,no,0,KXBRENTW-26APR2417-T109.99,1bad03da-14b5-5ebd-9403-4e14708e1018,1776989329,0.0900
buy,ask,3.00,2026-04-24T00:08:49.133871Z,0.020000,10e8f23d-5132-5234-8854-9b4ae1f816a5,True,KXBRENTW-26APR2417-T109.99,0.9100,e6c1c065-b43a-4494-822d-c127e1d529a8,no,no,0,KXBRENTW-26APR2417-T109.99,10e8f23d-5132-5234-8854-9b4ae1f816a5,1776989329,0.0900
buy,bid,2.34,2026-04-24T00:07:21.082794Z,0.031400,2dc98434-56bd-7cc1-ef55-024a5e3e4d2d,True,KXBRENTW-26APR2417-T97.99,0.2100,7654a5a2-5fdc-4e43-9c62-871a9ee22c44,yes,yes,0,KXBRENTW-26APR2417-T97.99,2dc98434-56bd-7cc1-ef55-024a5e3e4d2d,1776989241,0.7900
buy,ask,7.00,2026-04-24T00:06:36.304873Z,0.070000,ce198dac-8764-6a9f-29ab-177c6ffe922e,True,KXBRENTW-26APR2417-T105.99,0.8300,12d6d2df-5cab-4bb4-ae13-6fe189c0b665,no,no,0,KXBRENTW-26APR2417-T105.99,ce198dac-8764-6a9f-29ab-177c6ffe922e,1776989196,0.1700
buy,ask,2.00,2026-04-24T00:06:36.304873Z,0.020000,8e6ec27c-b8de-6bcd-2d23-cf9ae8d0fd87,True,KXBRENTW-26APR2417-T105.99,0.8300,12d6d2df-5cab-4bb4-ae13-6fe189c0b665,no,no,0,KXBRENTW-26APR2417-T105.99,8e6ec27c-b8de-6bcd-2d23-cf9ae8d0fd87,1776989196,0.1700
buy,ask,5.00,2026-04-24T00:06:36.304873Z,0.060000,0b5ed386-8d8e-676d-226a-cc3bdc1369cc,True,KXBRENTW-26APR2417-T105.99,0.8200,12d6d2df-5cab-4bb4-ae13-6fe189c0b665,no,no,0,KXBRENTW-26APR2417-T105.99,0b5ed386-8d8e-676d-226a-cc3bdc1369cc,1776989196,0.1800
buy,ask,7.00,2026-04-24T00:06:00.435002Z,0.110000,e02d2e31-bfe8-541a-58f3-f52a4c47eb0d,True,KXBRENTW-26APR2417-T103.99,0.6400,db35d88d-4e08-478c-b3aa-f2a22a8d98e9,no,no,0,KXBRENTW-26APR2417-T103.99,e02d2e31-bfe8-541a-58f3-f52a4c47eb0d,1776989160,0.3600
buy,ask,2.00,2026-04-24T00:06:00.435002Z,0.030000,a26de215-4da3-5e6b-6b2f-464db95f1d77,True,KXBRENTW-26APR2417-T103.99,0.6400,db35d88d-4e08-478c-b3aa-f2a22a8d98e9,no,no,0,KXBRENTW-26APR2417-T103.99,a26de215-4da3-5e6b-6b2f-464db95f1d77,1776989160,0.3600
buy,ask,5.00,2026-04-24T00:06:00.435002Z,0.090000,8509e8c9-1628-54c2-784c-5a6d6be9ae1a,True,KXBRENTW-26APR2417-T103.99,0.6400,db35d88d-4e08-478c-b3aa-f2a22a8d98e9,no,no,0,KXBRENTW-26APR2417-T103.99,8509e8c9-1628-54c2-784c-5a6d6be9ae1a,1776989160,0.3600
buy,ask,5.00,2026-04-24T00:06:00.435002Z,0.080000,1423666a-15e6-53a1-7cb4-16459e35fe40,True,KXBRENTW-26APR2417-T103.99,0.6400,db35d88d-4e08-478c-b3aa-f2a22a8d98e9,no,no,0,KXBRENTW-26APR2417-T103.99,1423666a-15e6-53a1-7cb4-16459e35fe40,1776989160,0.3600
sell,bid,1.00,2026-04-23T20:59:01.265659Z,0.010000,35a4a00b-811a-47ce-920d-478c9f5633d2,True,KXBRENTD-26APR2317-T101.50,0.9700,ff4800a1-4bd1-410a-8eea-296f62f76ac4,yes,yes,0,KXBRENTD-26APR2317-T101.50,35a4a00b-811a-47ce-920d-478c9f5633d2,1776977941,0.0300
sell,bid,1.00,2026-04-23T20:58:53.301546Z,0.010000,e37f6732-aa4a-740e-df8e-b8eb684db91a,True,KXBRENTD-26APR2317-T101.50,0.9700,cafef16f-0105-4dfa-9d8a-d6b69f318876,yes,yes,0,KXBRENTD-26APR2317-T101.50,e37f6732-aa4a-740e-df8e-b8eb684db91a,1776977933,0.0300
sell,bid,1.00,2026-04-23T20:58:13.498943Z,0.010000,9bf7c5f5-ff6e-4ddc-86b6-d5a1c171e792,True,KXBRENTD-26APR2317-T101.50,0.9700,e446b524-ffce-402e-8ca8-7b853f878a62,yes,yes,0,KXBRENTD-26APR2317-T101.50,9bf7c5f5-ff6e-4ddc-86b6-d5a1c171e792,1776977893,0.0300
sell,bid,1.00,2026-04-23T20:58:12.05066Z,0.010000,18bfb9ab-f6d5-7150-a60b-627296ea6839,True,KXBRENTD-26APR2317-T101,0.9500,94ca36c3-094b-4ded-83fb-83585b38f181,yes,yes,0,KXBRENTD-26APR2317-T101,18bfb9ab-f6d5-7150-a60b-627296ea6839,1776977892,0.0500
sell,ask,1.00,2026-04-23T20:43:24.431869Z,0.010000,2b1c7691-8bfe-443d-272b-bc6661494785,True,KXBRENTD-26APR2317-T96,0.0100,9e5b6517-23b9-433b-a197-a00f4c1c29f6,no,no,0,KXBRENTD-26APR2317-T96,2b1c7691-8bfe-443d-272b-bc6661494785,1776977004,0.9900
sell,bid,1.00,2026-04-23T20:21:28.327472Z,0.020000,c8241450-9e35-7588-dc03-29b361f598c9,True,KXBRENTD-26APR2317-T101,0.4300,015e2c08-7291-4c1a-900f-3b5688d3af3e,yes,yes,0,KXBRENTD-26APR2317-T101,c8241450-9e35-7588-dc03-29b361f598c9,1776975688,0.5700
sell,bid,1.00,2026-04-23T20:21:21.464959Z,0.020000,a03f6355-08ce-4ae3-5504-e9de2f01b31c,True,KXBRENTD-26APR2317-T101,0.4100,928e89fc-d460-4009-b6f6-23029308ae68,yes,yes,0,KXBRENTD-26APR2317-T101,a03f6355-08ce-4ae3-5504-e9de2f01b31c,1776975681,0.5900
sell,bid,1.00,2026-04-23T20:21:08.791085Z,0.020000,072cda73-557d-7e8e-afdb-5a1fe45feeca,True,KXBRENTD-26APR2317-T101,0.3900,e982af91-201a-4f38-8ecd-a2f058e0dc2b,yes,yes,0,KXBRENTD-26APR2317-T101,072cda73-557d-7e8e-afdb-5a1fe45feeca,1776975668,0.6100
sell,bid,1.00,2026-04-23T20:21:01.916846Z,0.020000,308fdca4-1924-60f4-cb6c-d4dc852865fc,True,KXBRENTD-26APR2317-T101,0.3900,75782f0c-480c-4b79-9bc9-7db7fba53e96,yes,yes,0,KXBRENTD-26APR2317-T101,308fdca4-1924-60f4-cb6c-d4dc852865fc,1776975661,0.6100
buy,ask,4.00,2026-04-23T20:20:55.828651Z,0.070000,add06c5d-94b6-55c0-5369-270e340b607f,True,KXBRENTD-26APR2317-T101,0.5200,0eadc7c4-ea5b-444a-b5bb-dd9209d3e6a9,no,no,0,KXBRENTD-26APR2317-T101,add06c5d-94b6-55c0-5369-270e340b607f,1776975655,0.4800
buy,ask,4.00,2026-04-23T20:19:42.279728Z,0.070000,c8495b76-2552-6346-37f6-86e87362bc7f,True,KXBRENTD-26APR2317-T101.50,0.6400,6497351d-cbaa-48d8-a03f-d855ab4956ed,no,no,0,KXBRENTD-26APR2317-T101.50,c8495b76-2552-6346-37f6-86e87362bc7f,1776975582,0.3600
sell,bid,1.00,2026-04-23T20:18:58.217156Z,0.020000,154462a7-f508-477c-14d7-07b66c34703a,True,KXBRENTD-26APR2317-T101,0.4700,69545baf-2700-425d-a447-260a6c260bb1,yes,yes,0,KXBRENTD-26APR2317-T101,154462a7-f508-477c-14d7-07b66c34703a,1776975538,0.5300
sell,bid,1.00,2026-04-23T20:18:51.410886Z,0.020000,d2ecd67f-9c80-5981-a08b-5c2056a2fc1d,True,KXBRENTD-26APR2317-T101,0.4800,5e672a76-c5ba-4600-8f2c-6c8c5d88c903,yes,yes,0,KXBRENTD-26APR2317-T101,d2ecd67f-9c80-5981-a08b-5c2056a2fc1d,1776975531,0.5200
sell,bid,1.00,2026-04-23T20:18:44.118053Z,0.020000,9c51fd41-11d7-698f-c8d9-cbf961f92670,True,KXBRENTD-26APR2317-T101,0.4900,ff579169-4879-4a94-91b7-a96bd2b67f60,yes,yes,0,KXBRENTD-26APR2317-T101,9c51fd41-11d7-698f-c8d9-cbf961f92670,1776975524,0.5100
sell,bid,1.00,2026-04-23T20:18:37.412839Z,0.020000,91e4a220-8466-7be1-d22a-356c989cd54d,True,KXBRENTD-26APR2317-T101,0.4800,4fb0b873-6b48-4e1b-9d7c-ddf6dc224886,yes,yes,0,KXBRENTD-26APR2317-T101,91e4a220-8466-7be1-d22a-356c989cd54d,1776975517,0.5200
sell,bid,1.00,2026-04-23T20:18:30.210436Z,0.020000,b01b71a8-9c4b-72ee-22da-7f0e86163c42,True,KXBRENTD-26APR2317-T101,0.4800,0e297eaa-ceed-4c17-af9d-256f8acfe5fd,yes,yes,0,KXBRENTD-26APR2317-T101,b01b71a8-9c4b-72ee-22da-7f0e86163c42,1776975510,0.5200
buy,ask,5.00,2026-04-23T20:18:28.695074Z,0.090000,fa3d85f7-4cac-7a81-9614-ebc6076e9ea3,True,KXBRENTD-26APR2317-T101,0.5800,78500855-6e8d-4ea8-8f1f-3706188a1686,no,no,0,KXBRENTD-26APR2317-T101,fa3d85f7-4cac-7a81-9614-ebc6076e9ea3,1776975508,0.4200
sell,bid,1.00,2026-04-23T20:17:48.636673Z,0.020000,a5334e0f-e087-6fd9-84ce-59409bee5bb3,True,KXBRENTD-26APR2317-T101,0.4500,d086109a-10b5-4961-8255-1a5703c51655,yes,yes,0,KXBRENTD-26APR2317-T101,a5334e0f-e087-6fd9-84ce-59409bee5bb3,1776975468,0.5500
sell,bid,1.00,2026-04-23T20:17:41.751322Z,0.020000,822d47a2-d649-7f55-1462-39b76a311991,True,KXBRENTD-26APR2317-T101,0.4400,8630a748-50df-4db5-a089-83c4d30843a8,yes,yes,0,KXBRENTD-26APR2317-T101,822d47a2-d649-7f55-1462-39b76a311991,1776975461,0.5600
sell,bid,1.00,2026-04-23T20:17:34.936875Z,0.020000,dd53b24b-e9eb-4b07-1873-3e031e46e1d7,True,KXBRENTD-26APR2317-T101,0.4400,b84f1418-990f-41e1-abf2-e3fcd81a27eb,yes,yes,0,KXBRENTD-26APR2317-T101,dd53b24b-e9eb-4b07-1873-3e031e46e1d7,1776975454,0.5600
sell,bid,1.00,2026-04-23T20:17:27.483411Z,0.020000,6be4bf19-a969-49d3-760b-0d144acc02de,True,KXBRENTD-26APR2317-T101,0.4600,f8deab27-6eaa-4045-b69f-c51e902949d6,yes,yes,0,KXBRENTD-26APR2317-T101,6be4bf19-a969-49d3-760b-0d144acc02de,1776975447,0.5400
sell,bid,1.00,2026-04-23T20:17:20.514735Z,0.020000,a0d1737e-0deb-54d1-378f-43030cb027e6,True,KXBRENTD-26APR2317-T101,0.4400,423002dd-76d6-4472-a156-8fc3e057931e,yes,yes,0,KXBRENTD-26APR2317-T101,a0d1737e-0deb-54d1-378f-43030cb027e6,1776975440,0.5600
buy,ask,5.00,2026-04-23T20:17:19.373543Z,0.000000,0bdbe76c-443a-44a7-1869-3319542a0acc,False,KXBRENTD-26APR2317-T101,0.5600,e0438b87-4057-475d-b337-8722044061a4,no,no,0,KXBRENTD-26APR2317-T101,0bdbe76c-443a-44a7-1869-3319542a0acc,1776975439,0.4400
sell,bid,1.00,2026-04-23T20:13:31.853012Z,0.020000,dd49edcd-53cf-64d0-8367-7c7b56002b5a,True,KXBRENTD-26APR2317-T101,0.5500,81567eb4-c387-4ac0-828e-4e1f85cc0d0f,yes,yes,0,KXBRENTD-26APR2317-T101,dd49edcd-53cf-64d0-8367-7c7b56002b5a,1776975211,0.4500
sell,bid,1.00,2026-04-23T20:13:24.971131Z,0.020000,6a3dd8e3-ce7b-6090-c64f-ad56f39e93c6,True,KXBRENTD-26APR2317-T101,0.5500,ec8b73ff-64ea-4bd0-93c4-7a54ecaba328,yes,yes,0,KXBRENTD-26APR2317-T101,6a3dd8e3-ce7b-6090-c64f-ad56f39e93c6,1776975204,0.4500
sell,bid,1.00,2026-04-23T20:13:17.431768Z,0.020000,bf0c2c77-e3a7-545c-752a-5d28814b1c29,True,KXBRENTD-26APR2317-T101,0.5600,5c94f96a-8f30-4671-b538-b512bad4df68,yes,yes,0,KXBRENTD-26APR2317-T101,bf0c2c77-e3a7-545c-752a-5d28814b1c29,1776975197,0.4400
sell,bid,1.00,2026-04-23T20:13:10.691467Z,0.020000,12c480f0-3bb7-52bc-7a19-2e9503cdfeb1,True,KXBRENTD-26APR2317-T101,0.5600,37e6d24b-7934-47c9-b6f4-69fdda7567ce,yes,yes,0,KXBRENTD-26APR2317-T101,12c480f0-3bb7-52bc-7a19-2e9503cdfeb1,1776975190,0.4400
sell,bid,1.00,2026-04-23T20:13:03.88292Z,0.020000,a97ecb28-67d8-57fc-32b8-b750ec896f22,True,KXBRENTD-26APR2317-T101,0.5600,6c37924b-d320-4468-a379-52e5b5645e61,yes,yes,0,KXBRENTD-26APR2317-T101,a97ecb28-67d8-57fc-32b8-b750ec896f22,1776975183,0.4400
sell,bid,1.00,2026-04-23T20:12:57.113142Z,0.020000,2d5d67ec-37fb-5fc0-899d-a1e367f19862,True,KXBRENTD-26APR2317-T101,0.5500,7d535c3c-9a8a-4404-8030-f97989b061c1,yes,yes,0,KXBRENTD-26APR2317-T101,2d5d67ec-37fb-5fc0-899d-a1e367f19862,1776975177,0.4500
sell,bid,1.00,2026-04-23T20:12:50.281391Z,0.020000,f50919eb-fce2-613f-3822-49fd224775e9,True,KXBRENTD-26APR2317-T101,0.5500,4c9f8bcb-cca2-48a5-a9fc-703a8c4f3be1,yes,yes,0,KXBRENTD-26APR2317-T101,f50919eb-fce2-613f-3822-49fd224775e9,1776975170,0.4500
sell,bid,1.00,2026-04-23T20:12:43.50827Z,0.020000,a2366ef3-de4e-7d0b-c5c5-c0e4d511f035,True,KXBRENTD-26APR2317-T101,0.5500,d950560d-c409-4fa8-9685-927cf19a9a96,yes,yes,0,KXBRENTD-26APR2317-T101,a2366ef3-de4e-7d0b-c5c5-c0e4d511f035,1776975163,0.4500
sell,bid,7.00,2026-04-23T20:12:30.741303Z,0.120000,467d723d-8722-634e-4760-a2334d879fb7,True,KXBRENTD-26APR2317-T100.50,0.3600,e3bfae26-159b-497b-b453-8387f04c3b5a,yes,yes,0,KXBRENTD-26APR2317-T100.50,467d723d-8722-634e-4760-a2334d879fb7,1776975150,0.6400
sell,bid,1.00,2026-04-23T20:05:17.232127Z,0.020000,4817dc02-8c58-716b-1597-8c5ca840f8f3,True,KXBRENTD-26APR2317-T100,0.3100,291415b5-48e3-4f8a-aab4-bd1c8eb88805,yes,yes,0,KXBRENTD-26APR2317-T100,4817dc02-8c58-716b-1597-8c5ca840f8f3,1776974717,0.6900
sell,ask,2.00,2026-04-23T20:04:16.300905Z,0.010000,99aa0873-c166-5084-684b-dae496ad61c8,True,KXBRENTD-26APR2317-T96,0.0100,87cb1fdd-acfe-475a-b959-83a800df1caa,no,no,0,KXBRENTD-26APR2317-T96,99aa0873-c166-5084-684b-dae496ad61c8,1776974656,0.9900
sell,ask,3.00,2026-04-23T20:04:09.21027Z,0.010000,d1a0dc2a-97c6-60f8-479c-ad7b674e3a3c,True,KXBRENTD-26APR2317-T96,0.0100,95c9aacb-f956-4b45-b2ac-5e4ffca7ca57,no,no,0,KXBRENTD-26APR2317-T96,d1a0dc2a-97c6-60f8-479c-ad7b674e3a3c,1776974649,0.9900
buy,ask,3.00,2026-04-23T18:40:30.245217Z,0.040000,337d5992-5e9d-7df7-37b8-023c334f9280,True,KXBRENTD-26APR2317-T101,0.8200,570df79a-917c-4e2d-aaea-d6a61f6abe4b,no,no,0,KXBRENTD-26APR2317-T101,337d5992-5e9d-7df7-37b8-023c334f9280,1776969630,0.1800
buy,ask,2.00,2026-04-23T18:39:46.092156Z,0.030000,83e91120-6562-5429-11d4-b0b906ff999d,True,KXBRENTD-26APR2317-T100.50,0.7500,17161b72-45a6-4760-a030-52cb4492a541,no,no,0,KXBRENTD-26APR2317-T100.50,83e91120-6562-5429-11d4-b0b906ff999d,1776969586,0.2500
buy,ask,2.00,2026-04-23T18:35:20.346025Z,0.030000,8411f85d-fcc8-7301-641e-7ec1dc927721,True,KXBRENTD-26APR2317-T100.50,0.7500,a10ce2e8-6b36-4e1b-bf40-ed2daa3a225a,no,no,0,KXBRENTD-26APR2317-T100.50,8411f85d-fcc8-7301-641e-7ec1dc927721,1776969320,0.2500
buy,ask,1.00,2026-04-23T18:35:02.239395Z,0.010000,80493504-200f-4c32-d6f6-2ea127268a4b,True,KXBRENTD-26APR2317-T101,0.8400,e54b79b8-8866-426a-919f-8afe260dbd6f,no,no,0,KXBRENTD-26APR2317-T101,80493504-200f-4c32-d6f6-2ea127268a4b,1776969302,0.1600
buy,ask,1.00,2026-04-23T18:35:02.239395Z,0.010000,048b48b8-4a1d-48cf-ce67-195cb45bcb8d,True,KXBRENTD-26APR2317-T101,0.8400,e54b79b8-8866-426a-919f-8afe260dbd6f,no,no,0,KXBRENTD-26APR2317-T101,048b48b8-4a1d-48cf-ce67-195cb45bcb8d,1776969302,0.1600
buy,ask,1.00,2026-04-23T18:33:26.484982Z,0.010000,49562359-02ef-70ac-e23c-2f8786b947dc,True,KXBRENTD-26APR2317-T101.50,0.8700,a6722ec6-8363-4c44-9698-1437aef07ff5,no,no,0,KXBRENTD-26APR2317-T101.50,49562359-02ef-70ac-e23c-2f8786b947dc,1776969206,0.1300
buy,ask,4.00,2026-04-23T18:33:26.484982Z,0.030000,3465e676-3aad-7c2d-e8f7-70f2088c2708,True,KXBRENTD-26APR2317-T101.50,0.8700,a6722ec6-8363-4c44-9698-1437aef07ff5,no,no,0,KXBRENTD-26APR2317-T101.50,3465e676-3aad-7c2d-e8f7-70f2088c2708,1776969206,0.1300
buy,ask,3.00,2026-04-23T18:22:07.133271Z,0.000000,ab3fafc3-95d2-678b-a8f3-056e8e5f300f,False,KXBRENTD-26APR2317-T101,0.8400,eb1bff17-3ff7-4555-994e-e3639867935f,no,no,0,KXBRENTD-26APR2317-T101,ab3fafc3-95d2-678b-a8f3-056e8e5f300f,1776968527,0.1600
buy,ask,1.00,2026-04-23T18:21:22.667432Z,0.010000,8ec29b4e-e794-5603-f965-96085941feea,True,KXBRENTD-26APR2317-T101,0.8400,eb1bff17-3ff7-4555-994e-e3639867935f,no,no,0,KXBRENTD-26APR2317-T101,8ec29b4e-e794-5603-f965-96085941feea,1776968482,0.1600
buy,ask,1.00,2026-04-23T18:21:06.950081Z,0.010000,a8353ab3-6169-779f-8220-584f640ca932,True,KXBRENTD-26APR2317-T100.50,0.8400,50097b82-245d-4dd2-893d-0e764f6d0303,no,no,0,KXBRENTD-26APR2317-T100.50,a8353ab3-6169-779f-8220-584f640ca932,1776968466,0.1600
buy,ask,2.00,2026-04-23T18:21:06.950081Z,0.020000,884608c3-41f6-7bfe-98f4-80b7b65eba48,True,KXBRENTD-26APR2317-T100.50,0.8400,50097b82-245d-4dd2-893d-0e764f6d0303,no,no,0,KXBRENTD-26APR2317-T100.50,884608c3-41f6-7bfe-98f4-80b7b65eba48,1776968466,0.1600
buy,ask,1.00,2026-04-23T18:20:50.344433Z,0.000000,fbbc2e86-d15e-7bf9-f4c9-689707670086,False,KXBRENTD-26APR2317-T100,0.7400,46c3b6ff-c2e7-4f6b-8fd6-abdc7beb599e,no,no,0,KXBRENTD-26APR2317-T100,fbbc2e86-d15e-7bf9-f4c9-689707670086,1776968450,0.2600
buy,ask,1.00,2026-04-23T18:20:50.316075Z,0.020000,ae2221fb-80c2-7048-b3f2-e69014f41e72,True,KXBRENTD-26APR2317-T100,0.7400,46c3b6ff-c2e7-4f6b-8fd6-abdc7beb599e,no,no,0,KXBRENTD-26APR2317-T100,ae2221fb-80c2-7048-b3f2-e69014f41e72,1776968450,0.2600
sell,bid,1.00,2026-04-23T18:19:35.545159Z,0.020000,57ee7986-7409-66e2-84b7-2de4de16c726,True,KXBRENTD-26APR2317-T99,0.3600,7a334b2f-87c4-4a39-80fc-f12253fd5366,yes,yes,0,KXBRENTD-26APR2317-T99,57ee7986-7409-66e2-84b7-2de4de16c726,1776968375,0.6400
sell,bid,0.31,2026-04-23T18:19:08.32267Z,0.012000,ff006109-cc3f-65dd-f84d-a34ba5924909,True,KXBRENTD-26APR2317-T98,0.2000,c1a359ba-7a5a-485d-9d06-356777051180,yes,yes,0,KXBRENTD-26APR2317-T98,ff006109-cc3f-65dd-f84d-a34ba5924909,1776968348,0.8000
sell,bid,1.00,2026-04-23T17:08:34.450772Z,0.020000,0dd25ee7-13eb-45bd-ca54-cc54ebeeabe6,True,KXBRENTD-26APR2317-T98.50,0.2100,fc62ca8a-39f2-435f-966d-26de4c093bed,yes,yes,0,KXBRENTD-26APR2317-T98.50,0dd25ee7-13eb-45bd-ca54-cc54ebeeabe6,1776964114,0.7900
sell,bid,1.00,2026-04-23T16:04:46.731203Z,0.020000,dced0c4d-c969-6245-2d03-1d008c36b131,True,KXBRENTD-26APR2317-T99,0.5200,8a531613-dd8f-4bb5-a9b7-6db3ba8af242,yes,yes,0,KXBRENTD-26APR2317-T99,dced0c4d-c969-6245-2d03-1d008c36b131,1776960286,0.4800
buy,ask,1.00,2026-04-23T15:51:25.772469Z,0.020000,bc294ae2-0382-4d7a-c5b9-a576f9987c48,True,KXBRENTD-26APR2317-T98.50,0.5100,6c640afc-b5be-4353-9d66-fe3312fcc216,no,no,0,KXBRENTD-26APR2317-T98.50,bc294ae2-0382-4d7a-c5b9-a576f9987c48,1776959485,0.4900
buy,ask,2.00,2026-04-23T15:50:41.416553Z,0.040000,b4379c39-76e6-4f77-e2c7-0091b1b04d63,True,KXBRENTD-26APR2317-T99,0.5600,3d0889b3-9acd-43ba-96e5-4bbc3e1f372e,no,no,0,KXBRENTD-26APR2317-T99,b4379c39-76e6-4f77-e2c7-0091b1b04d63,1776959441,0.4400
sell,bid,1.00,2026-04-23T14:51:24.348956Z,0.010000,4d7b1472-4ba8-5c59-e318-7a3acd7d6d7a,True,KXBRENTD-26APR2317-T103,0.9000,0604ac27-c123-47d3-9aa8-44fc96d94538,yes,yes,0,KXBRENTD-26APR2317-T103,4d7b1472-4ba8-5c59-e318-7a3acd7d6d7a,1776955884,0.1000
sell,bid,1.00,2026-04-23T14:51:23.219549Z,0.020000,434598f0-4fc2-7617-f4dd-01e518d6a533,True,KXBRENTD-26APR2317-T100,0.7000,41f2b845-ff56-4e91-9ea2-9b085b48ac87,yes,yes,0,KXBRENTD-26APR2317-T100,434598f0-4fc2-7617-f4dd-01e518d6a533,1776955883,0.3000
sell,bid,1.00,2026-04-23T14:51:21.481397Z,0.020000,5e08485d-4fa4-5cd0-ed8b-f6660c1808d5,True,KXBRENTD-26APR2317-T99,0.6100,1282c575-1ef7-4641-9446-312db1f9494c,yes,yes,0,KXBRENTD-26APR2317-T99,5e08485d-4fa4-5cd0-ed8b-f6660c1808d5,1776955881,0.3900
sell,bid,1.00,2026-04-23T14:51:08.942958Z,0.010000,1824f15c-99b9-46be-7ab6-8cac206aef14,True,KXBRENTD-26APR2317-T103,0.8900,1f56f004-81ef-42e8-ba89-a7952ef8ebaa,yes,yes,0,KXBRENTD-26APR2317-T103,1824f15c-99b9-46be-7ab6-8cac206aef14,1776955868,0.1100
sell,bid,1.00,2026-04-23T14:51:07.565628Z,0.020000,3b73cd5f-aa8c-54de-a436-fb755c6247b5,True,KXBRENTD-26APR2317-T100,0.6800,1370db33-c660-46d2-89c1-1b047d1454ee,yes,yes,0,KXBRENTD-26APR2317-T100,3b73cd5f-aa8c-54de-a436-fb755c6247b5,1776955867,0.3200
sell,bid,2.00,2026-04-23T14:51:06.232588Z,0.040000,d4f6a533-d6d0-4aa2-bd2f-ceaf002ae946,True,KXBRENTD-26APR2317-T99,0.6100,8c2016fa-f749-40b1-82e3-5674b7bd931e,yes,yes,0,KXBRENTD-26APR2317-T99,d4f6a533-d6d0-4aa2-bd2f-ceaf002ae946,1776955866,0.3900
sell,bid,2.00,2026-04-23T14:51:04.372245Z,0.040000,4165aba9-aaf7-6fd0-f6f7-0d40fe2e9d54,True,KXBRENTD-26APR2317-T98,0.4900,1f4abdc2-6685-4884-9142-304fcf09bc25,yes,yes,0,KXBRENTD-26APR2317-T98,4165aba9-aaf7-6fd0-f6f7-0d40fe2e9d54,1776955864,0.5100
sell,ask,2.00,2026-04-23T12:22:53.146585Z,0.040000,0dff73a6-12a2-50c4-94a7-03f8ef4c809f,True,KXBRENTD-26APR2317-T96,0.4300,489b07f2-2966-461d-8656-1cdd41c04c49,no,no,0,KXBRENTD-26APR2317-T96,0dff73a6-12a2-50c4-94a7-03f8ef4c809f,1776946973,0.5700
sell,ask,5.00,2026-04-23T12:15:34.754253Z,0.090000,03f6de3f-dfd1-76f4-118d-49b4bd513101,True,KXBRENTD-26APR2317-T96.50,0.5800,46d40e6e-8c00-4d85-a928-b61d485c9a64,no,no,0,KXBRENTD-26APR2317-T96.50,03f6de3f-dfd1-76f4-118d-49b4bd513101,1776946534,0.4200
buy,ask,3.00,2026-04-23T12:13:14.321859Z,0.050000,385c7aee-73d0-6627-07bb-66b72dff8297,True,KXBRENTD-26APR2317-T99,0.6500,24785ff3-915e-4ae4-a21d-66cc1f03dc34,no,no,0,KXBRENTD-26APR2317-T99,385c7aee-73d0-6627-07bb-66b72dff8297,1776946394,0.3500
buy,ask,1.00,2026-04-23T12:12:26.112987Z,0.020000,844d9794-d8f8-5e10-1bbb-63d07392775c,True,KXBRENTD-26APR2317-T98,0.5500,0a76fdb6-275c-4629-aeaf-4d54213639bc,no,no,0,KXBRENTD-26APR2317-T98,844d9794-d8f8-5e10-1bbb-63d07392775c,1776946346,0.4500
buy,ask,1.00,2026-04-23T12:11:57.530188Z,0.020000,41b81f99-015e-4f26-1b8b-0e6218bac9f2,True,KXBRENTD-26APR2317-T98,0.5400,f0181c8e-dbc8-4048-a4a6-acafac814029,no,no,0,KXBRENTD-26APR2317-T98,41b81f99-015e-4f26-1b8b-0e6218bac9f2,1776946317,0.4600
buy,ask,0.31,2026-04-23T12:10:26.204123Z,0.005700,6cebe921-4779-4cf0-efc7-d64e10f694c0,True,KXBRENTD-26APR2317-T98,0.5300,7d32dd9b-6518-43ad-9017-f1438a041078,no,no,0,KXBRENTD-26APR2317-T98,6cebe921-4779-4cf0-efc7-d64e10f694c0,1776946226,0.4700
sell,ask,2.00,2026-04-23T11:58:26.885595Z,0.040000,c87dfc21-2152-686c-5cec-67879dbca6b7,True,KXBRENTD-26APR2317-T97,0.4500,b191aab6-fd11-4b82-b49f-e056eb4f12ba,no,no,0,KXBRENTD-26APR2317-T97,c87dfc21-2152-686c-5cec-67879dbca6b7,1776945506,0.5500
buy,ask,2.00,2026-04-23T11:49:17.680821Z,0.020000,46e1f947-3ecb-577b-a45a-856b2d4cf794,True,KXBRENTD-26APR2317-T103,0.9000,f6b9249c-f013-466b-8d88-4e38306c0418,no,no,0,KXBRENTD-26APR2317-T103,46e1f947-3ecb-577b-a45a-856b2d4cf794,1776944957,0.1000
buy,ask,2.00,2026-04-23T11:48:29.269643Z,0.030000,90592df9-c57d-472a-6c8b-32cf3e3e3b05,True,KXBRENTD-26APR2317-T100,0.7100,94ed16cb-f882-410a-b735-b7a1cdc4bdae,no,no,0,KXBRENTD-26APR2317-T100,90592df9-c57d-472a-6c8b-32cf3e3e3b05,1776944909,0.2900
sell,ask,3.00,2026-04-23T11:46:57.400895Z,0.060000,8536598c-8575-6d2f-127e-708fe3425cf2,True,KXBRENTD-26APR2317-T97,0.4200,d7fa8b02-6508-4bec-a165-bd7fd44d6824,no,no,0,KXBRENTD-26APR2317-T97,8536598c-8575-6d2f-127e-708fe3425cf2,1776944817,0.5800
buy,bid,5.00,2026-04-23T02:18:57.523633Z,0.090000,66a2455c-7103-7224-8414-e3764a5d41ef,True,KXBRENTD-26APR2317-T96.50,0.3800,a4d7aee6-d361-4fba-80cf-d20081089f25,yes,yes,0,KXBRENTD-26APR2317-T96.50,66a2455c-7103-7224-8414-e3764a5d41ef,1776910737,0.6200
sell,bid,9.00,2026-04-23T02:17:42.771528Z,0.100000,dfd699a6-413d-41b9-246d-e1112b5d4714,True,KXBRENTD-26APR2317-T103.50,0.7900,ff5f4174-6259-4279-aded-b1554dbc929e,yes,yes,0,KXBRENTD-26APR2317-T103.50,dfd699a6-413d-41b9-246d-e1112b5d4714,1776910662,0.2100
sell,bid,3.00,2026-04-23T02:17:42.771528Z,0.040000,6f9e1c25-e87e-423d-1280-f616d77bad1f,True,KXBRENTD-26APR2317-T103.50,0.7900,ff5f4174-6259-4279-aded-b1554dbc929e,yes,yes,0,KXBRENTD-26APR2317-T103.50,6f9e1c25-e87e-423d-1280-f616d77bad1f,1776910662,0.2100
buy,ask,5.00,2026-04-22T22:07:26.0607Z,0.040000,caf0ea36-5e52-6ca0-fb96-2537a2932f75,True,KXBRENTD-26APR2317-T103.50,0.8800,9b0720bf-b45c-4966-94a3-abe489953e18,no,no,0,KXBRENTD-26APR2317-T103.50,caf0ea36-5e52-6ca0-fb96-2537a2932f75,1776895646,0.1200
buy,ask,2.00,2026-04-22T22:01:45.086511Z,0.020000,bf017b49-d716-4e5c-36f3-bf626a1a0a79,True,KXBRENTD-26APR2317-T103.50,0.8800,c67b44e0-560d-41d9-a7fa-cd71fbb7775b,no,no,0,KXBRENTD-26APR2317-T103.50,bf017b49-d716-4e5c-36f3-bf626a1a0a79,1776895305,0.1200
buy,bid,5.00,2026-04-22T22:00:20.257296Z,0.060000,01994f74-3072-58fe-b99c-8e3922b2ce17,True,KXBRENTD-26APR2317-T97,0.2000,713651d5-d17d-4594-8203-aeee03b2e310,yes,yes,0,KXBRENTD-26APR2317-T97,01994f74-3072-58fe-b99c-8e3922b2ce17,1776895220,0.8000
buy,bid,8.00,2026-04-22T21:58:18.095798Z,0.080000,19c3ba36-818a-6658-06d3-06f6cc9e239f,True,KXBRENTD-26APR2317-T96,0.1700,d2c0d3bf-479e-4808-a7b5-634dcc7595e9,yes,yes,0,KXBRENTD-26APR2317-T96,19c3ba36-818a-6658-06d3-06f6cc9e239f,1776895098,0.8300
buy,ask,2.00,2026-04-22T21:57:42.327377Z,0.000000,48d58981-2e7a-7b6d-7621-d9ff9603276d,False,KXBRENTD-26APR2317-T103.50,0.8700,174605a3-3473-439b-988e-8feb9ce322b9,no,no,0,KXBRENTD-26APR2317-T103.50,48d58981-2e7a-7b6d-7621-d9ff9603276d,1776895062,0.1300
buy,ask,3.00,2026-04-22T21:54:29.361946Z,0.000000,38107ad0-a016-6bfd-d4f7-55af90dae309,False,KXBRENTD-26APR2317-T103.50,0.8700,174605a3-3473-439b-988e-8feb9ce322b9,no,no,0,KXBRENTD-26APR2317-T103.50,38107ad0-a016-6bfd-d4f7-55af90dae309,1776894869,0.1300
buy,ask,4.00,2026-04-22T20:31:20.050378Z,0.000000,7c6fbfd7-f9d6-4571-3397-6bd37f6d3757,False,KXGOLDD-26APR2217-T4740,0.6300,db106a34-dd33-42f3-9e8b-e2584504f50b,no,no,0,KXGOLDD-26APR2217-T4740,7c6fbfd7-f9d6-4571-3397-6bd37f6d3757,1776889880,0.3700
buy,ask,1.00,2026-04-22T20:28:44.785934Z,0.010000,7a3ad462-68d5-7260-c5e6-497db506a6c5,True,KXGOLDD-26APR2217-T4770,0.8800,7b0a5970-eeb1-4f1d-9688-8c2d68517ea3,no,no,0,KXGOLDD-26APR2217-T4770,7a3ad462-68d5-7260-c5e6-497db506a6c5,1776889724,0.1200
sell,bid,5.00,2026-04-22T19:36:22.399178Z,0.040000,61d04296-32bc-6ab9-c71e-cd02c310fb43,True,KXBRENTD-26APR2217-T103.00,0.9000,ec80c7ae-0d2f-4950-9e78-397c6a97a544,yes,yes,0,KXBRENTD-26APR2217-T103.00,61d04296-32bc-6ab9-c71e-cd02c310fb43,1776886582,0.1000
sell,bid,3.00,2026-04-22T19:36:15.009673Z,0.030000,ff7fae36-1b71-70f4-15cd-7937cb9e52ec,True,KXBRENTD-26APR2217-T102.50,0.8500,eca53dc6-0bc0-4f75-a6b6-5e449f07dbb3,yes,yes,0,KXBRENTD-26APR2217-T102.50,ff7fae36-1b71-70f4-15cd-7937cb9e52ec,1776886575,0.1500
sell,ask,3.00,2026-04-22T19:36:04.930994Z,0.010000,d7ddd3e0-c656-413a-ffcd-8470c619c5f9,True,KXBRENTD-26APR2217-T99.50,0.0500,9cb72e76-c602-4379-9656-2551592ab01f,no,no,0,KXBRENTD-26APR2217-T99.50,d7ddd3e0-c656-413a-ffcd-8470c619c5f9,1776886564,0.9500
sell,ask,4.00,2026-04-22T19:35:59.466477Z,0.010000,87cefd6e-1741-557d-a6ce-63eff39d8d2d,True,KXBRENTD-26APR2217-T99,0.0400,c0d3e860-f909-451c-8757-6e77dfa9685d,no,no,0,KXBRENTD-26APR2217-T99,87cefd6e-1741-557d-a6ce-63eff39d8d2d,1776886559,0.9600
sell,ask,1.00,2026-04-22T19:35:59.466477Z,0.010000,17952888-a028-50e7-83dd-21b6354e7c1f,True,KXBRENTD-26APR2217-T99,0.0400,c0d3e860-f909-451c-8757-6e77dfa9685d,no,no,0,KXBRENTD-26APR2217-T99,17952888-a028-50e7-83dd-21b6354e7c1f,1776886559,0.9600
sell,ask,1.00,2026-04-22T19:35:52.114671Z,0.010000,99ae4c50-63fe-6d88-d002-2f7681268950,True,KXBRENTD-26APR2217-T98.50,0.0400,2de6b3a1-d277-494e-92b0-bfe4c151efd0,no,no,0,KXBRENTD-26APR2217-T98.50,99ae4c50-63fe-6d88-d002-2f7681268950,1776886552,0.9600
sell,ask,4.00,2026-04-22T19:35:52.114671Z,0.010000,1c7c5e28-62c6-6593-d51c-1fb625de99fc,True,KXBRENTD-26APR2217-T98.50,0.0500,2de6b3a1-d277-494e-92b0-bfe4c151efd0,no,no,0,KXBRENTD-26APR2217-T98.50,1c7c5e28-62c6-6593-d51c-1fb625de99fc,1776886552,0.9500
buy,bid,3.29,2026-04-22T15:58:11.906445Z,0.001900,86263200-e605-7265-03a2-7225187967df,False,KXBRENTD-26APR2217-T98.50,0.1100,0ec93693-1774-4923-9a88-b1f57c4d8217,yes,yes,0,KXBRENTD-26APR2217-T98.50,86263200-e605-7265-03a2-7225187967df,1776873491,0.8900
buy,bid,1.71,2026-04-22T15:58:03.115763Z,0.008100,0a4cd115-c4b5-5d1d-9d7a-194e72234c43,False,KXBRENTD-26APR2217-T98.50,0.1100,0ec93693-1774-4923-9a88-b1f57c4d8217,yes,yes,0,KXBRENTD-26APR2217-T98.50,0a4cd115-c4b5-5d1d-9d7a-194e72234c43,1776873483,0.8900
buy,ask,2.00,2026-04-22T15:28:16.570583Z,0.030000,5599a857-bba5-5f9c-1c55-185535aa46fa,True,KXBRENTD-26APR2217-T102.50,0.7400,2900511e-6943-4687-af16-0fc26d437221,no,no,0,KXBRENTD-26APR2217-T102.50,5599a857-bba5-5f9c-1c55-185535aa46fa,1776871696,0.2600
buy,ask,5.00,2026-04-22T15:26:45.780288Z,0.060000,81bdbd83-b53b-4d35-c231-36836ccb5ad5,True,KXBRENTD-26APR2217-T103.00,0.8100,8228dcab-6dab-40d4-90fa-582ff7455341,no,no,0,KXBRENTD-26APR2217-T103.00,81bdbd83-b53b-4d35-c231-36836ccb5ad5,1776871605,0.1900
buy,ask,1.00,2026-04-22T15:26:12.687883Z,0.020000,901110dc-282c-5c42-0875-ad4ff3f187b2,True,KXBRENTD-26APR2217-T102.50,0.7300,319fa7d1-acc8-47ff-a8c9-2ab9483be985,no,no,0,KXBRENTD-26APR2217-T102.50,901110dc-282c-5c42-0875-ad4ff3f187b2,1776871572,0.2700
buy,bid,3.00,2026-04-22T15:25:19.140971Z,0.040000,128724c5-e1d9-7e05-0a70-e44da5ebde3f,True,KXBRENTD-26APR2217-T99.50,0.1800,7629b70b-3d28-4d3d-a887-f70a30959c31,yes,yes,0,KXBRENTD-26APR2217-T99.50,128724c5-e1d9-7e05-0a70-e44da5ebde3f,1776871519,0.8200
buy,bid,5.00,2026-04-22T15:24:37.430301Z,0.050000,000783c0-b056-58f9-192e-c1970aa8e67f,True,KXBRENTD-26APR2217-T99,0.1500,f71bacb4-c2f4-44ae-ac1e-3e0e7f81bc06,yes,yes,0,KXBRENTD-26APR2217-T99,000783c0-b056-58f9-192e-c1970aa8e67f,1776871477,0.8500
sell,bid,5.00,2026-04-22T10:53:19.10591Z,0.040000,05925729-dda7-4d2c-efff-b753335bc01f,True,KXWTI-26APR22-T93.99,0.8800,b57a6407-ed0f-417a-952e-e7809939c59b,yes,yes,0,KXWTI-26APR22-T93.99,05925729-dda7-4d2c-efff-b753335bc01f,1776855199,0.1200
sell,bid,5.00,2026-04-22T10:53:18.03762Z,0.060000,899c277e-0738-74f0-4b42-c51966514d34,True,KXWTI-26APR22-T92.99,0.8000,c58e38d9-94d2-4fe5-b378-4e141f962e59,yes,yes,0,KXWTI-26APR22-T92.99,899c277e-0738-74f0-4b42-c51966514d34,1776855198,0.2000
sell,ask,5.00,2026-04-22T10:53:16.796868Z,0.060000,ea0d2111-7938-6990-c8c3-7d72a0e68664,True,KXWTI-26APR22-T87.99,0.2000,0b643880-98eb-4b4f-9445-6a70c08f7b33,no,no,0,KXWTI-26APR22-T87.99,ea0d2111-7938-6990-c8c3-7d72a0e68664,1776855196,0.8000
sell,ask,5.00,2026-04-22T10:47:28.732715Z,0.030000,2e2e62ba-b400-5c92-5c6b-8255d6ea4675,True,KXWTI-26APR22-T86.99,0.0900,d25e42e8-0642-44de-bc57-7caf9c25f68c,no,no,0,KXWTI-26APR22-T86.99,2e2e62ba-b400-5c92-5c6b-8255d6ea4675,1776854848,0.9100
sell,ask,5.00,2026-04-22T10:47:27.526836Z,0.030000,80d22f72-bd0e-6a19-b7ac-492556d3c871,True,KXWTI-26APR22-T85.99,0.0700,0b9eaee4-582c-4b70-87d2-fec59e1c315b,no,no,0,KXWTI-26APR22-T85.99,80d22f72-bd0e-6a19-b7ac-492556d3c871,1776854847,0.9300
buy,bid,5.00,2026-04-22T04:13:38.265546Z,0.050000,6b374367-181c-7d2d-b2f3-ea34624b066c,True,KXWTI-26APR22-T85.99,0.1500,841393d1-324e-4c52-8c56-ea5d6b99fe4c,yes,yes,0,KXWTI-26APR22-T85.99,6b374367-181c-7d2d-b2f3-ea34624b066c,1776831218,0.8500
buy,ask,4.00,2026-04-21T21:30:16.067578Z,0.040000,34fb4e5a-3fea-7968-5ba9-847ea2b996f9,True,KXWTI-26APR22-T93.99,0.8300,8af1a9f4-b370-4e42-b4c4-9126de441c5e,no,no,0,KXWTI-26APR22-T93.99,34fb4e5a-3fea-7968-5ba9-847ea2b996f9,1776807016,0.1700
buy,ask,1.00,2026-04-21T21:29:30.977096Z,0.020000,4e20aa66-d96f-54a2-4588-26d30257f53e,True,KXWTI-26APR22-T93.99,0.8200,72356330-556c-44da-b11b-e58933665abe,no,no,0,KXWTI-26APR22-T93.99,4e20aa66-d96f-54a2-4588-26d30257f53e,1776806970,0.1800
buy,ask,5.00,2026-04-21T21:29:13.159963Z,0.070000,983b96a8-b5e5-41e8-0fc8-8da3d826065b,True,KXWTI-26APR22-T92.99,0.7400,37805358-2268-416d-a2cf-f296b36f2aa8,no,no,0,KXWTI-26APR22-T92.99,983b96a8-b5e5-41e8-0fc8-8da3d826065b,1776806953,0.2600
buy,bid,5.00,2026-04-21T21:28:29.573304Z,0.070000,8e37f859-c891-59de-e2c8-e57d9b288cbc,True,KXWTI-26APR22-T87.99,0.2400,cc7e21c1-57b4-45b8-91f7-9703315b91d5,yes,yes,0,KXWTI-26APR22-T87.99,8e37f859-c891-59de-e2c8-e57d9b288cbc,1776806909,0.7600
buy,bid,5.00,2026-04-21T21:28:10.222426Z,0.060000,02f56e3f-aa16-5180-78e0-1140ba793145,True,KXWTI-26APR22-T86.99,0.1900,68b1f7d2-5cfe-46ff-b30d-fb54bced101d,yes,yes,0,KXWTI-26APR22-T86.99,02f56e3f-aa16-5180-78e0-1140ba793145,1776806890,0.8100
sell,bid,5.00,2026-04-21T13:33:04.773172Z,0.030000,3b244dba-6ad9-6968-c3e7-ae7645cd0479,True,KXWTI-26APR21-T89.99,0.9200,5501b7c9-81d0-48ce-9c7f-2731aca56aa3,yes,yes,0,KXWTI-26APR21-T89.99,3b244dba-6ad9-6968-c3e7-ae7645cd0479,1776778384,0.0800
sell,bid,5.00,2026-04-21T13:32:46.864843Z,0.050000,169ffc72-7396-6b19-1f7d-de14c12fd763,True,KXWTI-26APR21-T88.99,0.8500,5a4a1661-3945-480a-a62a-6b7b6f8bab4d,yes,yes,0,KXWTI-26APR21-T88.99,169ffc72-7396-6b19-1f7d-de14c12fd763,1776778366,0.1500
sell,ask,5.00,2026-04-21T13:32:26.880835Z,0.040000,16df5ed6-a78e-7da5-8723-31a17f52125c,True,KXWTI-26APR21-T84.99,0.1200,ac5b7ebe-bd11-4ede-84a3-d8dbdf9c3b87,no,no,0,KXWTI-26APR21-T84.99,16df5ed6-a78e-7da5-8723-31a17f52125c,1776778346,0.8800
sell,ask,5.00,2026-04-21T13:31:57.935175Z,0.030000,23431435-bd81-57d1-b801-7f481c61e020,True,KXWTI-26APR21-T83.99,0.0700,29363018-cc3c-46a4-87bf-c2505ed58a1c,no,no,0,KXWTI-26APR21-T83.99,23431435-bd81-57d1-b801-7f481c61e020,1776778317,0.9300
buy,ask,5.00,2026-04-20T21:18:54.218749Z,0.070000,bbd73caa-6e46-5b75-697d-72e6b515bd5e,True,KXWTI-26APR21-T89.99,0.7800,eb1847ab-e742-4781-b6e8-6f25b972a164,no,no,0,KXWTI-26APR21-T89.99,bbd73caa-6e46-5b75-697d-72e6b515bd5e,1776719934,0.2200
buy,ask,5.00,2026-04-20T21:17:40.209525Z,0.070000,35d56a02-000f-51de-d38b-140d133f5c06,True,KXWTI-26APR21-T88.99,0.7300,e30e66f7-5d34-45ea-9abf-16b16cb7976e,no,no,0,KXWTI-26APR21-T88.99,35d56a02-000f-51de-d38b-140d133f5c06,1776719860,0.2700
buy,bid,5.00,2026-04-20T21:16:33.091202Z,0.080000,8c07f71b-7d63-4a11-b103-02c2e219b091,True,KXWTI-26APR21-T84.99,0.3200,5a15c8a1-03da-4173-8802-e8f570843af4,yes,yes,0,KXWTI-26APR21-T84.99,8c07f71b-7d63-4a11-b103-02c2e219b091,1776719793,0.6800
buy,bid,5.00,2026-04-20T21:15:43.836908Z,0.060000,d40c12ce-f72e-58a8-85ea-a4461d5cf9db,True,KXWTI-26APR21-T83.99,0.1800,34edc84b-89d6-47bd-8d54-6c8f5de706a6,yes,yes,0,KXWTI-26APR21-T83.99,d40c12ce-f72e-58a8-85ea-a4461d5cf9db,1776719743,0.8200
buy,bid,4.00,2026-04-20T15:32:52.911737Z,0.060000,d0df95d6-3b67-6cb5-fbcd-d7c3972d6587,True,KXWTI-26APR20-T85.99,0.2500,2f0edd23-3a69-4bfc-952d-f786c3a3f7d7,yes,yes,0,KXWTI-26APR20-T85.99,d0df95d6-3b67-6cb5-fbcd-d7c3972d6587,1776699172,0.7500
buy,ask,2.00,2026-04-20T09:45:29.830529Z,0.030000,ff728763-83c6-6efe-ff23-ca89e30d8936,True,KXWTI-26APR20-T89.99,0.6900,9ffcd1d9-aa73-4997-9a17-b5528df0c0f0,no,no,0,KXWTI-26APR20-T89.99,ff728763-83c6-6efe-ff23-ca89e30d8936,1776678329,0.3100
buy,ask,1.00,2026-04-20T09:44:54.3335Z,0.010000,ef4a20ab-792c-5a23-13e7-b3def52ccdf7,True,KXWTI-26APR20-T90.99,0.8200,4afcac4e-d724-4473-a056-e89d6307a1a4,no,no,0,KXWTI-26APR20-T90.99,ef4a20ab-792c-5a23-13e7-b3def52ccdf7,1776678294,0.1800
buy,ask,1.00,2026-04-20T09:44:54.3335Z,0.020000,3af512d2-9c81-5dac-2931-d599965d2973,True,KXWTI-26APR20-T90.99,0.8200,4afcac4e-d724-4473-a056-e89d6307a1a4,no,no,0,KXWTI-26APR20-T90.99,3af512d2-9c81-5dac-2931-d599965d2973,1776678294,0.1800
buy,ask,3.00,2026-04-20T05:19:12.099774Z,0.000000,25268e53-a285-45cd-20db-8f0c7cd2b087,False,KXWTI-26APR20-T91.99,0.8200,69c478d5-e4d4-4127-ba3f-fb7a2b7cd443,no,no,0,KXWTI-26APR20-T91.99,25268e53-a285-45cd-20db-8f0c7cd2b087,1776662352,0.1800
buy,bid,2.00,2026-04-20T04:54:12.189553Z,0.030000,f1645e10-2e17-7bd8-1258-2a14eab12ce8,True,KXWTI-26APR20-T86.99,0.2800,c2d44e7e-e8a3-4f2b-a7c0-6e8eac523b67,yes,yes,0,KXWTI-26APR20-T86.99,f1645e10-2e17-7bd8-1258-2a14eab12ce8,1776660852,0.7200
sell,ask,2.00,2026-04-20T04:53:28.982549Z,0.030000,aec289f8-af7c-41ae-0aeb-386a611a8ffa,True,KXWTI-26APR20-T86.99,0.3100,887314d9-a681-43b2-ad80-bbd5345f4fcb,no,no,0,KXWTI-26APR20-T86.99,aec289f8-af7c-41ae-0aeb-386a611a8ffa,1776660808,0.6900
buy,bid,2.00,2026-04-20T04:53:26.729492Z,0.030000,11ad6ab1-f1b8-7bdd-8aff-54c154af27e2,True,KXWTI-26APR20-T86.99,0.2700,3d558f92-ff7e-4c79-85d0-b64ca42cf1f5,yes,yes,0,KXWTI-26APR20-T86.99,11ad6ab1-f1b8-7bdd-8aff-54c154af27e2,1776660806,0.7300
sell,bid,2.00,2026-04-20T02:51:15.152518Z,0.040000,c76ac899-dc0e-63d4-5036-a508bc95bace,True,KXWTI-26APR20-T89.99,0.6600,97c64fe7-fd4c-4aae-b4d8-b7292d6d24b2,yes,yes,0,KXWTI-26APR20-T89.99,c76ac899-dc0e-63d4-5036-a508bc95bace,1776653475,0.3400
buy,ask,2.00,2026-04-20T02:26:13.514446Z,0.030000,01716f10-5ad2-7541-cdf1-989b0349cd5a,True,KXWTI-26APR20-T89.99,0.7200,f2ea80d3-44d2-4c2d-9157-37220f737071,no,no,0,KXWTI-26APR20-T89.99,01716f10-5ad2-7541-cdf1-989b0349cd5a,1776651973,0.2800
sell,ask,3.00,2026-04-20T02:12:19.525778Z,0.060000,e893ba17-b199-4998-bf62-a4a1fc2cffa3,True,KXWTI-26APR20-T86.99,0.4500,4a9e77f2-ed49-42e3-8b12-cde89b6d9002,no,no,0,KXWTI-26APR20-T86.99,e893ba17-b199-4998-bf62-a4a1fc2cffa3,1776651139,0.5500
sell,ask,2.00,2026-04-20T02:12:19.525778Z,0.030000,7c9071a2-6528-4010-a55e-efb1783b5057,True,KXWTI-26APR20-T86.99,0.4500,4a9e77f2-ed49-42e3-8b12-cde89b6d9002,no,no,0,KXWTI-26APR20-T86.99,7c9071a2-6528-4010-a55e-efb1783b5057,1776651139,0.5500
sell,ask,1.00,2026-04-20T02:12:13.384239Z,0.020000,bea4eddb-645b-765d-0865-081cae4f22b4,True,KXWTI-26APR20-T88.99,0.6400,2a2ac03b-3d45-4ed6-addb-811d9723819d,no,no,0,KXWTI-26APR20-T88.99,bea4eddb-645b-765d-0865-081cae4f22b4,1776651133,0.3600
sell,ask,1.00,2026-04-20T02:12:13.384239Z,0.020000,69985b90-7a29-7b20-0d93-ee6e3bb571c7,True,KXWTI-26APR20-T88.99,0.6400,2a2ac03b-3d45-4ed6-addb-811d9723819d,no,no,0,KXWTI-26APR20-T88.99,69985b90-7a29-7b20-0d93-ee6e3bb571c7,1776651133,0.3600
sell,ask,7.00,2026-04-20T02:12:13.384239Z,0.110000,37b128e3-2884-7993-2c1f-293f9fbbdcdb,True,KXWTI-26APR20-T88.99,0.6500,2a2ac03b-3d45-4ed6-addb-811d9723819d,no,no,0,KXWTI-26APR20-T88.99,37b128e3-2884-7993-2c1f-293f9fbbdcdb,1776651133,0.3500
sell,ask,5.00,2026-04-20T02:12:12.748257Z,0.090000,28bc7350-69fa-55a1-6614-1ff9412da063,True,KXWTI-26APR20-T87.99,0.5400,d9720064-dc62-4651-b647-f6b07a6b6d1c,no,no,0,KXWTI-26APR20-T87.99,28bc7350-69fa-55a1-6614-1ff9412da063,1776651132,0.4600
buy,bid,0.48,2026-04-19T23:03:26.017159Z,0.005600,6805a3b0-6126-5b25-c1e1-e153d08ece32,False,KXWTI-26APR20-T88.99,0.4700,3e1e5b71-e127-41bb-a307-1149efe10b5e,yes,yes,0,KXWTI-26APR20-T88.99,6805a3b0-6126-5b25-c1e1-e153d08ece32,1776639806,0.5300
buy,bid,3.52,2026-04-19T22:46:59.836002Z,0.004400,923ef8cc-54fa-7111-bc7e-ce24591eb316,False,KXWTI-26APR20-T88.99,0.4700,3e1e5b71-e127-41bb-a307-1149efe10b5e,yes,yes,0,KXWTI-26APR20-T88.99,923ef8cc-54fa-7111-bc7e-ce24591eb316,1776638819,0.5300
buy,bid,4.00,2026-04-19T22:45:29.55194Z,0.070000,d2bb8ebd-f9b5-5b9a-a32c-2056282dd64e,True,KXWTI-26APR20-T88.99,0.4300,1a218576-22bf-4549-8a9d-f6c2f9a9bb26,yes,yes,0,KXWTI-26APR20-T88.99,d2bb8ebd-f9b5-5b9a-a32c-2056282dd64e,1776638729,0.5700
buy,bid,1.00,2026-04-19T22:45:03.217106Z,0.020000,7fa92db0-e7c5-4224-275e-be138eb9f66e,True,KXWTI-26APR20-T88.99,0.4700,3e1e5b71-e127-41bb-a307-1149efe10b5e,yes,yes,0,KXWTI-26APR20-T88.99,7fa92db0-e7c5-4224-275e-be138eb9f66e,1776638703,0.5300
buy,bid,5.00,2026-04-19T22:44:36.830332Z,0.090000,9cec360c-1b77-403b-a226-a6746a7ce196,True,KXWTI-26APR20-T87.99,0.3600,609cac09-75a4-42df-8d4e-ed719077f70a,yes,yes,0,KXWTI-26APR20-T87.99,9cec360c-1b77-403b-a226-a6746a7ce196,1776638676,0.6400
buy,bid,5.00,2026-04-19T22:43:50.914323Z,0.080000,4cba86f0-263a-57a1-cd9a-14be477aaf60,True,KXWTI-26APR20-T86.99,0.3000,89c0507b-feb8-448b-92c9-1b77a19fc56f,yes,yes,0,KXWTI-26APR20-T86.99,4cba86f0-263a-57a1-cd9a-14be477aaf60,1776638630,0.7000
buy,bid,5.00,2026-04-19T22:43:24.109279Z,0.070000,4fd242d5-9da8-6495-4c18-29270de968e5,True,KXWTI-26APR20-T85.99,0.2200,474f405c-1fef-4894-bf8b-4fde7df1d4e0,yes,yes,0,KXWTI-26APR20-T85.99,4fd242d5-9da8-6495-4c18-29270de968e5,1776638604,0.7800
buy,bid,5.00,2026-04-19T22:42:40.550515Z,0.050000,6d7dbf4e-3b5d-4ef5-4050-cd1a35e71794,True,KXWTI-26APR20-T84.99,0.1600,e616f9cc-7101-4267-b10d-6d5ee430aab5,yes,yes,0,KXWTI-26APR20-T84.99,6d7dbf4e-3b5d-4ef5-4050-cd1a35e71794,1776638560,0.8400
sell,bid,1.00,2026-04-17T18:04:20.67085Z,0.010000,a08ceafd-e736-6e62-b1fc-377670837929,True,KXBRENTW-26APR1717-T92.99,0.8800,43d1f9c5-85bf-49fc-88da-6baf69034d4a,yes,yes,0,KXBRENTW-26APR1717-T92.99,a08ceafd-e736-6e62-b1fc-377670837929,1776449060,0.1200
sell,bid,1.00,2026-04-17T17:40:13.893006Z,0.010000,d03f5ff7-89e6-751f-6cad-61784113b142,True,KXBRENTW-26APR1717-T94.99,0.9400,eb5db955-2949-4dc6-b1c2-d8f2bf6d3dc2,yes,yes,0,KXBRENTW-26APR1717-T94.99,d03f5ff7-89e6-751f-6cad-61784113b142,1776447613,0.0600
buy,ask,1.00,2026-04-17T13:02:02.157668Z,0.020000,170a8159-988e-6b5c-7568-f6c5098903d9,True,KXBRENTW-26APR1717-T92.99,0.7900,e8f771cf-c5fb-4b4a-b7eb-6223e3ad95cb,no,no,0,KXBRENTW-26APR1717-T92.99,170a8159-988e-6b5c-7568-f6c5098903d9,1776430922,0.2100
buy,ask,1.00,2026-04-17T13:00:23.025538Z,0.020000,fe554486-e8e6-6baf-b8c4-bc97fd865d54,True,KXBRENTW-26APR1717-T94.99,0.7900,c10dc416-2a98-4b41-8301-0da328ff8a53,no,no,0,KXBRENTW-26APR1717-T94.99,fe554486-e8e6-6baf-b8c4-bc97fd865d54,1776430823,0.2100
sell,bid,5.00,2026-04-17T12:38:27.035346Z,0.080000,4da1af51-11af-5b30-ef65-6dbd0b01dccd,True,KXBRENTW-26APR1717-T96.99,0.6500,95bdfb6e-4f5a-44a5-9598-0cf12b86c991,yes,yes,0,KXBRENTW-26APR1717-T96.99,4da1af51-11af-5b30-ef65-6dbd0b01dccd,1776429507,0.3500
sell,ask,5.00,2026-04-17T12:30:27.617011Z,0.090000,483ce382-aa63-5e40-6946-788910fcb752,True,KXBRENTW-26APR1717-T94.99,0.4300,3b43921e-6590-46e6-b1da-22a3ed528e7b,no,no,0,KXBRENTW-26APR1717-T94.99,483ce382-aa63-5e40-6946-788910fcb752,1776429027,0.5700
buy,ask,5.00,2026-04-17T12:19:11.407976Z,0.070000,a056073a-a410-7e6d-84b8-2f3bb1969c29,True,KXBRENTW-26APR1717-T96.99,0.7500,cd7d64ce-5c0a-4eac-8494-ff23149662ce,no,no,0,KXBRENTW-26APR1717-T96.99,a056073a-a410-7e6d-84b8-2f3bb1969c29,1776428351,0.2500
buy,bid,5.00,2026-04-17T12:18:50.78198Z,0.070000,1f0353ad-7b17-7aa0-88b7-b03d4b34a7d8,True,KXBRENTW-26APR1717-T94.99,0.2700,37961201-4f62-4c95-8a5f-77f364355034,yes,yes,0,KXBRENTW-26APR1717-T94.99,1f0353ad-7b17-7aa0-88b7-b03d4b34a7d8,1776428330,0.7300
buy,ask,4.00,2026-04-16T03:38:49.972489Z,0.050000,abf9f863-2ae0-54f9-5aa6-bfd9d862856f,True,KXBRENTD-26APR1617-T97,0.8100,d0a199a9-63bd-46ca-b630-23ac0d5ab5b0,no,no,0,KXBRENTD-26APR1617-T97,abf9f863-2ae0-54f9-5aa6-bfd9d862856f,1776310729,0.1900
buy,ask,7.00,2026-04-16T03:33:47.506576Z,0.070000,f7dfe7ac-b1be-676a-ecd9-5c5f438fa887,True,KXBRENTD-26APR1617-T97.50,0.8500,6fe94bec-964a-4bf4-9876-18c0714bd9ae,no,no,0,KXBRENTD-26APR1617-T97.50,f7dfe7ac-b1be-676a-ecd9-5c5f438fa887,1776310427,0.1500
buy,ask,5.00,2026-04-16T03:33:32.269725Z,0.060000,a766c8a9-400c-5555-c32c-81109cdef91b,True,KXBRENTD-26APR1617-T97,0.8100,5386559b-f906-46a1-9052-ac1e5c75aaad,no,no,0,KXBRENTD-26APR1617-T97,a766c8a9-400c-5555-c32c-81109cdef91b,1776310412,0.1900
sell,bid,5.00,2026-04-15T13:19:58.221204Z,0.030000,d9207394-7200-4051-58a7-6e8581d84231,True,KXWTI-26APR15-T95.99,0.9300,bbd94e2d-65d1-428b-b51f-f0a193b4d233,yes,yes,0,KXWTI-26APR15-T95.99,d9207394-7200-4051-58a7-6e8581d84231,1776259198,0.0700
sell,bid,1.00,2026-04-15T13:19:58.221204Z,0.000000,47f5c460-1d32-429d-6107-6e7eb5b420fe,True,KXWTI-26APR15-T95.99,0.9300,bbd94e2d-65d1-428b-b51f-f0a193b4d233,yes,yes,0,KXWTI-26APR15-T95.99,47f5c460-1d32-429d-6107-6e7eb5b420fe,1776259198,0.0700
sell,bid,5.00,2026-04-15T13:19:53.071227Z,0.020000,57edb884-a226-74c9-7837-2b5837de8ca0,True,KXWTI-26APR15-T94.99,0.9400,cb31cc4c-c0fa-4d9d-bce9-bd11aa30d1e5,yes,yes,0,KXWTI-26APR15-T94.99,57edb884-a226-74c9-7837-2b5837de8ca0,1776259193,0.0600
sell,bid,4.00,2026-04-15T13:19:46.739774Z,0.040000,4fc5e6b0-0370-6109-017b-f87b74a1307b,True,KXWTI-26APR15-T93.99,0.8600,9246ce11-753a-4830-aa73-df2f87c2c2e8,yes,yes,0,KXWTI-26APR15-T93.99,4fc5e6b0-0370-6109-017b-f87b74a1307b,1776259186,0.1400
buy,ask,1.00,2026-04-14T22:28:16.544697Z,0.010000,e5e8ba30-e01e-62e4-5d32-816cd2d21f13,True,KXWTI-26APR15-T95.99,0.9000,1638d70d-0e26-4b60-badc-c34a7103bfc3,no,no,0,KXWTI-26APR15-T95.99,e5e8ba30-e01e-62e4-5d32-816cd2d21f13,1776205696,0.1000
sell,bid,1.00,2026-04-14T22:27:51.675115Z,0.020000,39778df6-64c7-67e7-a603-6bb87a2decb6,True,KXWTI-26APR15-T93.99,0.7100,e018672a-4dc8-4a63-8936-bfeb91ccc015,yes,yes,0,KXWTI-26APR15-T93.99,39778df6-64c7-67e7-a603-6bb87a2decb6,1776205671,0.2900
buy,ask,5.00,2026-04-14T21:56:48.075723Z,0.040000,d20c7df6-c401-5ab3-d7b2-91f37add6eae,True,KXWTI-26APR15-T95.99,0.9000,c5ebdd84-dbf2-46ac-97da-9b72d0ae4fb8,no,no,0,KXWTI-26APR15-T95.99,d20c7df6-c401-5ab3-d7b2-91f37add6eae,1776203808,0.1000
buy,ask,5.00,2026-04-14T21:56:31.171253Z,0.060000,a0fe7a85-d1fc-4326-5381-4377902ffebb,True,KXWTI-26APR15-T94.99,0.8100,d961bccb-ea6c-43b1-b9fd-ad6705464dc1,no,no,0,KXWTI-26APR15-T94.99,a0fe7a85-d1fc-4326-5381-4377902ffebb,1776203791,0.1900
buy,ask,5.00,2026-04-14T21:56:20.777087Z,0.070000,465487b3-09ac-4136-fa5b-13f1e13b1090,True,KXWTI-26APR15-T93.99,0.7300,6b970718-4f6e-4343-999c-37637aaac29e,no,no,0,KXWTI-26APR15-T93.99,465487b3-09ac-4136-fa5b-13f1e13b1090,1776203780,0.2700
sell,ask,6.00,2026-04-14T17:58:44.317016Z,0.040000,a8436835-87e9-5772-718c-fd61c430cbe1,True,KXWTI-26APR14-T90.99,0.1000,4780b395-0b87-477e-b4db-6f89105929f8,no,no,0,KXWTI-26APR14-T90.99,a8436835-87e9-5772-718c-fd61c430cbe1,1776189524,0.9000
sell,bid,4.00,2026-04-14T16:58:41.468033Z,0.070000,54c3fd53-308a-70fa-f294-e80a5d3113a5,True,KXWTI-26APR14-T92.99,0.6200,81f37552-dbce-4f1e-90af-7a2328c4014a,yes,yes,0,KXWTI-26APR14-T92.99,54c3fd53-308a-70fa-f294-e80a5d3113a5,1776185921,0.3800
sell,bid,8.00,2026-04-14T16:48:33.107258Z,0.040000,bf6162e7-9649-5db0-6d0f-3d16330de78d,True,KXWTI-26APR14-T94.99,0.9300,4e622662-9665-457d-b19d-021f0d5a80b1,yes,yes,0,KXWTI-26APR14-T94.99,bf6162e7-9649-5db0-6d0f-3d16330de78d,1776185313,0.0700
sell,bid,1.00,2026-04-14T16:48:33.107258Z,0.010000,51570925-1963-5fad-6280-8026f2995a4a,True,KXWTI-26APR14-T94.99,0.9400,4e622662-9665-457d-b19d-021f0d5a80b1,yes,yes,0,KXWTI-26APR14-T94.99,51570925-1963-5fad-6280-8026f2995a4a,1776185313,0.0600
buy,ask,1.00,2026-04-14T16:43:52.894257Z,0.020000,86bd9f04-f265-7a49-0865-269a6ec436e4,True,KXWTI-26APR14-T92.99,0.7100,8f12d39c-a204-4d08-a189-91ea3978fd7c,no,no,0,KXWTI-26APR14-T92.99,86bd9f04-f265-7a49-0865-269a6ec436e4,1776185032,0.2900
buy,ask,3.00,2026-04-14T16:43:52.894257Z,0.040000,417a74cf-c077-7fe3-234c-4194aa205437,True,KXWTI-26APR14-T92.99,0.7100,8f12d39c-a204-4d08-a189-91ea3978fd7c,no,no,0,KXWTI-26APR14-T92.99,417a74cf-c077-7fe3-234c-4194aa205437,1776185032,0.2900
buy,bid,5.00,2026-04-14T16:43:18.173145Z,0.060000,f4e38e17-18aa-6b42-86a2-181092e6fc45,True,KXWTI-26APR14-T90.99,0.1800,fd7d3587-8d67-493c-8724-74a6253096ad,yes,yes,0,KXWTI-26APR14-T90.99,f4e38e17-18aa-6b42-86a2-181092e6fc45,1776184998,0.8200
buy,bid,1.00,2026-04-14T16:43:18.173145Z,0.010000,e55d5ae8-b2ba-6d33-b474-52ccd615773b,True,KXWTI-26APR14-T90.99,0.1700,fd7d3587-8d67-493c-8724-74a6253096ad,yes,yes,0,KXWTI-26APR14-T90.99,e55d5ae8-b2ba-6d33-b474-52ccd615773b,1776184998,0.8300
sell,bid,6.00,2026-04-14T15:42:52.66235Z,0.010000,9af9bbb7-dcac-6efb-155f-d63f521d2dbc,True,KXWTI-26APR14-T99.99,0.9900,eb0e8214-416c-4bc9-a3d6-48a44dad9230,yes,yes,0,KXWTI-26APR14-T99.99,9af9bbb7-dcac-6efb-155f-d63f521d2dbc,1776181372,0.0100
buy,ask,3.00,2026-04-14T15:28:02.10265Z,0.040000,038c7ef6-da04-6283-9cf5-903c8d9cc98c,True,KXWTI-26APR14-T94.99,0.7600,582a89c4-08bc-4b8b-83ad-3f1a036beed4,no,no,0,KXWTI-26APR14-T94.99,038c7ef6-da04-6283-9cf5-903c8d9cc98c,1776180482,0.2400
buy,ask,6.00,2026-04-14T14:32:34.928683Z,0.090000,134d9857-bfb1-5fa6-373f-88814d86c67f,True,KXWTI-26APR14-T94.99,0.7400,607195c6-d86b-474e-a797-41b149420e9e,no,no,0,KXWTI-26APR14-T94.99,134d9857-bfb1-5fa6-373f-88814d86c67f,1776177154,0.2600
sell,ask,6.00,2026-04-14T14:03:13.772735Z,0.110000,f87c595a-d93a-5415-78cb-e61ff30bd4ee,True,KXWTI-26APR14-T93.99,0.5100,ab075c4c-fd3d-47e4-baab-940a74cef995,no,no,0,KXWTI-26APR14-T93.99,f87c595a-d93a-5415-78cb-e61ff30bd4ee,1776175393,0.4900
buy,bid,6.00,2026-04-14T13:22:34.985742Z,0.070000,fdbd0110-dd57-7fa6-7f40-3cbc04ae428c,True,KXWTI-26APR14-T93.99,0.2100,15eac77b-53b9-4d37-bc91-6e4947d5f2b8,yes,yes,0,KXWTI-26APR14-T93.99,fdbd0110-dd57-7fa6-7f40-3cbc04ae428c,1776172954,0.7900
sell,ask,2.00,2026-04-14T13:22:04.81945Z,0.030000,295387f0-737d-66c2-128e-b9751110461b,True,KXWTI-26APR14-T94.99,0.3800,31e2c840-db78-4a72-adfd-849bd70cf5f3,no,no,0,KXWTI-26APR14-T94.99,295387f0-737d-66c2-128e-b9751110461b,1776172924,0.6200
sell,ask,5.00,2026-04-14T13:22:04.81945Z,0.090000,02aaa075-f932-6faf-2d60-be5320b68338,True,KXWTI-26APR14-T94.99,0.3800,31e2c840-db78-4a72-adfd-849bd70cf5f3,no,no,0,KXWTI-26APR14-T94.99,02aaa075-f932-6faf-2d60-be5320b68338,1776172924,0.6200
buy,ask,1.00,2026-04-14T01:41:27.600108Z,0.020000,f94ccdbb-a518-5930-5fe2-4b06fe65008f,True,KXWTI-26APR14-T99.99,0.7500,8ad40813-2b4b-44ca-be8a-d92beec9d320,no,no,0,KXWTI-26APR14-T99.99,f94ccdbb-a518-5930-5fe2-4b06fe65008f,1776130887,0.2500
buy,ask,2.00,2026-04-14T01:41:27.600108Z,0.020000,f462e85a-0003-5e4e-4412-2553dcb08325,True,KXWTI-26APR14-T99.99,0.7600,8ad40813-2b4b-44ca-be8a-d92beec9d320,no,no,0,KXWTI-26APR14-T99.99,f462e85a-0003-5e4e-4412-2553dcb08325,1776130887,0.2400
buy,ask,1.00,2026-04-14T01:41:27.600108Z,0.020000,daca4091-9673-596d-675f-6df50e2c3123,True,KXWTI-26APR14-T99.99,0.7600,8ad40813-2b4b-44ca-be8a-d92beec9d320,no,no,0,KXWTI-26APR14-T99.99,daca4091-9673-596d-675f-6df50e2c3123,1776130887,0.2400
buy,ask,2.00,2026-04-14T01:41:27.600108Z,0.020000,326995d4-6a53-554e-4b53-295285a7d4b7,True,KXWTI-26APR14-T99.99,0.7600,8ad40813-2b4b-44ca-be8a-d92beec9d320,no,no,0,KXWTI-26APR14-T99.99,326995d4-6a53-554e-4b53-295285a7d4b7,1776130887,0.2400
buy,bid,7.00,2026-04-14T01:40:51.855918Z,0.110000,5108df7b-6e6c-6ea8-d0bf-abeacf20481f,True,KXWTI-26APR14-T94.99,0.3100,6071846a-1d6b-4ae9-9240-f641ec998f7b,yes,yes,0,KXWTI-26APR14-T94.99,5108df7b-6e6c-6ea8-d0bf-abeacf20481f,1776130851,0.6900
buy,bid,42.00,2026-04-13T01:19:27.627222Z,0.360000,999c47e0-1514-749e-90c7-3c44991fd858,True,KXWTI-26APR13-T99.99,0.1400,cabf0077-c498-4dc9-8270-c980f2f60011,yes,yes,0,KXWTI-26APR13-T99.99,999c47e0-1514-749e-90c7-3c44991fd858,1776043167,0.8600
buy,bid,7.00,2026-04-13T01:19:27.627222Z,0.060000,89c143e9-06bb-7b88-ac11-b17bbde4c1fb,True,KXWTI-26APR13-T99.99,0.1400,cabf0077-c498-4dc9-8270-c980f2f60011,yes,yes,0,KXWTI-26APR13-T99.99,89c143e9-06bb-7b88-ac11-b17bbde4c1fb,1776043167,0.8600
buy,bid,1.00,2026-04-13T01:19:27.627222Z,0.010000,7a8d873b-e411-78c2-bb0c-214c9c52bdf1,True,KXWTI-26APR13-T99.99,0.1400,cabf0077-c498-4dc9-8270-c980f2f60011,yes,yes,0,KXWTI-26APR13-T99.99,7a8d873b-e411-78c2-bb0c-214c9c52bdf1,1776043167,0.8600
sell,ask,12.00,2026-04-10T19:46:28.159313Z,0.190000,1ee12561-441d-676e-a9fa-7ade1d1be4b3,True,KXBRENTW-26APR1017-T94.99,0.6800,45446128-f084-4859-8e15-85d2f8556546,no,no,0,KXBRENTW-26APR1017-T94.99,1ee12561-441d-676e-a9fa-7ade1d1be4b3,1775850388,0.3200
sell,bid,6.00,2026-04-10T17:18:27.555029Z,0.100000,298ec87d-614a-60b7-14ca-81de202f4437,True,KXBRENTW-26APR1017-T96.99,0.3600,e053957c-b5d9-4a28-aa4e-e922ca11f293,yes,yes,0,KXBRENTW-26APR1017-T96.99,298ec87d-614a-60b7-14ca-81de202f4437,1775841507,0.6400
buy,ask,5.00,2026-04-10T15:22:10.770504Z,0.090000,78a6b45c-d3db-4d08-57e3-d310d57e6e2d,True,KXBRENTW-26APR1017-T96.99,0.6200,852ea286-3952-41a4-b953-92d950274234,no,no,0,KXBRENTW-26APR1017-T96.99,78a6b45c-d3db-4d08-57e3-d310d57e6e2d,1775834530,0.3800
buy,bid,10.00,2026-04-10T15:20:44.360837Z,0.110000,f7ea30bb-fbf4-41f9-5a02-8a31427d14fd,True,KXBRENTW-26APR1017-T94.99,0.1900,0fc8c9d8-ce50-431c-bf92-e4a85deb9cc0,yes,yes,0,KXBRENTW-26APR1017-T94.99,f7ea30bb-fbf4-41f9-5a02-8a31427d14fd,1775834444,0.8100
buy,bid,2.00,2026-04-10T13:54:18.603569Z,0.020000,7c6b2c24-2584-4df1-8b62-6e37361ad2b5,True,KXBRENTW-26APR1017-T94.99,0.1100,97ff176b-0cf2-4060-8406-38e35272101a,yes,yes,0,KXBRENTW-26APR1017-T94.99,7c6b2c24-2584-4df1-8b62-6e37361ad2b5,1775829258,0.8900
buy,ask,1.00,2026-04-09T23:48:42.734645Z,0.020000,b1f854e7-0386-5227-c653-96fd5a000cd5,True,KXBRENTW-26APR1017-T96.99,0.5100,10848c61-0f4c-447c-942c-5a834d391883,no,no,0,KXBRENTW-26APR1017-T96.99,b1f854e7-0386-5227-c653-96fd5a000cd5,1775778522,0.4900
buy,bid,5.25,2026-04-09T23:06:49.349906Z,0.037500,bbd9e9b7-733e-5b9d-2d34-88a3dcadf761,True,KXWTIW-26APR10-T106.00,0.1100,d816c457-9a0e-4598-af51-681850f7941c,yes,yes,0,KXWTIW-26APR10-T106.00,bbd9e9b7-733e-5b9d-2d34-88a3dcadf761,1775776009,0.8900
buy,bid,5.89,2026-04-09T23:06:49.349906Z,0.047900,2c1b2461-bd9c-53a8-3d4c-92805613d274,True,KXWTIW-26APR10-T106.00,0.1100,d816c457-9a0e-4598-af51-681850f7941c,yes,yes,0,KXWTIW-26APR10-T106.00,2c1b2461-bd9c-53a8-3d4c-92805613d274,1775776009,0.8900
buy,ask,1.00,2026-04-09T23:00:01.101904Z,0.010000,336123fd-7f23-6fc0-61e2-c92c9e17da74,True,KXGOLDW-26APR1017-T4856.99,0.9100,5f1fc70b-c909-4b51-bd5b-6d43d7a9a8ae,no,no,0,KXGOLDW-26APR1017-T4856.99,336123fd-7f23-6fc0-61e2-c92c9e17da74,1775775601,0.0900
buy,ask,9.81,2026-04-09T23:00:01.101904Z,0.054800,08ffdb15-a9a8-6982-60cd-96d22080d542,True,KXGOLDW-26APR1017-T4856.99,0.9200,5f1fc70b-c909-4b51-bd5b-6d43d7a9a8ae,no,no,0,KXGOLDW-26APR1017-T4856.99,08ffdb15-a9a8-6982-60cd-96d22080d542,1775775601,0.0800
buy,ask,21.39,2026-04-09T22:35:29.82533Z,0.107300,0280f8fe-800f-67e0-5a49-dc045ea3fdb6,True,KXBRENTW-26APR1017-T104.99,0.9300,ae2b3e23-71b3-4901-bd7d-25ccb9e6beea,no,no,0,KXBRENTW-26APR1017-T104.99,0280f8fe-800f-67e0-5a49-dc045ea3fdb6,1775774129,0.0700
sell,bid,36.00,2026-04-09T14:18:53.356654Z,0.630000,385c1b76-2141-4479-023c-890e2146c65d,True,KXWTI-26APR09-T101.99,0.5300,075352b0-a081-425a-a812-2352987a8e4c,yes,yes,0,KXWTI-26APR09-T101.99,385c1b76-2141-4479-023c-890e2146c65d,1775744333,0.4700
buy,ask,12.00,2026-04-09T02:11:27.861548Z,0.130000,bf14dc18-53db-67ce-6f61-3434c7f9fa71,True,KXWTI-26APR09-T101.99,0.8200,34b4cd99-4172-486d-b902-1abdfa4ef9c0,no,no,0,KXWTI-26APR09-T101.99,bf14dc18-53db-67ce-6f61-3434c7f9fa71,1775700687,0.1800
buy,ask,24.00,2026-04-09T02:10:46.344844Z,0.250000,300e93ac-983b-7ace-2da8-c633f20bb211,True,KXWTI-26APR09-T101.99,0.8200,17725e74-738a-4f2d-a9b0-663c37326bd8,no,no,0,KXWTI-26APR09-T101.99,300e93ac-983b-7ace-2da8-c633f20bb211,1775700646,0.1800
buy,ask,9.00,2026-04-08T09:37:51.836081Z,0.040000,d9ebcd04-d1f5-4c74-4577-60a577268776,True,KXWTI-26APR08-T101.99,0.9200,4d30eaac-875a-4240-bb32-73f15f96a254,no,no,0,KXWTI-26APR08-T101.99,d9ebcd04-d1f5-4c74-4577-60a577268776,1775641071,0.0800
buy,ask,7.00,2026-04-08T09:37:51.836081Z,0.050000,4c56400c-d7be-4d99-4e01-69bf288b4437,True,KXWTI-26APR08-T101.99,0.9100,4d30eaac-875a-4240-bb32-73f15f96a254,no,no,0,KXWTI-26APR08-T101.99,4c56400c-d7be-4d99-4e01-69bf288b4437,1775641071,0.0900
buy,ask,11.00,2026-04-08T09:37:09.584166Z,0.110000,5e173e51-c17d-4434-c1ae-0b52def67ecd,True,KXWTI-26APR08-T99.99,0.8400,75dc94d9-6780-43b8-96a6-3da86b4c80dc,no,no,0,KXWTI-26APR08-T99.99,5e173e51-c17d-4434-c1ae-0b52def67ecd,1775641029,0.1600
buy,ask,9.00,2026-04-07T02:26:31.15875Z,0.080000,7955d343-2917-78ed-83cb-eb083b7d4ca0,True,KXGOLDD-26APR0717-T4707,0.8700,ff763c5a-5a83-4c30-8988-7e6caf33e77c,no,no,0,KXGOLDD-26APR0717-T4707,7955d343-2917-78ed-83cb-eb083b7d4ca0,1775528791,0.1300
buy,ask,2.00,2026-04-07T01:41:33.941243Z,0.030000,93759a2f-7236-64e2-165c-780d35358df9,True,KXWTI-26APR07-T117.99,0.8100,24c63671-9622-4838-a155-f04d7317644d,no,no,0,KXWTI-26APR07-T117.99,93759a2f-7236-64e2-165c-780d35358df9,1775526093,0.1900
buy,ask,2.00,2026-04-07T01:41:33.941243Z,0.020000,7b62863d-428e-6511-170c-04f5c0aeea80,True,KXWTI-26APR07-T117.99,0.8100,24c63671-9622-4838-a155-f04d7317644d,no,no,0,KXWTI-26APR07-T117.99,7b62863d-428e-6511-170c-04f5c0aeea80,1775526093,0.1900
buy,ask,4.00,2026-04-07T01:41:33.941243Z,0.040000,42d2afa7-201b-6461-1325-1cba52db3fca,True,KXWTI-26APR07-T117.99,0.8100,24c63671-9622-4838-a155-f04d7317644d,no,no,0,KXWTI-26APR07-T117.99,42d2afa7-201b-6461-1325-1cba52db3fca,1775526093,0.1900
buy,ask,4.00,2026-04-07T01:41:33.941243Z,0.040000,3b83755a-ff1c-6c69-06aa-3c7e7b7a8566,True,KXWTI-26APR07-T117.99,0.8100,24c63671-9622-4838-a155-f04d7317644d,no,no,0,KXWTI-26APR07-T117.99,3b83755a-ff1c-6c69-06aa-3c7e7b7a8566,1775526093,0.1900
sell,bid,36.00,2026-04-06T23:38:09.725058Z,0.570000,f59be204-d2aa-58ff-157b-3803fe5afb71,True,KXHORMUZNORM-26MAR17-B260601,0.6600,5d3c4e7d-8028-44b7-a7e8-36dbdb2f689c,yes,yes,0,KXHORMUZNORM-26MAR17-B260601,f59be204-d2aa-58ff-157b-3803fe5afb71,1775518689,0.3400
sell,bid,50.00,2026-04-06T23:38:09.725058Z,0.790000,677f05f9-6a99-53bd-344e-c2e88cfe6701,True,KXHORMUZNORM-26MAR17-B260601,0.6600,5d3c4e7d-8028-44b7-a7e8-36dbdb2f689c,yes,yes,0,KXHORMUZNORM-26MAR17-B260601,677f05f9-6a99-53bd-344e-c2e88cfe6701,1775518689,0.3400
buy,ask,13.00,2026-04-06T23:02:43.361178Z,0.180000,66f77587-22ac-40fc-075d-fea1295339b5,True,KXBRENTD-26APR0717-T112.50,0.7500,795b03ae-c6b4-434f-a128-afe37fe8bac2,no,no,0,KXBRENTD-26APR0717-T112.50,66f77587-22ac-40fc-075d-fea1295339b5,1775516563,0.2500
buy,ask,2.00,2026-04-06T02:17:11.545446Z,0.040000,e188f6c0-032d-5733-383b-6823999a8bfc,True,KXBRENTD-26APR0617-T113,0.6000,4945b1a5-f770-4789-a61d-d55ef2a2a277,no,no,0,KXBRENTD-26APR0617-T113,e188f6c0-032d-5733-383b-6823999a8bfc,1775441831,0.4000
buy,ask,9.00,2026-04-06T02:17:11.545446Z,0.140000,c8cb5435-260e-572d-2265-057c0f6d134d,True,KXBRENTD-26APR0617-T113,0.6400,4945b1a5-f770-4789-a61d-d55ef2a2a277,no,no,0,KXBRENTD-26APR0617-T113,c8cb5435-260e-572d-2265-057c0f6d134d,1775441831,0.3600
buy,ask,4.00,2026-04-06T02:17:11.545446Z,0.070000,c13eb01c-18fd-52a6-315d-19ea2a7b069b,True,KXBRENTD-26APR0617-T113,0.6000,4945b1a5-f770-4789-a61d-d55ef2a2a277,no,no,0,KXBRENTD-26APR0617-T113,c13eb01c-18fd-52a6-315d-19ea2a7b069b,1775441831,0.4000
buy,bid,11.00,2026-04-03T19:48:18.874201Z,0.200000,2c8333f0-ec9b-6da4-3f9c-1d197b40139c,True,KXBRENTD-26APR0518-T112.50,0.5100,b0e8c16c-baa8-499d-a93e-dddfe282a777,yes,yes,0,KXBRENTD-26APR0518-T112.50,2c8333f0-ec9b-6da4-3f9c-1d197b40139c,1775245698,0.4900
buy,ask,18.00,2026-04-03T19:46:53.626279Z,0.250000,7184af2a-1445-708d-f642-af01bd8f35af,True,KXBRENTD-26APR0518-T113.50,0.7400,e0dcb0dd-6c65-4d03-9d02-d6a4f5b01d3c,no,no,0,KXBRENTD-26APR0518-T113.50,7184af2a-1445-708d-f642-af01bd8f35af,1775245613,0.2600
sell,bid,14.00,2026-04-02T17:21:54.854601Z,0.130000,39c6d6c3-3bb3-40c2-b1bf-89e9c1d60f8b,True,KXWTI-26APR02-T112.99,0.8500,6c1579d7-58e4-4091-88d8-5eafd9e94504,yes,yes,0,KXWTI-26APR02-T112.99,39c6d6c3-3bb3-40c2-b1bf-89e9c1d60f8b,1775150514,0.1500
buy,ask,8.00,2026-04-02T16:38:29.915619Z,0.110000,8fde0645-9de3-7fc6-9ded-d609240be6f4,True,KXHORMUZNORM-26MAR17-B260601,0.7300,eb4f3e79-3799-4e31-854f-e77ff068c5a9,no,no,0,KXHORMUZNORM-26MAR17-B260601,8fde0645-9de3-7fc6-9ded-d609240be6f4,1775147909,0.2700
buy,ask,18.00,2026-04-02T16:38:29.915619Z,0.250000,876fa12b-81a9-7aee-859e-c934ecabe600,True,KXHORMUZNORM-26MAR17-B260601,0.7300,eb4f3e79-3799-4e31-854f-e77ff068c5a9,no,no,0,KXHORMUZNORM-26MAR17-B260601,876fa12b-81a9-7aee-859e-c934ecabe600,1775147909,0.2700
buy,ask,17.00,2026-04-02T16:16:23.266836Z,0.240000,96a83e9d-ef96-52b6-0ec8-53ea7116a1ee,True,KXHORMUZNORM-26MAR17-B260601,0.7300,846d3941-a4b0-47c3-a9f6-b8b96ef35d95,no,no,0,KXHORMUZNORM-26MAR17-B260601,96a83e9d-ef96-52b6-0ec8-53ea7116a1ee,1775146583,0.2700
buy,ask,25.00,2026-04-02T16:16:23.266836Z,0.330000,8a5ef3ff-ebc7-5aa6-042b-16ffee2e69e2,True,KXHORMUZNORM-26MAR17-B260601,0.7400,846d3941-a4b0-47c3-a9f6-b8b96ef35d95,no,no,0,KXHORMUZNORM-26MAR17-B260601,8a5ef3ff-ebc7-5aa6-042b-16ffee2e69e2,1775146583,0.2600
buy,ask,18.00,2026-04-02T16:16:23.266836Z,0.250000,48157bf3-e194-5914-267c-cf028854b0c4,True,KXHORMUZNORM-26MAR17-B260601,0.7300,846d3941-a4b0-47c3-a9f6-b8b96ef35d95,no,no,0,KXHORMUZNORM-26MAR17-B260601,48157bf3-e194-5914-267c-cf028854b0c4,1775146583,0.2700
buy,ask,5.00,2026-04-02T16:13:59.546729Z,0.070000,e19619ee-2667-42da-b6ff-613196c54b31,True,KXWTI-26APR02-T112.99,0.7700,8826c2cc-5e92-428c-82db-2e68bdc87c8d,no,no,0,KXWTI-26APR02-T112.99,e19619ee-2667-42da-b6ff-613196c54b31,1775146439,0.2300
buy,ask,1.00,2026-04-02T16:13:59.546729Z,0.020000,9d6eaa49-b9a5-4ce1-ac8b-b2d23e97d897,True,KXWTI-26APR02-T112.99,0.7500,8826c2cc-5e92-428c-82db-2e68bdc87c8d,no,no,0,KXWTI-26APR02-T112.99,9d6eaa49-b9a5-4ce1-ac8b-b2d23e97d897,1775146439,0.2500
buy,ask,13.00,2026-04-02T16:13:59.546729Z,0.160000,814ca8e9-0239-473b-a0d6-5e66a5281386,True,KXWTI-26APR02-T112.99,0.7600,8826c2cc-5e92-428c-82db-2e68bdc87c8d,no,no,0,KXWTI-26APR02-T112.99,814ca8e9-0239-473b-a0d6-5e66a5281386,1775146439,0.2400
buy,ask,76.00,2026-04-01T19:50:02.873155Z,1.320000,106251ac-45e0-6f1e-07c7-fd057c0de2b0,True,KXTRUMPMENTION-26APR01-SUPRL,0.4400,258cdd43-4f7a-4ace-aa16-108d464be693,no,no,0,KXTRUMPMENTION-26APR01-SUPRL,106251ac-45e0-6f1e-07c7-fd057c0de2b0,1775073002,0.5600
buy,bid,37.00,2026-04-01T19:48:07.882016Z,0.650000,0cb56b1c-8ba6-54d5-98f8-e4109746867a,True,KXTRUMPMENTION-26APR01-HEGS,0.4900,7c2ad68f-183f-4651-8cd0-13597149fb21,yes,yes,0,KXTRUMPMENTION-26APR01-HEGS,0cb56b1c-8ba6-54d5-98f8-e4109746867a,1775072887,0.5100
buy,bid,80.00,2026-04-01T19:47:25.383506Z,1.400000,66709716-6fa2-46f6-4ae9-86bec3221812,True,KXTRUMPMENTION-26APR01-CEAS,0.4600,d126b16f-aa79-43ef-be44-68e6a783ca57,yes,yes,0,KXTRUMPMENTION-26APR01-CEAS,66709716-6fa2-46f6-4ae9-86bec3221812,1775072845,0.5400
buy,bid,60.00,2026-03-27T15:59:40.940953Z,0.960000,ed8bc6eb-eda8-4aa0-bc1e-7f2da2ea1cc6,True,KXVOTESAVEAMERICA-26MAR-APR15,0.3600,88863e3a-05f7-406c-802d-d184779da3d5,yes,yes,0,KXVOTESAVEAMERICA-26MAR-APR15,ed8bc6eb-eda8-4aa0-bc1e-7f2da2ea1cc6,1774627180,0.6400
buy,bid,8.00,2026-03-27T15:59:40.940953Z,0.110000,b3b8a242-37eb-4e7b-9f42-0f0d8002f44a,True,KXVOTESAVEAMERICA-26MAR-APR15,0.7400,88863e3a-05f7-406c-802d-d184779da3d5,yes,yes,0,KXVOTESAVEAMERICA-26MAR-APR15,b3b8a242-37eb-4e7b-9f42-0f0d8002f44a,1774627180,0.2600
buy,bid,20.00,2026-03-27T15:59:40.940953Z,0.350000,b17ebd6e-b1eb-458b-a5d3-f3d33ff12820,True,KXVOTESAVEAMERICA-26MAR-APR15,0.5000,88863e3a-05f7-406c-802d-d184779da3d5,yes,yes,0,KXVOTESAVEAMERICA-26MAR-APR15,b17ebd6e-b1eb-458b-a5d3-f3d33ff12820,1774627180,0.5000
buy,bid,12.00,2026-03-27T15:59:40.940953Z,0.160000,aa3840ab-8c47-4e64-9606-faaa11e351ad,True,KXVOTESAVEAMERICA-26MAR-APR15,0.7400,88863e3a-05f7-406c-802d-d184779da3d5,yes,yes,0,KXVOTESAVEAMERICA-26MAR-APR15,aa3840ab-8c47-4e64-9606-faaa11e351ad,1774627180,0.2600
buy,bid,42.00,2026-03-27T15:59:40.940953Z,0.670000,8a3baf44-fb74-4646-bb5b-69b69c209858,True,KXVOTESAVEAMERICA-26MAR-APR15,0.3500,88863e3a-05f7-406c-802d-d184779da3d5,yes,yes,0,KXVOTESAVEAMERICA-26MAR-APR15,8a3baf44-fb74-4646-bb5b-69b69c209858,1774627180,0.6500
buy,bid,9.00,2026-03-27T15:59:40.940953Z,0.110000,77b888ee-09bc-4351-9165-33c3ebf55fb5,True,KXVOTESAVEAMERICA-26MAR-APR15,0.7700,88863e3a-05f7-406c-802d-d184779da3d5,yes,yes,0,KXVOTESAVEAMERICA-26MAR-APR15,77b888ee-09bc-4351-9165-33c3ebf55fb5,1774627180,0.2300
buy,bid,5.00,2026-03-27T15:59:40.940953Z,0.090000,4ed301c2-6cea-4b84-93fa-e7423afc3007,True,KXVOTESAVEAMERICA-26MAR-APR15,0.3800,88863e3a-05f7-406c-802d-d184779da3d5,yes,yes,0,KXVOTESAVEAMERICA-26MAR-APR15,4ed301c2-6cea-4b84-93fa-e7423afc3007,1774627180,0.6200
buy,bid,10.00,2026-03-27T15:59:40.940953Z,0.160000,25093571-4bb7-42be-8914-5037347e7555,True,KXVOTESAVEAMERICA-26MAR-APR15,0.6500,88863e3a-05f7-406c-802d-d184779da3d5,yes,yes,0,KXVOTESAVEAMERICA-26MAR-APR15,25093571-4bb7-42be-8914-5037347e7555,1774627180,0.3500
buy,bid,10.00,2026-03-27T15:59:40.940953Z,0.150000,1237dc26-1e72-4ec9-a518-e84027f08051,True,KXVOTESAVEAMERICA-26MAR-APR15,0.6600,88863e3a-05f7-406c-802d-d184779da3d5,yes,yes,0,KXVOTESAVEAMERICA-26MAR-APR15,1237dc26-1e72-4ec9-a518-e84027f08051,1774627180,0.3400
buy,bid,6.00,2026-03-27T15:59:40.940953Z,0.080000,02c42567-4628-4770-98f3-5874b74d4ad0,True,KXVOTESAVEAMERICA-26MAR-APR15,0.7700,88863e3a-05f7-406c-802d-d184779da3d5,yes,yes,0,KXVOTESAVEAMERICA-26MAR-APR15,02c42567-4628-4770-98f3-5874b74d4ad0,1774627180,0.2300
buy,bid,16.00,2026-03-27T15:59:40.940953Z,0.230000,0038ff70-b62c-4770-aefb-f6da8778aebc,True,KXVOTESAVEAMERICA-26MAR-APR15,0.7200,88863e3a-05f7-406c-802d-d184779da3d5,yes,yes,0,KXVOTESAVEAMERICA-26MAR-APR15,0038ff70-b62c-4770-aefb-f6da8778aebc,1774627180,0.2800
buy,ask,3.00,2026-03-24T22:26:55.987408Z,0.000000,d4cbac7b-4ff4-7871-e14f-924fa8ec9124,False,KXVOTESAVEAMERICA-26MAR-MAR27,0.9300,712d0758-af99-447b-a5a2-6c4906e10078,no,no,0,KXVOTESAVEAMERICA-26MAR-MAR27,d4cbac7b-4ff4-7871-e14f-924fa8ec9124,1774391215,0.0700
buy,ask,32.00,2026-03-24T22:24:49.08105Z,0.150000,9a663dca-0438-5c74-32b1-9acab71d379c,True,KXVOTESAVEAMERICA-26MAR-MAR27,0.9300,712d0758-af99-447b-a5a2-6c4906e10078,no,no,0,KXVOTESAVEAMERICA-26MAR-MAR27,9a663dca-0438-5c74-32b1-9acab71d379c,1774391089,0.0700
